Trial,TrialSeed,ConfigurationID,ParameterFamily,ParameterValue,LambdaMin,LambdaMax,HuberScaleMultiplier,HuberDelta,Alpha,SideThresholdMultiplier,SideThreshold,Mu,EstimatedRank,IRLSMaxIterations,Status,ExecutionPosition,RuntimeSeconds,PreMutationMeanNRE50,RecoveryIntegral50,FinalMeanNRE100,MeanLambda,MinimumLambdaPost50,MeanPriorIRLSIterations,MeanPosteriorIRLSIterations,VisualSigma,SideSigma,ActualObservationRatio,ActualSpatterDensity,SideDelay
1,2001,default,default,NaN,0.7,0.8,3,0.088682672713925,0.999,3,0.676247774888804,0.01,5,3,1,16,1.6789928,0.0218754537123061,19.7836467782574,0.0206403415892087,0.798803039979233,0.7,2.104,2.076,0.0295608909046417,0.159393129128729,0.499996,0.0501448,2
1,2001,lambda_min_0p1,lambda_min,0.1,0.1,0.8,3,0.088682672713925,0.999,3,0.676247774888804,0.01,5,3,1,6,1.6629889,0.0218763621119353,6.6720026079803,0.0206502372007759,0.791621279854638,0.1,2.074,2.044,0.0295608909046417,0.159393129128729,0.499996,0.0501448,2
1,2001,lambda_min_0p4,lambda_min,0.4,0.4,0.8,3,0.088682672713925,0.999,3,0.676247774888804,0.01,5,3,1,12,1.6715238,0.0218755589855575,14.8223978578475,0.0206823213481119,0.795212159916935,0.4,2.09,2.066,0.0295608909046417,0.159393129128729,0.499996,0.0501448,2
1,2001,lambda_max_0p9,lambda_max,0.9,0.7,0.9,3,0.088682672713925,0.999,3,0.676247774888804,0.01,5,3,1,10,1.7456911,0.0278275589707093,38.0627413450958,0.0273596574899632,0.89760607995847,0.7,2.184,2.15,0.0295608909046417,0.159393129128729,0.499996,0.0501448,2
1,2001,lambda_max_0p99,lambda_max,0.99,0.7,0.99,3,0.088682672713925,0.999,3,0.676247774888804,0.01,5,3,1,2,1.9191508,0.0932580283996491,49.8407487600789,0.954811703784847,0.986528815939777,0.7,2.716,2.71,0.0295608909046417,0.159393129128729,0.499996,0.0501448,2
1,2001,huber_1p345,huber,1.345,0.7,0.8,1.345,0.039759398266743,0.999,3,0.676247774888804,0.01,5,3,1,3,1.8808846,0.0196102564727385,24.9956162486844,0.0183364477864299,0.798803039979233,0.7,2.992,2.966,0.0295608909046417,0.159393129128729,0.499996,0.0501448,2
1,2001,huber_6,huber,6,0.7,0.8,6,0.17736534542785,0.999,3,0.676247774888804,0.01,5,3,1,15,1.6830145,0.0308048730571084,17.2318173185889,0.0288130561365954,0.798803039979233,0.7,2.062,2.058,0.0295608909046417,0.159393129128729,0.499996,0.0501448,2
1,2001,alpha_0p9,alpha,0.9,0.7,0.8,3,0.088682672713925,0.9,3,0.676247774888804,0.01,5,3,1,5,1.7119439,0.0218754532442453,19.6703160065584,0.0206510616011021,0.797973114018176,0.7,2.104,2.076,0.0295608909046417,0.159393129128729,0.499996,0.0501448,2
1,2001,alpha_0p99,alpha,0.99,0.7,0.8,3,0.088682672713925,0.99,3,0.676247774888804,0.01,5,3,1,11,1.672068,0.0218754536717942,19.7764264603431,0.0206414669248194,0.798549191201498,0.7,2.104,2.076,0.0295608909046417,0.159393129128729,0.499996,0.0501448,2
1,2001,theta_1,theta,1,0.7,0.8,3,0.088682672713925,0.999,1,0.225415924962934,0.01,5,3,1,8,1.7304627,0.0219585903734357,18.8776486573023,0.0206353042897914,0.792721704819712,0.7,2.102,2.072,0.0295608909046417,0.159393129128729,0.499996,0.0501448,2
1,2001,theta_6,theta,6,0.7,0.8,3,0.088682672713925,0.999,6,1.35249554977761,0.01,5,3,1,9,1.7272387,0.0218754265012373,20.5661751346424,0.0206340868856045,0.799799999999998,0.7,2.108,2.08,0.0295608909046417,0.159393129128729,0.499996,0.0501448,2
1,2001,mu_0p001,mu,0.001,0.7,0.8,3,0.088682672713925,0.999,3,0.676247774888804,0.001,5,3,1,14,1.6845084,0.0228254842824509,19.7284107242395,0.0209763246273647,0.798803039979233,0.7,2.094,2.074,0.0295608909046417,0.159393129128729,0.499996,0.0501448,2
1,2001,mu_0p1,mu,0.1,0.7,0.8,3,0.088682672713925,0.999,3,0.676247774888804,0.1,5,3,1,13,1.6842452,0.0228107756206641,19.4544332022325,0.0214501414844625,0.798803039979233,0.7,2.12,2.082,0.0295608909046417,0.159393129128729,0.499996,0.0501448,2
1,2001,rank_3,rank,3,0.7,0.8,3,0.088682672713925,0.999,3,0.676247774888804,0.01,3,3,1,1,1.401352,0.621051540509867,37.6891678009001,0.62041757638483,0.798803039979233,0.7,2.996,2.994,0.0295608909046417,0.159393129128729,0.499996,0.0501448,2
1,2001,rank_7,rank,7,0.7,0.8,3,0.088682672713925,0.999,3,0.676247774888804,0.01,7,3,1,4,2.0120431,0.025774301677909,15.4980771053926,0.0261652455127674,0.798803039979233,0.7,2.47,2.536,0.0295608909046417,0.159393129128729,0.499996,0.0501448,2
1,2001,irls_1,irls,1,0.7,0.8,3,0.088682672713925,0.999,3,0.676247774888804,0.01,5,1,1,17,1.6408373,0.0218935212802492,19.7857121621224,0.0210271103640316,0.798803039979233,0.7,1,1,0.0295608909046417,0.159393129128729,0.499996,0.0501448,2
1,2001,irls_5,irls,5,0.7,0.8,3,0.088682672713925,0.999,3,0.676247774888804,0.01,5,5,1,7,1.6782942,0.0219748056300985,19.6755230441252,0.0208580766529266,0.798803039979233,0.7,2.218,2.186,0.0295608909046417,0.159393129128729,0.499996,0.0501448,2
2,2002,default,default,NaN,0.7,0.8,3,0.0891451954560796,0.999,3,0.801989070420631,0.01,5,3,1,17,1.6943784,0.0214009477673858,21.4102214834325,0.0196064838437735,0.799798114429015,0.7,2.116,2.082,0.0297150651520265,0.189030636710641,0.500236,0.0498744,2
2,2002,lambda_min_0p1,lambda_min,0.1,0.1,0.8,3,0.0891451954560796,0.999,3,0.801989070420631,0.01,5,3,1,4,1.7006327,0.0214009477673858,13.1028796970198,0.0194961111424395,0.798586801003115,0.1,2.094,2.072,0.0297150651520265,0.189030636710641,0.500236,0.0498744,2
2,2002,lambda_min_0p4,lambda_min,0.4,0.4,0.8,3,0.0891451954560796,0.999,3,0.801989070420631,0.01,5,3,1,8,1.7337326,0.0214009477673858,18.8700863422548,0.0195843326672797,0.799192457716065,0.4,2.11,2.082,0.0297150651520265,0.189030636710641,0.500236,0.0498744,2
2,2002,lambda_max_0p9,lambda_max,0.9,0.7,0.9,3,0.0891451954560796,0.999,3,0.801989070420631,0.01,5,3,1,12,1.7240124,0.0281911108468813,41.189102692394,0.0215579246618566,0.899596228858035,0.7,2.174,2.146,0.0297150651520265,0.189030636710641,0.500236,0.0498744,2
2,2002,lambda_max_0p99,lambda_max,0.99,0.7,0.99,3,0.0891451954560796,0.999,3,0.801989070420631,0.01,5,3,1,9,1.7647843,0.101286569477642,49.7142582400731,0.977926630937429,0.989414531844146,0.7,2.752,2.742,0.0297150651520265,0.189030636710641,0.500236,0.0498744,2
2,2002,huber_1p345,huber,1.345,0.7,0.8,1.345,0.0399667626294757,0.999,3,0.801989070420631,0.01,5,3,1,3,1.767126,0.0196303769876381,25.2987570897389,0.0174335747591729,0.799798114429015,0.7,2.982,2.922,0.0297150651520265,0.189030636710641,0.500236,0.0498744,2
2,2002,huber_6,huber,6,0.7,0.8,6,0.178290390912159,0.999,3,0.801989070420631,0.01,5,3,1,6,1.6697091,0.0295562156310417,18.1189120741043,0.028284025851471,0.799798114429015,0.7,2.066,2.064,0.0297150651520265,0.189030636710641,0.500236,0.0498744,2
2,2002,alpha_0p9,alpha,0.9,0.7,0.8,3,0.0891451954560796,0.9,3,0.801989070420631,0.01,5,3,1,16,1.6529629,0.0214009477673858,21.4072084780931,0.019606516397527,0.799796758438754,0.7,2.116,2.082,0.0297150651520265,0.189030636710641,0.500236,0.0498744,2
2,2002,alpha_0p99,alpha,0.99,0.7,0.8,3,0.0891451954560796,0.99,3,0.801989070420631,0.01,5,3,1,7,1.73399,0.0214009477673858,21.4100228457446,0.019606486013186,0.79979802459877,0.7,2.116,2.082,0.0297150651520265,0.189030636710641,0.500236,0.0498744,2
2,2002,theta_1,theta,1,0.7,0.8,3,0.0891451954560796,0.999,1,0.26732969014021,0.01,5,3,1,13,1.7050244,0.0214510867205521,20.335968094906,0.0196211821769954,0.793813041330233,0.7,2.11,2.082,0.0297150651520265,0.189030636710641,0.500236,0.0498744,2
2,2002,theta_6,theta,6,0.7,0.8,3,0.0891451954560796,0.999,6,1.60397814084126,0.01,5,3,1,2,1.7129964,0.0214009477673858,21.4143804520584,0.0196064469409325,0.799799999999998,0.7,2.116,2.082,0.0297150651520265,0.189030636710641,0.500236,0.0498744,2
2,2002,mu_0p001,mu,0.001,0.7,0.8,3,0.0891451954560796,0.999,3,0.801989070420631,0.001,5,3,1,1,1.7579823,0.0213250081894815,21.4106305376334,0.0196420280630598,0.799798114429015,0.7,2.108,2.078,0.0297150651520265,0.189030636710641,0.500236,0.0498744,2
2,2002,mu_0p1,mu,0.1,0.7,0.8,3,0.0891451954560796,0.999,3,0.801989070420631,0.1,5,3,1,10,1.6870958,0.02121162409073,21.8493198502923,0.0199464922489747,0.799798114429015,0.7,2.11,2.082,0.0297150651520265,0.189030636710641,0.500236,0.0498744,2
2,2002,rank_3,rank,3,0.7,0.8,3,0.0891451954560796,0.999,3,0.801989070420631,0.01,3,3,1,15,1.3062503,0.649427691422663,37.6189248620326,0.632813703636375,0.799798114429015,0.7,2.994,2.99,0.0297150651520265,0.189030636710641,0.500236,0.0498744,2
2,2002,rank_7,rank,7,0.7,0.8,3,0.0891451954560796,0.999,3,0.801989070420631,0.01,7,3,1,14,1.8438334,0.0244142068281757,16.1122162924063,0.0236338402031376,0.799798114429015,0.7,2.19,2.13,0.0297150651520265,0.189030636710641,0.500236,0.0498744,2
2,2002,irls_1,irls,1,0.7,0.8,3,0.0891451954560796,0.999,3,0.801989070420631,0.01,5,1,1,5,1.5900315,0.0212221114677947,20.7010148337328,0.0196960426066829,0.799798114429015,0.7,1,1,0.0297150651520265,0.189030636710641,0.500236,0.0498744,2
2,2002,irls_5,irls,5,0.7,0.8,3,0.0891451954560796,0.999,3,0.801989070420631,0.01,5,5,1,11,1.6992735,0.021485566315081,21.8337478484014,0.0196112386269817,0.799798114429015,0.7,2.24,2.194,0.0297150651520265,0.189030636710641,0.500236,0.0498744,2
3,2003,default,default,NaN,0.7,0.8,3,0.0878357234365621,0.999,3,0.432580893753595,0.01,5,3,1,8,1.7183969,0.022031748336473,20.7178638483832,0.0205580041543745,0.797589058579747,0.7,2.124,2.09,0.029278574478854,0.101960294461635,0.4997424,0.0500592,5
3,2003,lambda_min_0p1,lambda_min,0.1,0.1,0.8,3,0.0878357234365621,0.999,3,0.432580893753595,0.01,5,3,1,15,1.728658,0.0220221201708764,12.5265424550661,0.0206779555397208,0.783123410058235,0.1,2.11,2.07,0.029278574478854,0.101960294461635,0.4997424,0.0500592,5
3,2003,lambda_min_0p4,lambda_min,0.4,0.4,0.8,3,0.0878357234365621,0.999,3,0.432580893753595,0.01,5,3,1,7,1.735689,0.0220271117356872,17.706859811168,0.0206565615703076,0.790356234318991,0.4,2.128,2.082,0.029278574478854,0.101960294461635,0.4997424,0.0500592,5
3,2003,lambda_max_0p9,lambda_max,0.9,0.7,0.9,3,0.0878357234365621,0.999,3,0.432580893753595,0.01,5,3,1,14,1.6936744,0.0293904269300085,39.456695660088,0.0268978536563846,0.895178117159498,0.7,2.212,2.17,0.029278574478854,0.101960294461635,0.4997424,0.0500592,5
3,2003,lambda_max_0p99,lambda_max,0.99,0.7,0.99,3,0.0878357234365621,0.999,3,0.432580893753595,0.01,5,3,1,13,1.7515687,0.100361537051521,49.765965246601,0.945610550740876,0.983008269881268,0.7,2.74,2.732,0.029278574478854,0.101960294461635,0.4997424,0.0500592,5
3,2003,huber_1p345,huber,1.345,0.7,0.8,1.345,0.0393796826740587,0.999,3,0.432580893753595,0.01,5,3,1,17,1.8026571,0.020408732513224,25.6083715902458,0.0184229534687836,0.797589058579747,0.7,2.988,2.96,0.029278574478854,0.101960294461635,0.4997424,0.0500592,5
3,2003,huber_6,huber,6,0.7,0.8,6,0.175671446873124,0.999,3,0.432580893753595,0.01,5,3,1,10,1.6764763,0.0301385605902985,17.1638153072913,0.0289193875844555,0.797589058579747,0.7,2.06,2.06,0.029278574478854,0.101960294461635,0.4997424,0.0500592,5
3,2003,alpha_0p9,alpha,0.9,0.7,0.8,3,0.0878357234365621,0.9,3,0.432580893753595,0.01,5,3,1,11,1.6955828,0.0220378980573845,20.6391968026445,0.0205930384536433,0.79160346385743,0.7,2.122,2.09,0.029278574478854,0.101960294461635,0.4997424,0.0500592,5
3,2003,alpha_0p99,alpha,0.99,0.7,0.8,3,0.0878357234365621,0.99,3,0.432580893753595,0.01,5,3,1,5,1.7110479,0.0220249111875468,20.7125443903582,0.0205569218096351,0.796578303389539,0.7,2.124,2.09,0.029278574478854,0.101960294461635,0.4997424,0.0500592,5
3,2003,theta_1,theta,1,0.7,0.8,3,0.0878357234365621,0.999,1,0.144193631251198,0.01,5,3,1,4,1.7115644,0.0220874184815133,20.1854564154096,0.0206331377439201,0.789886072420055,0.7,2.126,2.088,0.029278574478854,0.101960294461635,0.4997424,0.0500592,5
3,2003,theta_6,theta,6,0.7,0.8,3,0.0878357234365621,0.999,6,0.865161787507189,0.01,5,3,1,12,1.7325186,0.0220340377624869,20.8534160474134,0.020543823925754,0.799571266768377,0.7,2.122,2.09,0.029278574478854,0.101960294461635,0.4997424,0.0500592,5
3,2003,mu_0p001,mu,0.001,0.7,0.8,3,0.0878357234365621,0.999,3,0.432580893753595,0.001,5,3,1,1,1.7602608,0.0219957002163898,20.7164932203593,0.020478456817408,0.797589058579747,0.7,2.122,2.09,0.029278574478854,0.101960294461635,0.4997424,0.0500592,5
3,2003,mu_0p1,mu,0.1,0.7,0.8,3,0.0878357234365621,0.999,3,0.432580893753595,0.1,5,3,1,2,1.7464176,0.0220218940444916,21.3069513153114,0.0205602701125273,0.797589058579747,0.7,2.132,2.086,0.029278574478854,0.101960294461635,0.4997424,0.0500592,5
3,2003,rank_3,rank,3,0.7,0.8,3,0.0878357234365621,0.999,3,0.432580893753595,0.01,3,3,1,3,1.3665908,0.652518872831235,36.9717447318146,0.633138995404311,0.797589058579747,0.7,2.994,2.996,0.029278574478854,0.101960294461635,0.4997424,0.0500592,5
3,2003,rank_7,rank,7,0.7,0.8,3,0.0878357234365621,0.999,3,0.432580893753595,0.01,7,3,1,16,1.8947316,0.0251467721944831,16.5665027251751,0.0237335206954995,0.797589058579747,0.7,2.314,2.284,0.029278574478854,0.101960294461635,0.4997424,0.0500592,5
3,2003,irls_1,irls,1,0.7,0.8,3,0.0878357234365621,0.999,3,0.432580893753595,0.01,5,1,1,9,1.5738958,0.0220884000911494,20.554795263114,0.0206179429106573,0.797589058579747,0.7,1,1,0.029278574478854,0.101960294461635,0.4997424,0.0500592,5
3,2003,irls_5,irls,5,0.7,0.8,3,0.0878357234365621,0.999,3,0.432580893753595,0.01,5,5,1,6,1.7235122,0.0220310209340667,20.7449125246412,0.0205424029451875,0.797589058579747,0.7,2.244,2.2,0.029278574478854,0.101960294461635,0.4997424,0.0500592,5
4,2004,default,default,NaN,0.7,0.8,3,0.0890331568763785,0.999,3,0.664454365107787,0.01,5,3,1,6,1.6634048,0.020829224401682,21.1706648470377,0.021192413882502,0.799086394770767,0.7,2.11,2.086,0.0296777189587928,0.156613395785573,0.5005304,0.050256,3
4,2004,lambda_min_0p1,lambda_min,0.1,0.1,0.8,3,0.0890331568763785,0.999,3,0.664454365107787,0.01,5,3,1,12,1.7215832,0.0220075382561473,14.8366618562905,0.0203277643740114,0.793604763395376,0.1,2.094,2.068,0.0296777189587928,0.156613395785573,0.5005304,0.050256,3
4,2004,lambda_min_0p4,lambda_min,0.4,0.4,0.8,3,0.0890331568763785,0.999,3,0.664454365107787,0.01,5,3,1,5,1.6881388,0.0210817487624735,18.6358923429624,0.0212259843939265,0.796345579083071,0.4,2.104,2.082,0.0296777189587928,0.156613395785573,0.5005304,0.050256,3
4,2004,lambda_max_0p9,lambda_max,0.9,0.7,0.9,3,0.0890331568763785,0.999,3,0.664454365107787,0.01,5,3,1,2,1.7381681,0.0232098052499215,40.5009438239759,0.0290831892247584,0.898172789541538,0.7,2.174,2.156,0.0296777189587928,0.156613395785573,0.5005304,0.050256,3
4,2004,lambda_max_0p99,lambda_max,0.99,0.7,0.99,3,0.0890331568763785,0.999,3,0.664454365107787,0.01,5,3,1,1,1.7715575,0.0683542005625608,49.9551166703366,0.987259261570726,0.987350544835226,0.7,2.642,2.63,0.0296777189587928,0.156613395785573,0.5005304,0.050256,3
4,2004,huber_1p345,huber,1.345,0.7,0.8,1.345,0.0399165319995764,0.999,3,0.664454365107787,0.01,5,3,1,8,1.8040063,0.017852909724011,25.7086341378223,0.0192802653273688,0.799086394770767,0.7,2.978,2.94,0.0296777189587928,0.156613395785573,0.5005304,0.050256,3
4,2004,huber_6,huber,6,0.7,0.8,6,0.178066313752757,0.999,3,0.664454365107787,0.01,5,3,1,9,1.6915525,0.0302942762900698,18.1873648097409,0.02953063040042,0.799086394770767,0.7,2.054,2.054,0.0296777189587928,0.156613395785573,0.5005304,0.050256,3
4,2004,alpha_0p9,alpha,0.9,0.7,0.8,3,0.0890331568763785,0.9,3,0.664454365107787,0.01,5,3,1,3,1.7437934,0.0208389263543927,21.0883564601329,0.021191485714211,0.798290405349523,0.7,2.11,2.086,0.0296777189587928,0.156613395785573,0.5005304,0.050256,3
4,2004,alpha_0p99,alpha,0.99,0.7,0.8,3,0.0890331568763785,0.99,3,0.664454365107787,0.01,5,3,1,4,1.7336018,0.0208389263543927,21.1240106775446,0.0211908665978017,0.79893846957179,0.7,2.11,2.086,0.0296777189587928,0.156613395785573,0.5005304,0.050256,3
4,2004,theta_1,theta,1,0.7,0.8,3,0.0890331568763785,0.999,1,0.221484788369262,0.01,5,3,1,11,1.734685,0.0212338624291614,20.8462268644057,0.0211798851188198,0.790838800801885,0.7,2.112,2.084,0.0296777189587928,0.156613395785573,0.5005304,0.050256,3
4,2004,theta_6,theta,6,0.7,0.8,3,0.0890331568763785,0.999,6,1.32890873021557,0.01,5,3,1,10,1.6874865,0.0207983755519694,21.2341940520297,0.0211952080239987,0.799799999999998,0.7,2.11,2.086,0.0296777189587928,0.156613395785573,0.5005304,0.050256,3
4,2004,mu_0p001,mu,0.001,0.7,0.8,3,0.0890331568763785,0.999,3,0.664454365107787,0.001,5,3,1,7,1.7076615,0.0207506558527206,21.0888553949295,0.0211412963280184,0.799086394770767,0.7,2.11,2.086,0.0296777189587928,0.156613395785573,0.5005304,0.050256,3
4,2004,mu_0p1,mu,0.1,0.7,0.8,3,0.0890331568763785,0.999,3,0.664454365107787,0.1,5,3,1,14,1.7035668,0.0211130893107378,20.6915690252598,0.0214339919957421,0.799086394770767,0.7,2.09,2.076,0.0296777189587928,0.156613395785573,0.5005304,0.050256,3
4,2004,rank_3,rank,3,0.7,0.8,3,0.0890331568763785,0.999,3,0.664454365107787,0.01,3,3,1,15,1.3745885,0.642124709235162,37.0563925992465,0.63810754286334,0.799086394770767,0.7,2.988,2.978,0.0296777189587928,0.156613395785573,0.5005304,0.050256,3
4,2004,rank_7,rank,7,0.7,0.8,3,0.0890331568763785,0.999,3,0.664454365107787,0.01,7,3,1,13,1.8938653,0.0249111631952651,16.6418743340024,0.0247506254782747,0.799086394770767,0.7,2.42,2.488,0.0296777189587928,0.156613395785573,0.5005304,0.050256,3
4,2004,irls_1,irls,1,0.7,0.8,3,0.0890331568763785,0.999,3,0.664454365107787,0.01,5,1,1,16,1.5915687,0.0208352451856302,21.2359407876203,0.0209845380737593,0.799086394770767,0.7,1,1,0.0296777189587928,0.156613395785573,0.5005304,0.050256,3
4,2004,irls_5,irls,5,0.7,0.8,3,0.0890331568763785,0.999,3,0.664454365107787,0.01,5,5,1,17,1.7492582,0.0209265526960172,21.1794673802828,0.0211871049023351,0.799086394770767,0.7,2.232,2.192,0.0296777189587928,0.156613395785573,0.5005304,0.050256,3
5,2005,default,default,NaN,0.7,0.8,3,0.0903400970344523,0.999,3,0.804316868539549,0.01,5,3,1,13,1.6829979,0.0216862781415724,20.750573336653,0.0215668918799133,0.799441318173352,0.7,2.102,2.078,0.0301133656781508,0.189579303989015,0.4995496,0.049812,3
5,2005,lambda_min_0p1,lambda_min,0.1,0.1,0.8,3,0.0903400970344523,0.999,3,0.804316868539549,0.01,5,3,1,17,1.7417282,0.0217017408041118,13.2620821716393,0.0215708535097915,0.796089227213472,0.1,2.084,2.062,0.0301133656781508,0.189579303989015,0.4995496,0.049812,3
5,2005,lambda_min_0p4,lambda_min,0.4,0.4,0.8,3,0.0903400970344523,0.999,3,0.804316868539549,0.01,5,3,1,11,1.7214648,0.0216944209141008,18.3735032938564,0.0215674541801616,0.797765272693412,0.4,2.094,2.07,0.0301133656781508,0.189579303989015,0.4995496,0.049812,3
5,2005,lambda_max_0p9,lambda_max,0.9,0.7,0.9,3,0.0903400970344523,0.999,3,0.804316868539549,0.01,5,3,1,4,1.7192483,0.0274858898177004,40.5478047801028,0.0303389780868947,0.898882636346709,0.7,2.192,2.144,0.0301133656781508,0.189579303989015,0.4995496,0.049812,3
5,2005,lambda_max_0p99,lambda_max,0.99,0.7,0.99,3,0.0903400970344523,0.999,3,0.804316868539549,0.01,5,3,1,3,1.7488338,0.0966733465300288,49.8772396189388,0.98929192974217,0.988379822702723,0.7,2.728,2.718,0.0301133656781508,0.189579303989015,0.4995496,0.049812,3
5,2005,huber_1p345,huber,1.345,0.7,0.8,1.345,0.0405024768371128,0.999,3,0.804316868539549,0.01,5,3,1,8,1.8320301,0.0195567483384795,24.9262945525807,0.0199408479517842,0.799441318173352,0.7,2.986,2.956,0.0301133656781508,0.189579303989015,0.4995496,0.049812,3
5,2005,huber_6,huber,6,0.7,0.8,6,0.180680194068905,0.999,3,0.804316868539549,0.01,5,3,1,15,1.7368464,0.0299750068364304,18.1368084626391,0.0296425247473917,0.799441318173352,0.7,2.058,2.054,0.0301133656781508,0.189579303989015,0.4995496,0.049812,3
5,2005,alpha_0p9,alpha,0.9,0.7,0.8,3,0.0903400970344523,0.9,3,0.804316868539549,0.01,5,3,1,16,1.7371403,0.0217137212100225,20.6867858877849,0.0215561679275003,0.798945076579622,0.7,2.102,2.078,0.0301133656781508,0.189579303989015,0.4995496,0.049812,3
5,2005,alpha_0p99,alpha,0.99,0.7,0.8,3,0.0903400970344523,0.99,3,0.804316868539549,0.01,5,3,1,9,1.7410896,0.0217137212100225,20.7083791656823,0.0215584276415249,0.799011338288398,0.7,2.102,2.078,0.0301133656781508,0.189579303989015,0.4995496,0.049812,3
5,2005,theta_1,theta,1,0.7,0.8,3,0.0903400970344523,0.999,1,0.268105622846516,0.01,5,3,1,14,1.6781623,0.0218459379020936,20.0978681616617,0.0215519720739922,0.794376352505503,0.7,2.102,2.076,0.0301133656781508,0.189579303989015,0.4995496,0.049812,3
5,2005,theta_6,theta,6,0.7,0.8,3,0.0903400970344523,0.999,6,1.6086337370791,0.01,5,3,1,7,1.7524068,0.0216838335904038,20.8651412538455,0.0215675453251639,0.799799999999998,0.7,2.102,2.078,0.0301133656781508,0.189579303989015,0.4995496,0.049812,3
5,2005,mu_0p001,mu,0.001,0.7,0.8,3,0.0903400970344523,0.999,3,0.804316868539549,0.001,5,3,1,12,1.7211928,0.0222249463771854,21.6428754929904,0.0216611213853848,0.799441318173352,0.7,2.106,2.08,0.0301133656781508,0.189579303989015,0.4995496,0.049812,3
5,2005,mu_0p1,mu,0.1,0.7,0.8,3,0.0903400970344523,0.999,3,0.804316868539549,0.1,5,3,1,10,1.7080154,0.0222357332742076,20.7888210078085,0.0214905852624213,0.799441318173352,0.7,2.116,2.088,0.0301133656781508,0.189579303989015,0.4995496,0.049812,3
5,2005,rank_3,rank,3,0.7,0.8,3,0.0903400970344523,0.999,3,0.804316868539549,0.01,3,3,1,1,1.3787062,0.604683465320321,38.8348897890356,0.631766626037184,0.799441318173352,0.7,2.998,2.99,0.0301133656781508,0.189579303989015,0.4995496,0.049812,3
5,2005,rank_7,rank,7,0.7,0.8,3,0.0903400970344523,0.999,3,0.804316868539549,0.01,7,3,1,2,1.9060842,0.0259951370793997,16.958023850928,0.0284074133941411,0.799441318173352,0.7,2.552,2.518,0.0301133656781508,0.189579303989015,0.4995496,0.049812,3
5,2005,irls_1,irls,1,0.7,0.8,3,0.0903400970344523,0.999,3,0.804316868539549,0.01,5,1,1,6,1.603527,0.0218945086492864,21.9319815931472,0.0216970126069177,0.799441318173352,0.7,1,1,0.0301133656781508,0.189579303989015,0.4995496,0.049812,3
5,2005,irls_5,irls,5,0.7,0.8,3,0.0903400970344523,0.999,3,0.804316868539549,0.01,5,5,1,5,1.7018547,0.0216476915839798,20.6503533263009,0.0215274110728149,0.799441318173352,0.7,2.218,2.18,0.0301133656781508,0.189579303989015,0.4995496,0.049812,3
6,2006,default,default,NaN,0.7,0.8,3,0.0903691547340821,0.999,3,0.63526444165394,0.01,5,3,1,3,1.6920594,0.0232091482010194,22.8457981554485,0.0212937819668857,0.798624959606917,0.7,2.16,2.106,0.0301230515780274,0.149733264846729,0.5000904,0.0498416,3
6,2006,lambda_min_0p1,lambda_min,0.1,0.1,0.8,3,0.0903691547340821,0.999,3,0.63526444165394,0.01,5,3,1,14,1.7140473,0.023185703443744,16.681798749163,0.0220021086420381,0.790374717248429,0.1,2.132,2.08,0.0301230515780274,0.149733264846729,0.5000904,0.0498416,3
6,2006,lambda_min_0p4,lambda_min,0.4,0.4,0.8,3,0.0903691547340821,0.999,3,0.63526444165394,0.01,5,3,1,6,1.6923092,0.0231833647273616,20.3069606728821,0.0213833608656818,0.794499838427673,0.4,2.146,2.102,0.0301230515780274,0.149733264846729,0.5000904,0.0498416,3
6,2006,lambda_max_0p9,lambda_max,0.9,0.7,0.9,3,0.0903691547340821,0.999,3,0.63526444165394,0.01,5,3,1,7,1.7359836,0.0310837426861682,44.6120137723408,0.0278835995657239,0.897249919213839,0.7,2.226,2.188,0.0301230515780274,0.149733264846729,0.5000904,0.0498416,3
6,2006,lambda_max_0p99,lambda_max,0.99,0.7,0.99,3,0.0903691547340821,0.999,3,0.63526444165394,0.01,5,3,1,5,1.7526679,0.103633733155202,49.9593084742551,0.977772712974993,0.986012382860062,0.7,2.784,2.774,0.0301230515780274,0.149733264846729,0.5000904,0.0498416,3
6,2006,huber_1p345,huber,1.345,0.7,0.8,1.345,0.0405155043724468,0.999,3,0.63526444165394,0.01,5,3,1,8,1.8135949,0.0213009441973284,28.1377458447116,0.0191454538506766,0.798624959606917,0.7,2.978,2.928,0.0301230515780274,0.149733264846729,0.5000904,0.0498416,3
6,2006,huber_6,huber,6,0.7,0.8,6,0.180738309468164,0.999,3,0.63526444165394,0.01,5,3,1,11,1.7156557,0.032259121831404,20.2755247630037,0.0304297384357757,0.798624959606917,0.7,2.086,2.084,0.0301230515780274,0.149733264846729,0.5000904,0.0498416,3
6,2006,alpha_0p9,alpha,0.9,0.7,0.8,3,0.0903691547340821,0.9,3,0.63526444165394,0.01,5,3,1,13,1.6944054,0.0231735837655239,22.7730300598568,0.0212870167055146,0.796583398742095,0.7,2.158,2.106,0.0301230515780274,0.149733264846729,0.5000904,0.0498416,3
6,2006,alpha_0p99,alpha,0.99,0.7,0.8,3,0.0903691547340821,0.99,3,0.63526444165394,0.01,5,3,1,1,1.7355952,0.023178386589987,22.843861875898,0.0212925883006015,0.797964151054439,0.7,2.16,2.106,0.0301230515780274,0.149733264846729,0.5000904,0.0498416,3
6,2006,theta_1,theta,1,0.7,0.8,3,0.0903691547340821,0.999,1,0.211754813884647,0.01,5,3,1,4,1.7136357,0.0231815719553796,22.4896845434357,0.0212506897407838,0.791288571436651,0.7,2.152,2.104,0.0301230515780274,0.149733264846729,0.5000904,0.0498416,3
6,2006,theta_6,theta,6,0.7,0.8,3,0.0903691547340821,0.999,6,1.27052888330788,0.01,5,3,1,16,1.7100869,0.0232229623590294,22.9598963523539,0.0213081657782704,0.79979621190122,0.7,2.16,2.108,0.0301230515780274,0.149733264846729,0.5000904,0.0498416,3
6,2006,mu_0p001,mu,0.001,0.7,0.8,3,0.0903691547340821,0.999,3,0.63526444165394,0.001,5,3,1,2,1.6928894,0.0230681352056595,21.8801971386634,0.0215359264589616,0.798624959606917,0.7,2.146,2.114,0.0301230515780274,0.149733264846729,0.5000904,0.0498416,3
6,2006,mu_0p1,mu,0.1,0.7,0.8,3,0.0903691547340821,0.999,3,0.63526444165394,0.1,5,3,1,12,1.7163652,0.0232255752401239,23.1017528967758,0.0204973562522667,0.798624959606917,0.7,2.136,2.104,0.0301230515780274,0.149733264846729,0.5000904,0.0498416,3
6,2006,rank_3,rank,3,0.7,0.8,3,0.0903691547340821,0.999,3,0.63526444165394,0.01,3,3,1,9,1.4038822,0.650663515605767,38.3375716698542,0.622088029953608,0.798624959606917,0.7,2.978,2.968,0.0301230515780274,0.149733264846729,0.5000904,0.0498416,3
6,2006,rank_7,rank,7,0.7,0.8,3,0.0903691547340821,0.999,3,0.63526444165394,0.01,7,3,1,15,1.9041783,0.0267567745268751,16.5513318994908,0.0272362689520195,0.798624959606917,0.7,2.546,2.562,0.0301230515780274,0.149733264846729,0.5000904,0.0498416,3
6,2006,irls_1,irls,1,0.7,0.8,3,0.0903691547340821,0.999,3,0.63526444165394,0.01,5,1,1,17,1.5743034,0.0233683495942739,24.7783909302316,0.0218734982626447,0.798624959606917,0.7,1,1,0.0301230515780274,0.149733264846729,0.5000904,0.0498416,3
6,2006,irls_5,irls,5,0.7,0.8,3,0.0903691547340821,0.999,3,0.63526444165394,0.01,5,5,1,10,1.7565162,0.0232328874675585,23.1069489361952,0.021594616159557,0.798624959606917,0.7,2.286,2.224,0.0301230515780274,0.149733264846729,0.5000904,0.0498416,3
7,2007,default,default,NaN,0.7,0.8,3,0.0882291939840584,0.999,3,1.11958450415261,0.01,5,3,1,16,1.7049476,0.0227363718818997,19.9091152417018,0.0211434332762625,0.799799999999998,0.7,2.134,2.096,0.0294097313280195,0.263888598332564,0.5007928,0.0500776,4
7,2007,lambda_min_0p1,lambda_min,0.1,0.1,0.8,3,0.0882291939840584,0.999,3,1.11958450415261,0.01,5,3,1,2,1.684254,0.0227363718818997,12.733326325121,0.0208428261954729,0.798599999999998,0.1,2.124,2.078,0.0294097313280195,0.263888598332564,0.5007928,0.0500776,4
7,2007,lambda_min_0p4,lambda_min,0.4,0.4,0.8,3,0.0882291939840584,0.999,3,1.11958450415261,0.01,5,3,1,7,1.7681059,0.0227363718818997,17.658955444115,0.0212000488565038,0.799199999999998,0.4,2.13,2.09,0.0294097313280195,0.263888598332564,0.5007928,0.0500776,4
7,2007,lambda_max_0p9,lambda_max,0.9,0.7,0.9,3,0.0882291939840584,0.999,3,1.11958450415261,0.01,5,3,1,5,1.7843362,0.0314387246328308,38.6617526825746,0.027084402400297,0.899600000000002,0.7,2.212,2.172,0.0294097313280195,0.263888598332564,0.5007928,0.0500776,4
7,2007,lambda_max_0p99,lambda_max,0.99,0.7,0.99,3,0.0882291939840584,0.999,3,1.11958450415261,0.01,5,3,1,14,1.8045039,0.113004234071334,49.8030698174865,0.984087349756487,0.989419999999998,0.7,2.776,2.77,0.0294097313280195,0.263888598332564,0.5007928,0.0500776,4
7,2007,huber_1p345,huber,1.345,0.7,0.8,1.345,0.0395560886361862,0.999,3,1.11958450415261,0.01,5,3,1,1,1.7912751,0.0201431025393864,24.2056924420574,0.0197618208077814,0.799799999999998,0.7,2.954,2.908,0.0294097313280195,0.263888598332564,0.5007928,0.0500776,4
7,2007,huber_6,huber,6,0.7,0.8,6,0.176458387968117,0.999,3,1.11958450415261,0.01,5,3,1,12,1.759373,0.0305504383144659,16.4800258896876,0.0299544152676877,0.799799999999998,0.7,2.07,2.066,0.0294097313280195,0.263888598332564,0.5007928,0.0500776,4
7,2007,alpha_0p9,alpha,0.9,0.7,0.8,3,0.0882291939840584,0.9,3,1.11958450415261,0.01,5,3,1,6,1.7731824,0.0227363718818997,19.9091152417018,0.0211434332762625,0.799799999999998,0.7,2.134,2.096,0.0294097313280195,0.263888598332564,0.5007928,0.0500776,4
7,2007,alpha_0p99,alpha,0.99,0.7,0.8,3,0.0882291939840584,0.99,3,1.11958450415261,0.01,5,3,1,8,1.7757722,0.0227363718818997,19.9091152417018,0.0211434332762625,0.799799999999998,0.7,2.134,2.096,0.0294097313280195,0.263888598332564,0.5007928,0.0500776,4
7,2007,theta_1,theta,1,0.7,0.8,3,0.0882291939840584,0.999,1,0.373194834717538,0.01,5,3,1,9,1.7369563,0.0227121560068559,19.5233531200725,0.0211537032741683,0.795276618460883,0.7,2.13,2.096,0.0294097313280195,0.263888598332564,0.5007928,0.0500776,4
7,2007,theta_6,theta,6,0.7,0.8,3,0.0882291939840584,0.999,6,2.23916900830523,0.01,5,3,1,17,1.699742,0.0227363718818997,19.9091152417018,0.0211434332762625,0.799799999999998,0.7,2.134,2.096,0.0294097313280195,0.263888598332564,0.5007928,0.0500776,4
7,2007,mu_0p001,mu,0.001,0.7,0.8,3,0.0882291939840584,0.999,3,1.11958450415261,0.001,5,3,1,3,1.7033557,0.022738515089177,20.6177475548508,0.0210289425889624,0.799799999999998,0.7,2.128,2.094,0.0294097313280195,0.263888598332564,0.5007928,0.0500776,4
7,2007,mu_0p1,mu,0.1,0.7,0.8,3,0.0882291939840584,0.999,3,1.11958450415261,0.1,5,3,1,10,1.7086808,0.0229310105989026,19.845941189733,0.0222848375394824,0.799799999999998,0.7,2.142,2.102,0.0294097313280195,0.263888598332564,0.5007928,0.0500776,4
7,2007,rank_3,rank,3,0.7,0.8,3,0.0882291939840584,0.999,3,1.11958450415261,0.01,3,3,1,15,1.3780615,0.656414727104763,37.737861779492,0.623459623588972,0.799799999999998,0.7,2.994,2.998,0.0294097313280195,0.263888598332564,0.5007928,0.0500776,4
7,2007,rank_7,rank,7,0.7,0.8,3,0.0882291939840584,0.999,3,1.11958450415261,0.01,7,3,1,11,1.8919908,0.0268278666241178,16.5008525304195,0.0261464915715279,0.799799999999998,0.7,2.474,2.516,0.0294097313280195,0.263888598332564,0.5007928,0.0500776,4
7,2007,irls_1,irls,1,0.7,0.8,3,0.0882291939840584,0.999,3,1.11958450415261,0.01,5,1,1,13,1.6392545,0.0227082081443825,19.3502647134517,0.0214522142686961,0.799799999999998,0.7,1,1,0.0294097313280195,0.263888598332564,0.5007928,0.0500776,4
7,2007,irls_5,irls,5,0.7,0.8,3,0.0882291939840584,0.999,3,1.11958450415261,0.01,5,5,1,4,1.7194642,0.0227327158409966,19.9394471977498,0.0211424218132415,0.799799999999998,0.7,2.244,2.194,0.0294097313280195,0.263888598332564,0.5007928,0.0500776,4
8,2008,default,default,NaN,0.7,0.8,3,0.0873145140571303,0.999,3,1.20089212893806,0.01,5,3,1,9,1.6803765,0.0216506208748009,18.5490963798741,0.0213097712333395,0.799799999999998,0.7,2.114,2.08,0.0291048380190434,0.283052989281883,0.4999648,0.0500904,4
8,2008,lambda_min_0p1,lambda_min,0.1,0.1,0.8,3,0.0873145140571303,0.999,3,1.20089212893806,0.01,5,3,1,16,1.6854046,0.0216506208748009,12.5097296332663,0.0212387159232145,0.798599999999998,0.1,2.096,2.066,0.0291048380190434,0.283052989281883,0.4999648,0.0500904,4
8,2008,lambda_min_0p4,lambda_min,0.4,0.4,0.8,3,0.0873145140571303,0.999,3,1.20089212893806,0.01,5,3,1,17,1.726506,0.0216506208748009,16.5534720967537,0.0212522785090603,0.799199999999998,0.4,2.11,2.074,0.0291048380190434,0.283052989281883,0.4999648,0.0500904,4
8,2008,lambda_max_0p9,lambda_max,0.9,0.7,0.9,3,0.0873145140571303,0.999,3,1.20089212893806,0.01,5,3,1,15,1.683292,0.0281635758926679,37.1743737845424,0.028841093876206,0.899600000000002,0.7,2.228,2.166,0.0291048380190434,0.283052989281883,0.4999648,0.0500904,4
8,2008,lambda_max_0p99,lambda_max,0.99,0.7,0.99,3,0.0873145140571303,0.999,3,1.20089212893806,0.01,5,3,1,3,1.8148143,0.0910017195156364,49.6545901636817,0.969520915378267,0.989419999999998,0.7,2.756,2.744,0.0291048380190434,0.283052989281883,0.4999648,0.0500904,4
8,2008,huber_1p345,huber,1.345,0.7,0.8,1.345,0.0391460071356134,0.999,3,1.20089212893806,0.01,5,3,1,8,1.7944184,0.0205030050575565,22.5958583272991,0.0194356771393129,0.799799999999998,0.7,2.964,2.93,0.0291048380190434,0.283052989281883,0.4999648,0.0500904,4
8,2008,huber_6,huber,6,0.7,0.8,6,0.174629028114261,0.999,3,1.20089212893806,0.01,5,3,1,2,1.7295742,0.029881973770845,15.8991759220391,0.0301798661815725,0.799799999999998,0.7,2.062,2.062,0.0291048380190434,0.283052989281883,0.4999648,0.0500904,4
8,2008,alpha_0p9,alpha,0.9,0.7,0.8,3,0.0873145140571303,0.9,3,1.20089212893806,0.01,5,3,1,4,1.7013003,0.0216506208748009,18.5490963798741,0.0213097712333395,0.799799999999998,0.7,2.114,2.08,0.0291048380190434,0.283052989281883,0.4999648,0.0500904,4
8,2008,alpha_0p99,alpha,0.99,0.7,0.8,3,0.0873145140571303,0.99,3,1.20089212893806,0.01,5,3,1,5,1.7124001,0.0216506208748009,18.5490963798741,0.0213097712333395,0.799799999999998,0.7,2.114,2.08,0.0291048380190434,0.283052989281883,0.4999648,0.0500904,4
8,2008,theta_1,theta,1,0.7,0.8,3,0.0873145140571303,0.999,1,0.400297376312686,0.01,5,3,1,7,1.7286362,0.0217276151437558,17.6857924393331,0.021295470230151,0.794597651111985,0.7,2.112,2.078,0.0291048380190434,0.283052989281883,0.4999648,0.0500904,4
8,2008,theta_6,theta,6,0.7,0.8,3,0.0873145140571303,0.999,6,2.40178425787612,0.01,5,3,1,11,1.734693,0.0216506208748009,18.5490963798741,0.0213097712333395,0.799799999999998,0.7,2.114,2.08,0.0291048380190434,0.283052989281883,0.4999648,0.0500904,4
8,2008,mu_0p001,mu,0.001,0.7,0.8,3,0.0873145140571303,0.999,3,1.20089212893806,0.001,5,3,1,1,1.7231795,0.021794662637635,18.3009531123759,0.0215601037486541,0.799799999999998,0.7,2.136,2.088,0.0291048380190434,0.283052989281883,0.4999648,0.0500904,4
8,2008,mu_0p1,mu,0.1,0.7,0.8,3,0.0873145140571303,0.999,3,1.20089212893806,0.1,5,3,1,12,1.7581058,0.0221014549424432,18.325255702182,0.0222423226926727,0.799799999999998,0.7,2.134,2.08,0.0291048380190434,0.283052989281883,0.4999648,0.0500904,4
8,2008,rank_3,rank,3,0.7,0.8,3,0.0873145140571303,0.999,3,1.20089212893806,0.01,3,3,1,13,1.327018,0.642695154560957,37.128391115366,0.644262515732388,0.799799999999998,0.7,2.998,2.994,0.0291048380190434,0.283052989281883,0.4999648,0.0500904,4
8,2008,rank_7,rank,7,0.7,0.8,3,0.0873145140571303,0.999,3,1.20089212893806,0.01,7,3,1,6,1.986588,0.028334837884406,14.8549162158653,0.0278898498571096,0.799799999999998,0.7,2.748,2.75,0.0291048380190434,0.283052989281883,0.4999648,0.0500904,4
8,2008,irls_1,irls,1,0.7,0.8,3,0.0873145140571303,0.999,3,1.20089212893806,0.01,5,1,1,10,1.6216471,0.0215998352949182,18.6404931598296,0.0217120403488201,0.799799999999998,0.7,1,1,0.0291048380190434,0.283052989281883,0.4999648,0.0500904,4
8,2008,irls_5,irls,5,0.7,0.8,3,0.0873145140571303,0.999,3,1.20089212893806,0.01,5,5,1,14,1.7289101,0.0216587564760983,18.5370481505046,0.0215682665949033,0.799799999999998,0.7,2.24,2.182,0.0291048380190434,0.283052989281883,0.4999648,0.0500904,4
9,2009,default,default,NaN,0.7,0.8,3,0.0886317885089409,0.999,3,0.856072982994867,0.01,5,3,1,8,1.7250883,0.0220247988547294,19.7210831309729,0.0194711356500523,0.799780339480507,0.7,2.144,2.114,0.0295439295029803,0.201778337155422,0.4999232,0.0499336,2
9,2009,lambda_min_0p1,lambda_min,0.1,0.1,0.8,3,0.0886317885089409,0.999,3,0.856072982994867,0.01,5,3,1,16,1.7363713,0.0220247988547294,12.5494650550174,0.0193623393701992,0.798462376363558,0.1,2.134,2.098,0.0295439295029803,0.201778337155422,0.4999232,0.0499336,2
9,2009,lambda_min_0p4,lambda_min,0.4,0.4,0.8,3,0.0886317885089409,0.999,3,0.856072982994867,0.01,5,3,1,11,1.6731601,0.0220247988547294,17.4406114381848,0.0194302570093409,0.799121357922032,0.4,2.146,2.106,0.0295439295029803,0.201778337155422,0.4999232,0.0499336,2
9,2009,lambda_max_0p9,lambda_max,0.9,0.7,0.9,3,0.0886317885089409,0.999,3,0.856072982994867,0.01,5,3,1,10,1.7222698,0.0286761169399399,38.3705590152256,0.021899869982454,0.899560678961019,0.7,2.21,2.178,0.0295439295029803,0.201778337155422,0.4999232,0.0499336,2
9,2009,lambda_max_0p99,lambda_max,0.99,0.7,0.99,3,0.0886317885089409,0.999,3,0.856072982994867,0.01,5,3,1,14,1.8007572,0.0952514175420477,49.886215841937,0.988358762450675,0.989362984493473,0.7,2.818,2.804,0.0295439295029803,0.201778337155422,0.4999232,0.0499336,2
9,2009,huber_1p345,huber,1.345,0.7,0.8,1.345,0.0397365851815085,0.999,3,0.856072982994867,0.01,5,3,1,3,1.7887522,0.0198120407707878,23.7010049264617,0.0165422944521141,0.799780339480507,0.7,2.988,2.958,0.0295439295029803,0.201778337155422,0.4999232,0.0499336,2
9,2009,huber_6,huber,6,0.7,0.8,6,0.177263577017882,0.999,3,0.856072982994867,0.01,5,3,1,4,1.719297,0.0310640434664062,16.7913645567823,0.0280655095301419,0.799780339480507,0.7,2.076,2.07,0.0295439295029803,0.201778337155422,0.4999232,0.0499336,2
9,2009,alpha_0p9,alpha,0.9,0.7,0.8,3,0.0886317885089409,0.9,3,0.856072982994867,0.01,5,3,1,13,1.7808827,0.0220247988547294,19.7117301699889,0.0194711945459832,0.799776365256641,0.7,2.144,2.114,0.0295439295029803,0.201778337155422,0.4999232,0.0499336,2
9,2009,alpha_0p99,alpha,0.99,0.7,0.8,3,0.0886317885089409,0.99,3,0.856072982994867,0.01,5,3,1,15,1.7240065,0.0220247988547294,19.7203356133223,0.019471139845087,0.799780021835818,0.7,2.144,2.114,0.0295439295029803,0.201778337155422,0.4999232,0.0499336,2
9,2009,theta_1,theta,1,0.7,0.8,3,0.0886317885089409,0.999,1,0.285357660998289,0.01,5,3,1,2,1.7391065,0.0220882391806313,19.3562471430974,0.019493455776441,0.794638530653175,0.7,2.144,2.11,0.0295439295029803,0.201778337155422,0.4999232,0.0499336,2
9,2009,theta_6,theta,6,0.7,0.8,3,0.0886317885089409,0.999,6,1.71214596598973,0.01,5,3,1,6,1.7055729,0.0220247988547294,19.7670322064132,0.0194710846210335,0.799799999999998,0.7,2.144,2.114,0.0295439295029803,0.201778337155422,0.4999232,0.0499336,2
9,2009,mu_0p001,mu,0.001,0.7,0.8,3,0.0886317885089409,0.999,3,0.856072982994867,0.001,5,3,1,17,1.7363485,0.022098239860689,19.7656262749397,0.0198289956014735,0.799780339480507,0.7,2.136,2.112,0.0295439295029803,0.201778337155422,0.4999232,0.0499336,2
9,2009,mu_0p1,mu,0.1,0.7,0.8,3,0.0886317885089409,0.999,3,0.856072982994867,0.1,5,3,1,7,1.6983605,0.0230892661396571,19.4570119362989,0.0202031252385459,0.799780339480507,0.7,2.13,2.086,0.0295439295029803,0.201778337155422,0.4999232,0.0499336,2
9,2009,rank_3,rank,3,0.7,0.8,3,0.0886317885089409,0.999,3,0.856072982994867,0.01,3,3,1,1,1.3813308,0.624274778925644,38.9050697997286,0.638198990423858,0.799780339480507,0.7,2.994,2.994,0.0295439295029803,0.201778337155422,0.4999232,0.0499336,2
9,2009,rank_7,rank,7,0.7,0.8,3,0.0886317885089409,0.999,3,0.856072982994867,0.01,7,3,1,12,1.9085392,0.0258154062644193,15.0335510407522,0.0244050883093061,0.799780339480507,0.7,2.372,2.306,0.0295439295029803,0.201778337155422,0.4999232,0.0499336,2
9,2009,irls_1,irls,1,0.7,0.8,3,0.0886317885089409,0.999,3,0.856072982994867,0.01,5,1,1,9,1.5669565,0.022099001408431,19.7406577171611,0.0194871997629411,0.799780339480507,0.7,1,1,0.0295439295029803,0.201778337155422,0.4999232,0.0499336,2
9,2009,irls_5,irls,5,0.7,0.8,3,0.0886317885089409,0.999,3,0.856072982994867,0.01,5,5,1,5,1.7736214,0.0220219351179159,19.7123936143529,0.019477504375106,0.799780339480507,0.7,2.264,2.218,0.0295439295029803,0.201778337155422,0.4999232,0.0499336,2
10,2010,default,default,NaN,0.7,0.8,3,0.08948874882769,0.999,3,0.806033559639927,0.01,5,3,1,11,1.760082,0.0230904069335728,20.4092157692426,0.0214911108078951,0.799288228809897,0.7,2.092,2.076,0.0298295829425633,0.189983931961774,0.4996328,0.0500648,2
10,2010,lambda_min_0p1,lambda_min,0.1,0.1,0.8,3,0.08948874882769,0.999,3,0.806033559639927,0.01,5,3,1,5,1.7179929,0.0239684332459683,13.1056168217284,0.0214906492085328,0.795017601669288,0.1,2.07,2.06,0.0298295829425633,0.189983931961774,0.4996328,0.0500648,2
10,2010,lambda_min_0p4,lambda_min,0.4,0.4,0.8,3,0.08948874882769,0.999,3,0.806033559639927,0.01,5,3,1,8,1.6961753,0.0231676944656557,18.4203050944776,0.0215190635312232,0.797152915239592,0.4,2.088,2.074,0.0298295829425633,0.189983931961774,0.4996328,0.0500648,2
10,2010,lambda_max_0p9,lambda_max,0.9,0.7,0.9,3,0.08948874882769,0.999,3,0.806033559639927,0.01,5,3,1,16,1.7187732,0.0309931311627491,39.730919178515,0.0306458722614934,0.898576457619799,0.7,2.182,2.142,0.0298295829425633,0.189983931961774,0.4996328,0.0500648,2
10,2010,lambda_max_0p99,lambda_max,0.99,0.7,0.99,3,0.08948874882769,0.999,3,0.806033559639927,0.01,5,3,1,7,1.802457,0.108485025294766,49.6888471184028,0.96297498329974,0.987935863548704,0.7,2.742,2.738,0.0298295829425633,0.189983931961774,0.4996328,0.0500648,2
10,2010,huber_1p345,huber,1.345,0.7,0.8,1.345,0.0401207890577477,0.999,3,0.806033559639927,0.01,5,3,1,10,1.7893695,0.0216526474093863,25.3616850241833,0.0200592807044135,0.799288228809897,0.7,2.988,2.96,0.0298295829425633,0.189983931961774,0.4996328,0.0500648,2
10,2010,huber_6,huber,6,0.7,0.8,6,0.17897749765538,0.999,3,0.806033559639927,0.01,5,3,1,2,1.6604288,0.0314604802654601,17.480750910491,0.0285373304791395,0.799288228809897,0.7,2.062,2.052,0.0298295829425633,0.189983931961774,0.4996328,0.0500648,2
10,2010,alpha_0p9,alpha,0.9,0.7,0.8,3,0.08948874882769,0.9,3,0.806033559639927,0.01,5,3,1,1,1.7344511,0.0230903708379525,20.3736973915992,0.0214902157845864,0.798582107519532,0.7,2.092,2.076,0.0298295829425633,0.189983931961774,0.4996328,0.0500648,2
10,2010,alpha_0p99,alpha,0.99,0.7,0.8,3,0.08948874882769,0.99,3,0.806033559639927,0.01,5,3,1,12,1.7218314,0.0230903707757288,20.4084854319386,0.0214909025079238,0.798947820318452,0.7,2.092,2.076,0.0298295829425633,0.189983931961774,0.4996328,0.0500648,2
10,2010,theta_1,theta,1,0.7,0.8,3,0.08948874882769,0.999,1,0.268677853213309,0.01,5,3,1,15,1.7347631,0.0230964933786765,19.521228288414,0.0214823418106757,0.792875852598002,0.7,2.09,2.072,0.0298295829425633,0.189983931961774,0.4996328,0.0500648,2
10,2010,theta_6,theta,6,0.7,0.8,3,0.08948874882769,0.999,6,1.61206711927985,0.01,5,3,1,17,1.7018754,0.0231148564291357,20.417926810339,0.0214915078632373,0.799799999999998,0.7,2.092,2.076,0.0298295829425633,0.189983931961774,0.4996328,0.0500648,2
10,2010,mu_0p001,mu,0.001,0.7,0.8,3,0.08948874882769,0.999,3,0.806033559639927,0.001,5,3,1,3,1.6825424,0.0230912432475582,20.5541438061418,0.0214022487586767,0.799288228809897,0.7,2.094,2.08,0.0298295829425633,0.189983931961774,0.4996328,0.0500648,2
10,2010,mu_0p1,mu,0.1,0.7,0.8,3,0.08948874882769,0.999,3,0.806033559639927,0.1,5,3,1,14,1.6905244,0.0234203600103487,21.2989736703828,0.0207270569475678,0.799288228809897,0.7,2.102,2.074,0.0298295829425633,0.189983931961774,0.4996328,0.0500648,2
10,2010,rank_3,rank,3,0.7,0.8,3,0.08948874882769,0.999,3,0.806033559639927,0.01,3,3,1,13,1.3169159,0.601032967048441,38.9666271735828,0.625300438984775,0.799288228809897,0.7,2.99,2.986,0.0298295829425633,0.189983931961774,0.4996328,0.0500648,2
10,2010,rank_7,rank,7,0.7,0.8,3,0.08948874882769,0.999,3,0.806033559639927,0.01,7,3,1,9,1.939559,0.0258668783743429,16.6710542477718,0.0293625456101456,0.799288228809897,0.7,2.532,2.52,0.0298295829425633,0.189983931961774,0.4996328,0.0500648,2
10,2010,irls_1,irls,1,0.7,0.8,3,0.08948874882769,0.999,3,0.806033559639927,0.01,5,1,1,6,1.5788241,0.0231899881990081,20.4534777377816,0.021535630006082,0.799288228809897,0.7,1,1,0.0298295829425633,0.189983931961774,0.4996328,0.0500648,2
10,2010,irls_5,irls,5,0.7,0.8,3,0.08948874882769,0.999,3,0.806033559639927,0.01,5,5,1,4,1.7408452,0.0231049594760709,20.3731591863251,0.0214698399248858,0.799288228809897,0.7,2.212,2.184,0.0298295829425633,0.189983931961774,0.4996328,0.0500648,2
11,2011,default,default,NaN,0.7,0.8,3,0.0875772717070153,0.999,3,0.837800852278431,0.01,5,3,1,11,1.7013286,0.0212539425661618,22.1616361027309,0.0205405135268365,0.79956556874897,0.7,2.138,2.102,0.0291924239023384,0.197471554643316,0.5001144,0.0500064,3
11,2011,lambda_min_0p1,lambda_min,0.1,0.1,0.8,3,0.0875772717070153,0.999,3,0.837800852278431,0.01,5,3,1,4,1.7357839,0.0222651799395292,13.4284300303753,0.0206245082650948,0.796958981242797,0.1,2.114,2.08,0.0291924239023384,0.197471554643316,0.5001144,0.0500064,3
11,2011,lambda_min_0p4,lambda_min,0.4,0.4,0.8,3,0.0875772717070153,0.999,3,0.837800852278431,0.01,5,3,1,3,1.686652,0.0214469258414375,18.9633330952948,0.020594606016136,0.798262274995883,0.4,2.134,2.094,0.0291924239023384,0.197471554643316,0.5001144,0.0500064,3
11,2011,lambda_max_0p9,lambda_max,0.9,0.7,0.9,3,0.0875772717070153,0.999,3,0.837800852278431,0.01,5,3,1,14,1.7541355,0.0253551893153735,42.4885935730603,0.026743813753005,0.899131137497944,0.7,2.236,2.18,0.0291924239023384,0.197471554643316,0.5001144,0.0500064,3
11,2011,lambda_max_0p99,lambda_max,0.99,0.7,0.99,3,0.0875772717070153,0.999,3,0.837800852278431,0.01,5,3,1,6,1.8003672,0.0842900564851868,49.9839501718608,0.995461467919903,0.988740149372015,0.7,2.762,2.752,0.0291924239023384,0.197471554643316,0.5001144,0.0500064,3
11,2011,huber_1p345,huber,1.345,0.7,0.8,1.345,0.0392638101486452,0.999,3,0.837800852278431,0.01,5,3,1,9,1.7779009,0.0188282247095693,26.9982901933607,0.0183367720982992,0.79956556874897,0.7,2.968,2.946,0.0291924239023384,0.197471554643316,0.5001144,0.0500064,3
11,2011,huber_6,huber,6,0.7,0.8,6,0.175154543414031,0.999,3,0.837800852278431,0.01,5,3,1,1,1.7244012,0.0304914690845087,18.9783695653642,0.027970913396671,0.79956556874897,0.7,2.074,2.066,0.0291924239023384,0.197471554643316,0.5001144,0.0500064,3
11,2011,alpha_0p9,alpha,0.9,0.7,0.8,3,0.0875772717070153,0.9,3,0.837800852278431,0.01,5,3,1,16,1.7182151,0.0212541226900232,22.1473388559753,0.0205408385242959,0.799559743066085,0.7,2.138,2.102,0.0291924239023384,0.197471554643316,0.5001144,0.0500064,3
11,2011,alpha_0p99,alpha,0.99,0.7,0.8,3,0.0875772717070153,0.99,3,0.837800852278431,0.01,5,3,1,17,1.7119151,0.0212539575446946,22.160591653893,0.0205405355635549,0.799565130824353,0.7,2.138,2.102,0.0291924239023384,0.197471554643316,0.5001144,0.0500064,3
11,2011,theta_1,theta,1,0.7,0.8,3,0.0875772717070153,0.999,1,0.279266950759477,0.01,5,3,1,8,1.7445584,0.0216954863118049,21.5413768092356,0.0205859354276686,0.792385162689063,0.7,2.14,2.102,0.0291924239023384,0.197471554643316,0.5001144,0.0500064,3
11,2011,theta_6,theta,6,0.7,0.8,3,0.0875772717070153,0.999,6,1.67560170455686,0.01,5,3,1,13,1.7499884,0.0212347044699327,22.3703286153,0.0205384357692881,0.799799999999998,0.7,2.138,2.102,0.0291924239023384,0.197471554643316,0.5001144,0.0500064,3
11,2011,mu_0p001,mu,0.001,0.7,0.8,3,0.0875772717070153,0.999,3,0.837800852278431,0.001,5,3,1,10,1.6880011,0.0212713509613972,22.5919190542964,0.0208021586551267,0.79956556874897,0.7,2.146,2.11,0.0291924239023384,0.197471554643316,0.5001144,0.0500064,3
11,2011,mu_0p1,mu,0.1,0.7,0.8,3,0.0875772717070153,0.999,3,0.837800852278431,0.1,5,3,1,2,1.7101028,0.0226765370986121,21.7421074519366,0.0208350524746247,0.79956556874897,0.7,2.146,2.096,0.0291924239023384,0.197471554643316,0.5001144,0.0500064,3
11,2011,rank_3,rank,3,0.7,0.8,3,0.0875772717070153,0.999,3,0.837800852278431,0.01,3,3,1,12,1.3287288,0.654996367807214,37.0519404588628,0.627551168292276,0.79956556874897,0.7,3,3,0.0291924239023384,0.197471554643316,0.5001144,0.0500064,3
11,2011,rank_7,rank,7,0.7,0.8,3,0.0875772717070153,0.999,3,0.837800852278431,0.01,7,3,1,5,1.931971,0.0255344046843361,17.5615203161901,0.0251016317999368,0.79956556874897,0.7,2.5,2.492,0.0291924239023384,0.197471554643316,0.5001144,0.0500064,3
11,2011,irls_1,irls,1,0.7,0.8,3,0.0875772717070153,0.999,3,0.837800852278431,0.01,5,1,1,7,1.6190889,0.0216229716443524,22.2812478190416,0.0207724146266938,0.79956556874897,0.7,1,1,0.0291924239023384,0.197471554643316,0.5001144,0.0500064,3
11,2011,irls_5,irls,5,0.7,0.8,3,0.0875772717070153,0.999,3,0.837800852278431,0.01,5,5,1,15,1.6976727,0.0213029469894307,22.2820053055702,0.0205605452117495,0.79956556874897,0.7,2.264,2.218,0.0291924239023384,0.197471554643316,0.5001144,0.0500064,3
12,2012,default,default,NaN,0.7,0.8,3,0.0877814093295083,0.999,3,0.792194312892343,0.01,5,3,1,1,1.704529,0.0226322711714411,19.353434228309,0.0210156717490015,0.799251704512674,0.7,2.116,2.086,0.0292604697765028,0.186721990221198,0.4993712,0.0502648,4
12,2012,lambda_min_0p1,lambda_min,0.1,0.1,0.8,3,0.0877814093295083,0.999,3,0.792194312892343,0.01,5,3,1,9,1.67966,0.0226391202830594,11.8447103499278,0.0207718400500551,0.794761931588725,0.1,2.1,2.068,0.0292604697765028,0.186721990221198,0.4993712,0.0502648,4
12,2012,lambda_min_0p4,lambda_min,0.4,0.4,0.8,3,0.0877814093295083,0.999,3,0.792194312892343,0.01,5,3,1,13,1.7361124,0.022635250062666,16.9848613858636,0.0209197664856174,0.797006818050699,0.4,2.116,2.078,0.0292604697765028,0.186721990221198,0.4993712,0.0502648,4
12,2012,lambda_max_0p9,lambda_max,0.9,0.7,0.9,3,0.0877814093295083,0.999,3,0.792194312892343,0.01,5,3,1,15,1.71069,0.0324209414289582,36.8648507810131,0.0275465516964136,0.898503409025352,0.7,2.202,2.166,0.0292604697765028,0.186721990221198,0.4993712,0.0502648,4
12,2012,lambda_max_0p99,lambda_max,0.99,0.7,0.99,3,0.0877814093295083,0.999,3,0.792194312892343,0.01,5,3,1,4,1.7424672,0.113780374574268,49.7305582482631,0.956796205960163,0.987829943086756,0.7,2.802,2.782,0.0292604697765028,0.186721990221198,0.4993712,0.0502648,4
12,2012,huber_1p345,huber,1.345,0.7,0.8,1.345,0.0393553318493962,0.999,3,0.792194312892343,0.01,5,3,1,11,1.8160914,0.0213999989285311,23.9107907980431,0.0189335649080905,0.799251704512674,0.7,2.982,2.962,0.0292604697765028,0.186721990221198,0.4993712,0.0502648,4
12,2012,huber_6,huber,6,0.7,0.8,6,0.175562818659017,0.999,3,0.792194312892343,0.01,5,3,1,7,1.650252,0.0301438900751137,15.9767283895566,0.0292760650582288,0.799251704512674,0.7,2.058,2.052,0.0292604697765028,0.186721990221198,0.4993712,0.0502648,4
12,2012,alpha_0p9,alpha,0.9,0.7,0.8,3,0.0877814093295083,0.9,3,0.792194312892343,0.01,5,3,1,5,1.6836555,0.0226323356375276,19.3494805267419,0.0210154376305877,0.798991075143986,0.7,2.116,2.086,0.0292604697765028,0.186721990221198,0.4993712,0.0502648,4
12,2012,alpha_0p99,alpha,0.99,0.7,0.8,3,0.0877814093295083,0.99,3,0.792194312892343,0.01,5,3,1,2,1.6628351,0.0226323356375276,19.3531569284334,0.0210156795307679,0.799191760877545,0.7,2.116,2.086,0.0292604697765028,0.186721990221198,0.4993712,0.0502648,4
12,2012,theta_1,theta,1,0.7,0.8,3,0.0877814093295083,0.999,1,0.264064770964114,0.01,5,3,1,14,1.7364079,0.022537711057337,18.7963699936782,0.0210011686629714,0.794115767063141,0.7,2.116,2.084,0.0292604697765028,0.186721990221198,0.4993712,0.0502648,4
12,2012,theta_6,theta,6,0.7,0.8,3,0.0877814093295083,0.999,6,1.58438862578469,0.01,5,3,1,10,1.7162842,0.0226313339346485,19.3701845886637,0.0210159654926694,0.799799999999998,0.7,2.116,2.086,0.0292604697765028,0.186721990221198,0.4993712,0.0502648,4
12,2012,mu_0p001,mu,0.001,0.7,0.8,3,0.0877814093295083,0.999,3,0.792194312892343,0.001,5,3,1,8,1.6813001,0.0226406656543968,19.4459745052079,0.0211034940416579,0.799251704512674,0.7,2.122,2.09,0.0292604697765028,0.186721990221198,0.4993712,0.0502648,4
12,2012,mu_0p1,mu,0.1,0.7,0.8,3,0.0877814093295083,0.999,3,0.792194312892343,0.1,5,3,1,16,1.6957287,0.0227526791268425,19.3588786015141,0.021282550956168,0.799251704512674,0.7,2.134,2.086,0.0292604697765028,0.186721990221198,0.4993712,0.0502648,4
12,2012,rank_3,rank,3,0.7,0.8,3,0.0877814093295083,0.999,3,0.792194312892343,0.01,3,3,1,3,1.3106582,0.649174876278507,37.4666512034638,0.646103070362829,0.799251704512674,0.7,2.992,2.988,0.0292604697765028,0.186721990221198,0.4993712,0.0502648,4
12,2012,rank_7,rank,7,0.7,0.8,3,0.0877814093295083,0.999,3,0.792194312892343,0.01,7,3,1,6,1.9172046,0.0283659146042718,14.2592236946613,0.0281386113206292,0.799251704512674,0.7,2.846,2.89,0.0292604697765028,0.186721990221198,0.4993712,0.0502648,4
12,2012,irls_1,irls,1,0.7,0.8,3,0.0877814093295083,0.999,3,0.792194312892343,0.01,5,1,1,12,1.5829473,0.0224793232226509,19.0778148250121,0.0208530204423817,0.799251704512674,0.7,1,1,0.0292604697765028,0.186721990221198,0.4993712,0.0502648,4
12,2012,irls_5,irls,5,0.7,0.8,3,0.0877814093295083,0.999,3,0.792194312892343,0.01,5,5,1,17,1.7560859,0.0226272275578966,19.5091638570798,0.0210563944398397,0.799251704512674,0.7,2.232,2.19,0.0292604697765028,0.186721990221198,0.4993712,0.0502648,4
13,2013,default,default,NaN,0.7,0.8,3,0.0898420328962239,0.999,3,0.856973835973541,0.01,5,3,1,8,1.7074162,0.0235179065856863,21.0735198041869,0.0201732221134088,0.799787497493166,0.7,2.136,2.086,0.0299473442987413,0.20199067023878,0.4997456,0.0504296,4
13,2013,lambda_min_0p1,lambda_min,0.1,0.1,0.8,3,0.0898420328962239,0.999,3,0.856973835973541,0.01,5,3,1,10,1.6897031,0.0235179065856863,13.8042499921343,0.0198668600421143,0.798512482452176,0.1,2.118,2.064,0.0299473442987413,0.20199067023878,0.4997456,0.0504296,4
13,2013,lambda_min_0p4,lambda_min,0.4,0.4,0.8,3,0.0898420328962239,0.999,3,0.856973835973541,0.01,5,3,1,2,1.7334383,0.0235179065856863,19.2101685713349,0.0199911825147671,0.799149989972671,0.4,2.132,2.082,0.0299473442987413,0.20199067023878,0.4997456,0.0504296,4
13,2013,lambda_max_0p9,lambda_max,0.9,0.7,0.9,3,0.0898420328962239,0.999,3,0.856973835973541,0.01,5,3,1,9,1.6952452,0.0321907569104243,40.0604863045274,0.0261799342992549,0.899574994986338,0.7,2.224,2.166,0.0299473442987413,0.20199067023878,0.4997456,0.0504296,4
13,2013,lambda_max_0p99,lambda_max,0.99,0.7,0.99,3,0.0898420328962239,0.999,3,0.856973835973541,0.01,5,3,1,3,1.8009308,0.109782483322136,50.0001362759056,0.99763116133051,0.989383742730186,0.7,2.798,2.788,0.0299473442987413,0.20199067023878,0.4997456,0.0504296,4
13,2013,huber_1p345,huber,1.345,0.7,0.8,1.345,0.040279178081807,0.999,3,0.856973835973541,0.01,5,3,1,4,1.789459,0.0212951831696242,25.3033224146581,0.0192250491882811,0.799787497493166,0.7,2.988,2.956,0.0299473442987413,0.20199067023878,0.4997456,0.0504296,4
13,2013,huber_6,huber,6,0.7,0.8,6,0.179684065792448,0.999,3,0.856973835973541,0.01,5,3,1,5,1.6850391,0.0329626296879929,17.7528617683888,0.0284807112482679,0.799787497493166,0.7,2.062,2.064,0.0299473442987413,0.20199067023878,0.4997456,0.0504296,4
13,2013,alpha_0p9,alpha,0.9,0.7,0.8,3,0.0898420328962239,0.9,3,0.856973835973541,0.01,5,3,1,16,1.6825938,0.0235179065856863,21.0657210924384,0.0201724930738641,0.79978406474681,0.7,2.136,2.086,0.0299473442987413,0.20199067023878,0.4997456,0.0504296,4
13,2013,alpha_0p99,alpha,0.99,0.7,0.8,3,0.0898420328962239,0.99,3,0.856973835973541,0.01,5,3,1,11,1.7357136,0.0235179065856863,21.0729292432588,0.0201731679422939,0.799787236242357,0.7,2.136,2.086,0.0299473442987413,0.20199067023878,0.4997456,0.0504296,4
13,2013,theta_1,theta,1,0.7,0.8,3,0.0898420328962239,0.999,1,0.285657945324514,0.01,5,3,1,17,1.6862127,0.0235807545166946,20.7943613451295,0.0201458639577135,0.794212071613476,0.7,2.134,2.086,0.0299473442987413,0.20199067023878,0.4997456,0.0504296,4
13,2013,theta_6,theta,6,0.7,0.8,3,0.0898420328962239,0.999,6,1.71394767194708,0.01,5,3,1,14,1.7332314,0.0235179065856863,21.1017386922688,0.020175860782994,0.799799999999998,0.7,2.136,2.086,0.0299473442987413,0.20199067023878,0.4997456,0.0504296,4
13,2013,mu_0p001,mu,0.001,0.7,0.8,3,0.0898420328962239,0.999,3,0.856973835973541,0.001,5,3,1,13,1.7151664,0.0237641687499816,21.4331176036662,0.0206898826048393,0.799787497493166,0.7,2.134,2.094,0.0299473442987413,0.20199067023878,0.4997456,0.0504296,4
13,2013,mu_0p1,mu,0.1,0.7,0.8,3,0.0898420328962239,0.999,3,0.856973835973541,0.1,5,3,1,6,1.7150714,0.0237981421011042,20.8884569603095,0.0207155951180343,0.799787497493166,0.7,2.102,2.074,0.0299473442987413,0.20199067023878,0.4997456,0.0504296,4
13,2013,rank_3,rank,3,0.7,0.8,3,0.0898420328962239,0.999,3,0.856973835973541,0.01,3,3,1,1,1.3718434,0.666600426739971,36.9900956477536,0.64158229536402,0.799787497493166,0.7,2.996,2.984,0.0299473442987413,0.20199067023878,0.4997456,0.0504296,4
13,2013,rank_7,rank,7,0.7,0.8,3,0.0898420328962239,0.999,3,0.856973835973541,0.01,7,3,1,15,1.9288098,0.026384685336005,17.5686258010033,0.0257455114987658,0.799787497493166,0.7,2.528,2.554,0.0299473442987413,0.20199067023878,0.4997456,0.0504296,4
13,2013,irls_1,irls,1,0.7,0.8,3,0.0898420328962239,0.999,3,0.856973835973541,0.01,5,1,1,7,1.5923982,0.0237666473816563,20.9853673639573,0.0209276231472402,0.799787497493166,0.7,1,1,0.0299473442987413,0.20199067023878,0.4997456,0.0504296,4
13,2013,irls_5,irls,5,0.7,0.8,3,0.0898420328962239,0.999,3,0.856973835973541,0.01,5,5,1,12,1.7376268,0.0231876523586468,20.9570751502284,0.0209977031859191,0.799787497493166,0.7,2.25,2.204,0.0299473442987413,0.20199067023878,0.4997456,0.0504296,4
14,2014,default,default,NaN,0.7,0.8,3,0.088398593645044,0.999,3,0.772364003226932,0.01,5,3,1,8,1.7271201,0.0215399966715244,18.5502079242536,0.0216099193543385,0.79944842749521,0.7,2.108,2.086,0.0294661978816813,0.182047941408717,0.4997424,0.0497776,4
14,2014,lambda_min_0p1,lambda_min,0.1,0.1,0.8,3,0.088398593645044,0.999,3,0.772364003226932,0.01,5,3,1,11,1.735572,0.0228707824774111,11.8140126799187,0.0216419619763031,0.796138992466481,0.1,2.09,2.072,0.0294661978816813,0.182047941408717,0.4997424,0.0497776,4
14,2014,lambda_min_0p4,lambda_min,0.4,0.4,0.8,3,0.088398593645044,0.999,3,0.772364003226932,0.01,5,3,1,3,1.7035506,0.0218458334009715,16.324151795001,0.0216257080150938,0.797793709980846,0.4,2.106,2.08,0.0294661978816813,0.182047941408717,0.4997424,0.0497776,4
14,2014,lambda_max_0p9,lambda_max,0.9,0.7,0.9,3,0.088398593645044,0.999,3,0.772364003226932,0.01,5,3,1,17,1.7036689,0.0252200312598993,35.7725452967757,0.0301773402598789,0.898896854990426,0.7,2.21,2.16,0.0294661978816813,0.182047941408717,0.4997424,0.0497776,4
14,2014,lambda_max_0p99,lambda_max,0.99,0.7,0.99,3,0.088398593645044,0.999,3,0.772364003226932,0.01,5,3,1,4,1.7588557,0.0838972059132793,49.6427773903745,0.94642811634104,0.988400439736112,0.7,2.77,2.758,0.0294661978816813,0.182047941408717,0.4997424,0.0497776,4
14,2014,huber_1p345,huber,1.345,0.7,0.8,1.345,0.0396320361508614,0.999,3,0.772364003226932,0.01,5,3,1,2,1.8188834,0.0195580628174772,23.055647843852,0.0199791364250778,0.79944842749521,0.7,2.988,2.96,0.0294661978816813,0.182047941408717,0.4997424,0.0497776,4
14,2014,huber_6,huber,6,0.7,0.8,6,0.176797187290088,0.999,3,0.772364003226932,0.01,5,3,1,13,1.7529355,0.0299543492181258,15.4251711368405,0.0295924198384541,0.79944842749521,0.7,2.054,2.05,0.0294661978816813,0.182047941408717,0.4997424,0.0497776,4
14,2014,alpha_0p9,alpha,0.9,0.7,0.8,3,0.088398593645044,0.9,3,0.772364003226932,0.01,5,3,1,6,1.698581,0.0215403479577506,18.549144617131,0.0216099048205898,0.79905798177121,0.7,2.108,2.086,0.0294661978816813,0.182047941408717,0.4997424,0.0497776,4
14,2014,alpha_0p99,alpha,0.99,0.7,0.8,3,0.088398593645044,0.99,3,0.772364003226932,0.01,5,3,1,5,1.7289729,0.0215400273049446,18.5501139287156,0.0216099188290727,0.799435952863226,0.7,2.108,2.086,0.0294661978816813,0.182047941408717,0.4997424,0.0497776,4
14,2014,theta_1,theta,1,0.7,0.8,3,0.088398593645044,0.999,1,0.257454667742311,0.01,5,3,1,1,1.7365532,0.0216605289385506,17.4291848995637,0.0216110210533915,0.791196142784539,0.7,2.106,2.082,0.0294661978816813,0.182047941408717,0.4997424,0.0497776,4
14,2014,theta_6,theta,6,0.7,0.8,3,0.088398593645044,0.999,6,1.54472800645386,0.01,5,3,1,9,1.7418235,0.0215293509831542,18.560882549532,0.0216099619096824,0.799799999999998,0.7,2.108,2.086,0.0294661978816813,0.182047941408717,0.4997424,0.0497776,4
14,2014,mu_0p001,mu,0.001,0.7,0.8,3,0.088398593645044,0.999,3,0.772364003226932,0.001,5,3,1,16,1.7316692,0.0215566406478823,18.6727624055188,0.0215625918455989,0.79944842749521,0.7,2.104,2.088,0.0294661978816813,0.182047941408717,0.4997424,0.0497776,4
14,2014,mu_0p1,mu,0.1,0.7,0.8,3,0.088398593645044,0.999,3,0.772364003226932,0.1,5,3,1,12,1.7057376,0.0215491532091777,18.6608477490553,0.0213574102834896,0.79944842749521,0.7,2.11,2.076,0.0294661978816813,0.182047941408717,0.4997424,0.0497776,4
14,2014,rank_3,rank,3,0.7,0.8,3,0.088398593645044,0.999,3,0.772364003226932,0.01,3,3,1,14,1.3840805,0.635850968800788,36.4188968825476,0.627015179647932,0.79944842749521,0.7,2.996,2.996,0.0294661978816813,0.182047941408717,0.4997424,0.0497776,4
14,2014,rank_7,rank,7,0.7,0.8,3,0.088398593645044,0.999,3,0.772364003226932,0.01,7,3,1,10,1.9130352,0.0252315409478334,15.6155897766941,0.0243439357979779,0.79944842749521,0.7,2.286,2.224,0.0294661978816813,0.182047941408717,0.4997424,0.0497776,4
14,2014,irls_1,irls,1,0.7,0.8,3,0.088398593645044,0.999,3,0.772364003226932,0.01,5,1,1,15,1.6183749,0.0215671413922319,18.520541931829,0.0216784987941977,0.79944842749521,0.7,1,1,0.0294661978816813,0.182047941408717,0.4997424,0.0497776,4
14,2014,irls_5,irls,5,0.7,0.8,3,0.088398593645044,0.999,3,0.772364003226932,0.01,5,5,1,7,1.7295294,0.0215477854122679,18.5672920133257,0.0216085584539688,0.79944842749521,0.7,2.224,2.188,0.0294661978816813,0.182047941408717,0.4997424,0.0497776,4
15,2015,default,default,NaN,0.7,0.8,3,0.088742638180032,0.999,3,0.876238601018625,0.01,5,3,1,15,1.7379722,0.0221445928669318,21.1989457102069,0.0209925025854544,0.799775673918631,0.7,2.136,2.092,0.029580879393344,0.206531418905895,0.4998768,0.0504808,5
15,2015,lambda_min_0p1,lambda_min,0.1,0.1,0.8,3,0.088742638180032,0.999,3,0.876238601018625,0.01,5,3,1,7,1.7356421,0.0221445928669318,14.2152526788067,0.020836405186657,0.798429717430424,0.1,2.11,2.074,0.029580879393344,0.206531418905895,0.4998768,0.0504808,5
15,2015,lambda_min_0p4,lambda_min,0.4,0.4,0.8,3,0.088742638180032,0.999,3,0.876238601018625,0.01,5,3,1,1,1.7276038,0.0221445928669318,20.6058360098198,0.0208640198655101,0.799102695674528,0.4,2.134,2.102,0.029580879393344,0.206531418905895,0.4998768,0.0504808,5
15,2015,lambda_max_0p9,lambda_max,0.9,0.7,0.9,3,0.088742638180032,0.999,3,0.876238601018625,0.01,5,3,1,13,1.6868847,0.0300421100912275,38.6742687438022,0.0276221661203584,0.899551347837266,0.7,2.238,2.168,0.029580879393344,0.206531418905895,0.4998768,0.0504808,5
15,2015,lambda_max_0p99,lambda_max,0.99,0.7,0.99,3,0.088742638180032,0.999,3,0.876238601018625,0.01,5,3,1,2,1.7897482,0.104651318122697,49.9958367016894,0.988655484285274,0.989349454364032,0.7,2.786,2.776,0.029580879393344,0.206531418905895,0.4998768,0.0504808,5
15,2015,huber_1p345,huber,1.345,0.7,0.8,1.345,0.0397862827840477,0.999,3,0.876238601018625,0.01,5,3,1,3,1.7758916,0.0203391495589428,24.8208346881195,0.0191399162736636,0.799775673918631,0.7,2.986,2.96,0.029580879393344,0.206531418905895,0.4998768,0.0504808,5
15,2015,huber_6,huber,6,0.7,0.8,6,0.177485276360064,0.999,3,0.876238601018625,0.01,5,3,1,4,1.6712803,0.0305825973565715,19.7700876114367,0.0287469782251087,0.799775673918631,0.7,2.064,2.058,0.029580879393344,0.206531418905895,0.4998768,0.0504808,5
15,2015,alpha_0p9,alpha,0.9,0.7,0.8,3,0.088742638180032,0.9,3,0.876238601018625,0.01,5,3,1,16,1.7867,0.0221445928669318,21.1959083372823,0.020992323200231,0.799584273254786,0.7,2.136,2.092,0.029580879393344,0.206531418905895,0.4998768,0.0504808,5
15,2015,alpha_0p99,alpha,0.99,0.7,0.8,3,0.088742638180032,0.99,3,0.876238601018625,0.01,5,3,1,9,1.6594796,0.0221445928669318,21.1986935110985,0.0209924890701722,0.799767982489262,0.7,2.136,2.092,0.029580879393344,0.206531418905895,0.4998768,0.0504808,5
15,2015,theta_1,theta,1,0.7,0.8,3,0.088742638180032,0.999,1,0.292079533672875,0.01,5,3,1,10,1.7022723,0.022256540886652,20.3683588949293,0.0210051043484813,0.793050081304535,0.7,2.136,2.084,0.029580879393344,0.206531418905895,0.4998768,0.0504808,5
15,2015,theta_6,theta,6,0.7,0.8,3,0.088742638180032,0.999,6,1.75247720203725,0.01,5,3,1,8,1.6780512,0.0221445928669318,21.2281302861026,0.0209936991617782,0.799799999999998,0.7,2.136,2.092,0.029580879393344,0.206531418905895,0.4998768,0.0504808,5
15,2015,mu_0p001,mu,0.001,0.7,0.8,3,0.088742638180032,0.999,3,0.876238601018625,0.001,5,3,1,11,1.6861345,0.0221535954707858,21.6349606518087,0.0200562838137117,0.799775673918631,0.7,2.14,2.096,0.029580879393344,0.206531418905895,0.4998768,0.0504808,5
15,2015,mu_0p1,mu,0.1,0.7,0.8,3,0.088742638180032,0.999,3,0.876238601018625,0.1,5,3,1,5,1.7324634,0.0220711450884013,19.6207095319181,0.0214884787404364,0.799775673918631,0.7,2.126,2.09,0.029580879393344,0.206531418905895,0.4998768,0.0504808,5
15,2015,rank_3,rank,3,0.7,0.8,3,0.088742638180032,0.999,3,0.876238601018625,0.01,3,3,1,6,1.3696201,0.650222828173183,38.2542122657499,0.640343718499437,0.799775673918631,0.7,2.996,2.986,0.029580879393344,0.206531418905895,0.4998768,0.0504808,5
15,2015,rank_7,rank,7,0.7,0.8,3,0.088742638180032,0.999,3,0.876238601018625,0.01,7,3,1,17,1.8792549,0.0258137680457146,15.1844250726429,0.0263514770039256,0.799775673918631,0.7,2.444,2.502,0.029580879393344,0.206531418905895,0.4998768,0.0504808,5
15,2015,irls_1,irls,1,0.7,0.8,3,0.088742638180032,0.999,3,0.876238601018625,0.01,5,1,1,12,1.5740237,0.0223153270491764,20.1628883673383,0.0207936413099516,0.799775673918631,0.7,1,1,0.029580879393344,0.206531418905895,0.4998768,0.0504808,5
15,2015,irls_5,irls,5,0.7,0.8,3,0.088742638180032,0.999,3,0.876238601018625,0.01,5,5,1,14,1.6955132,0.0220740823222953,23.1104314181341,0.0211346325471569,0.799775673918631,0.7,2.27,2.22,0.029580879393344,0.206531418905895,0.4998768,0.0504808,5
16,2016,default,default,NaN,0.7,0.8,3,0.0881638433995379,0.999,3,0.73004653348531,0.01,5,3,1,16,1.7970102,0.0231617774824762,22.6876679394225,0.0211714921028049,0.798944255812532,0.7,2.138,2.1,0.029387947799846,0.172073618136398,0.500692,0.050196,5
16,2016,lambda_min_0p1,lambda_min,0.1,0.1,0.8,3,0.0881638433995379,0.999,3,0.73004653348531,0.01,5,3,1,12,1.6815905,0.023159491493612,13.6392143032435,0.021377753736806,0.792609790687737,0.1,2.122,2.074,0.029387947799846,0.172073618136398,0.500692,0.050196,5
16,2016,lambda_min_0p4,lambda_min,0.4,0.4,0.8,3,0.0881638433995379,0.999,3,0.73004653348531,0.01,5,3,1,8,1.7158361,0.0231614507037229,20.0274304990345,0.0211001544258421,0.795777023250134,0.4,2.136,2.09,0.029387947799846,0.172073618136398,0.500692,0.050196,5
16,2016,lambda_max_0p9,lambda_max,0.9,0.7,0.9,3,0.0881638433995379,0.999,3,0.73004653348531,0.01,5,3,1,9,1.7375753,0.0319130384489969,42.0922727931047,0.0287427002379385,0.89788851162507,0.7,2.236,2.186,0.029387947799846,0.172073618136398,0.500692,0.050196,5
16,2016,lambda_max_0p99,lambda_max,0.99,0.7,0.99,3,0.0881638433995379,0.999,3,0.73004653348531,0.01,5,3,1,17,1.8028514,0.110722179306189,49.8994331216393,0.974980811008417,0.986938341856347,0.7,2.79,2.784,0.029387947799846,0.172073618136398,0.500692,0.050196,5
16,2016,huber_1p345,huber,1.345,0.7,0.8,1.345,0.0395267897907928,0.999,3,0.73004653348531,0.01,5,3,1,13,1.7931148,0.0213602148690647,27.0963638062119,0.0196932125943868,0.798944255812532,0.7,2.992,2.958,0.029387947799846,0.172073618136398,0.500692,0.050196,5
16,2016,huber_6,huber,6,0.7,0.8,6,0.176327686799076,0.999,3,0.73004653348531,0.01,5,3,1,5,1.7340317,0.0317909319761741,18.5772400493145,0.0291252313516996,0.798944255812532,0.7,2.072,2.064,0.029387947799846,0.172073618136398,0.500692,0.050196,5
16,2016,alpha_0p9,alpha,0.9,0.7,0.8,3,0.0881638433995379,0.9,3,0.73004653348531,0.01,5,3,1,2,1.7207807,0.0231619496198902,22.6713873839704,0.0211719899861171,0.797758245990248,0.7,2.138,2.1,0.029387947799846,0.172073618136398,0.500692,0.050196,5
16,2016,alpha_0p99,alpha,0.99,0.7,0.8,3,0.0881638433995379,0.99,3,0.73004653348531,0.01,5,3,1,10,1.7337034,0.0231619499147604,22.6879126738346,0.0211719582148633,0.798518812087259,0.7,2.138,2.1,0.029387947799846,0.172073618136398,0.500692,0.050196,5
16,2016,theta_1,theta,1,0.7,0.8,3,0.0881638433995379,0.999,1,0.243348844495103,0.01,5,3,1,11,1.7230251,0.0231021958118867,22.4721642682292,0.0211581332982814,0.792617023760876,0.7,2.138,2.1,0.029387947799846,0.172073618136398,0.500692,0.050196,5
16,2016,theta_6,theta,6,0.7,0.8,3,0.0881638433995379,0.999,6,1.46009306697062,0.01,5,3,1,14,1.6911956,0.0231618062617956,22.7423449718511,0.0211729857793418,0.799799999999998,0.7,2.138,2.1,0.029387947799846,0.172073618136398,0.500692,0.050196,5
16,2016,mu_0p001,mu,0.001,0.7,0.8,3,0.0881638433995379,0.999,3,0.73004653348531,0.001,5,3,1,4,1.7270231,0.0230792042099676,22.4340645424887,0.0212921605328909,0.798944255812532,0.7,2.134,2.096,0.029387947799846,0.172073618136398,0.500692,0.050196,5
16,2016,mu_0p1,mu,0.1,0.7,0.8,3,0.0881638433995379,0.999,3,0.73004653348531,0.1,5,3,1,7,1.7463822,0.0235201893236921,22.5605823901011,0.0215007218886927,0.798944255812532,0.7,2.162,2.11,0.029387947799846,0.172073618136398,0.500692,0.050196,5
16,2016,rank_3,rank,3,0.7,0.8,3,0.0881638433995379,0.999,3,0.73004653348531,0.01,3,3,1,3,1.3630231,0.634371676930767,37.6460552889038,0.6276349908826,0.798944255812532,0.7,2.996,2.998,0.029387947799846,0.172073618136398,0.500692,0.050196,5
16,2016,rank_7,rank,7,0.7,0.8,3,0.0881638433995379,0.999,3,0.73004653348531,0.01,7,3,1,6,1.9463748,0.0250321601627909,16.5684973977123,0.024332973556199,0.798944255812532,0.7,2.502,2.436,0.029387947799846,0.172073618136398,0.500692,0.050196,5
16,2016,irls_1,irls,1,0.7,0.8,3,0.0881638433995379,0.999,3,0.73004653348531,0.01,5,1,1,15,1.5996867,0.0231881137629888,21.7519611176986,0.0216110635883012,0.798944255812532,0.7,1,1,0.029387947799846,0.172073618136398,0.500692,0.050196,5
16,2016,irls_5,irls,5,0.7,0.8,3,0.0881638433995379,0.999,3,0.73004653348531,0.01,5,5,1,1,1.7303736,0.023171329771685,22.258406679524,0.0211878047377776,0.798944255812532,0.7,2.268,2.206,0.029387947799846,0.172073618136398,0.500692,0.050196,5
17,2017,default,default,NaN,0.7,0.8,3,0.0882528960984323,0.999,3,0.716905033699971,0.01,5,3,1,11,1.704456,0.0222433042410737,18.9388195842822,0.020376341037763,0.799782994945287,0.7,2.114,2.086,0.0294176320328108,0.168976136932007,0.5000344,0.0496224,3
17,2017,lambda_min_0p1,lambda_min,0.1,0.1,0.8,3,0.0882528960984323,0.999,3,0.716905033699971,0.01,5,3,1,13,1.7360608,0.0222433042410737,11.6565664598076,0.0204785671028294,0.798480964617021,0.1,2.104,2.072,0.0294176320328108,0.168976136932007,0.5000344,0.0496224,3
17,2017,lambda_min_0p4,lambda_min,0.4,0.4,0.8,3,0.0882528960984323,0.999,3,0.716905033699971,0.01,5,3,1,9,1.732591,0.0222433042410737,16.5393592480606,0.0203452083387332,0.799131979781154,0.4,2.11,2.082,0.0294176320328108,0.168976136932007,0.5000344,0.0496224,3
17,2017,lambda_max_0p9,lambda_max,0.9,0.7,0.9,3,0.0882528960984323,0.999,3,0.716905033699971,0.01,5,3,1,5,1.7134454,0.0290393669824468,36.4729189088851,0.0261004901932398,0.89956598989058,0.7,2.204,2.152,0.0294176320328108,0.168976136932007,0.5000344,0.0496224,3
17,2017,lambda_max_0p99,lambda_max,0.99,0.7,0.99,3,0.0882528960984323,0.999,3,0.716905033699971,0.01,5,3,1,8,1.7534367,0.102617990708056,49.7154604645015,0.971641854413039,0.989370685341336,0.7,2.79,2.772,0.0294176320328108,0.168976136932007,0.5000344,0.0496224,3
17,2017,huber_1p345,huber,1.345,0.7,0.8,1.345,0.0395667150841305,0.999,3,0.716905033699971,0.01,5,3,1,3,1.7744741,0.0195131263059869,23.456463714857,0.0181072081473061,0.799782994945287,0.7,2.98,2.948,0.0294176320328108,0.168976136932007,0.5000344,0.0496224,3
17,2017,huber_6,huber,6,0.7,0.8,6,0.176505792196865,0.999,3,0.716905033699971,0.01,5,3,1,17,1.6793013,0.0307091425319879,15.7804907518468,0.029066697130004,0.799782994945287,0.7,2.064,2.06,0.0294176320328108,0.168976136932007,0.5000344,0.0496224,3
17,2017,alpha_0p9,alpha,0.9,0.7,0.8,3,0.0882528960984323,0.9,3,0.716905033699971,0.01,5,3,1,6,1.7318935,0.0222433042410737,18.9235070424332,0.020376183365048,0.799776957177769,0.7,2.114,2.086,0.0294176320328108,0.168976136932007,0.5000344,0.0496224,3
17,2017,alpha_0p99,alpha,0.99,0.7,0.8,3,0.0882528960984323,0.99,3,0.716905033699971,0.01,5,3,1,7,1.7088662,0.0222433042410737,18.9376648749441,0.0203763277342645,0.799782537707165,0.7,2.114,2.086,0.0294176320328108,0.168976136932007,0.5000344,0.0496224,3
17,2017,theta_1,theta,1,0.7,0.8,3,0.0882528960984323,0.999,1,0.238968344566657,0.01,5,3,1,12,1.7065855,0.022474764807529,18.3407604818014,0.0203799435448145,0.789760778164185,0.7,2.112,2.084,0.0294176320328108,0.168976136932007,0.5000344,0.0496224,3
17,2017,theta_6,theta,6,0.7,0.8,3,0.0882528960984323,0.999,6,1.43381006739994,0.01,5,3,1,10,1.7396513,0.0222433042410737,18.9818381297883,0.0203772015865391,0.799799999999998,0.7,2.114,2.088,0.0294176320328108,0.168976136932007,0.5000344,0.0496224,3
17,2017,mu_0p001,mu,0.001,0.7,0.8,3,0.0882528960984323,0.999,3,0.716905033699971,0.001,5,3,1,16,1.7324611,0.0222339094070018,18.9858629475063,0.0204671303581825,0.799782994945287,0.7,2.122,2.088,0.0294176320328108,0.168976136932007,0.5000344,0.0496224,3
17,2017,mu_0p1,mu,0.1,0.7,0.8,3,0.0882528960984323,0.999,3,0.716905033699971,0.1,5,3,1,15,1.7392071,0.0220343800575282,19.1217475117314,0.0213026917127841,0.799782994945287,0.7,2.124,2.09,0.0294176320328108,0.168976136932007,0.5000344,0.0496224,3
17,2017,rank_3,rank,3,0.7,0.8,3,0.0882528960984323,0.999,3,0.716905033699971,0.01,3,3,1,14,1.3715468,0.649385403241422,37.4775399617703,0.628146728245905,0.799782994945287,0.7,2.996,2.994,0.0294176320328108,0.168976136932007,0.5000344,0.0496224,3
17,2017,rank_7,rank,7,0.7,0.8,3,0.0882528960984323,0.999,3,0.716905033699971,0.01,7,3,1,1,1.9231586,0.0259107300386942,15.1591534029219,0.0261521846002898,0.799782994945287,0.7,2.452,2.476,0.0294176320328108,0.168976136932007,0.5000344,0.0496224,3
17,2017,irls_1,irls,1,0.7,0.8,3,0.0882528960984323,0.999,3,0.716905033699971,0.01,5,1,1,4,1.5696948,0.0225291513855003,18.9336726080099,0.0203757057898101,0.799782994945287,0.7,1,1,0.0294176320328108,0.168976136932007,0.5000344,0.0496224,3
17,2017,irls_5,irls,5,0.7,0.8,3,0.0882528960984323,0.999,3,0.716905033699971,0.01,5,5,1,2,1.7131896,0.0222067181251781,18.9542848438003,0.0204464771777299,0.799782994945287,0.7,2.232,2.194,0.0294176320328108,0.168976136932007,0.5000344,0.0496224,3
18,2018,default,default,NaN,0.7,0.8,3,0.0879949617519885,0.999,3,0.998733229095912,0.01,5,3,1,17,1.6845637,0.0215974552025364,20.7736124248222,0.0197595862005464,0.799790493470453,0.7,2.142,2.094,0.0293316539173295,0.235403679630019,0.4997616,0.049992,3
18,2018,lambda_min_0p1,lambda_min,0.1,0.1,0.8,3,0.0879949617519885,0.999,3,0.998733229095912,0.01,5,3,1,15,1.7330416,0.0215974552025364,13.4773715781689,0.0199865536053124,0.798533454293179,0.1,2.112,2.076,0.0293316539173295,0.235403679630019,0.4997616,0.049992,3
18,2018,lambda_min_0p4,lambda_min,0.4,0.4,0.8,3,0.0879949617519885,0.999,3,0.998733229095912,0.01,5,3,1,13,1.7388037,0.0215974552025364,18.4307337423546,0.0198810821463861,0.799161973881816,0.4,2.128,2.09,0.0293316539173295,0.235403679630019,0.4997616,0.049992,3
18,2018,lambda_max_0p9,lambda_max,0.9,0.7,0.9,3,0.0879949617519885,0.999,3,0.998733229095912,0.01,5,3,1,11,1.6687804,0.0281256289817934,41.4925773299374,0.0257140007982785,0.899580986940911,0.7,2.226,2.182,0.0293316539173295,0.235403679630019,0.4997616,0.049992,3
18,2018,lambda_max_0p99,lambda_max,0.99,0.7,0.99,3,0.0879949617519885,0.999,3,0.998733229095912,0.01,5,3,1,8,1.7990224,0.0987590999111648,49.7640843213978,0.984689172108805,0.989392431064316,0.7,2.762,2.742,0.0293316539173295,0.235403679630019,0.4997616,0.049992,3
18,2018,huber_1p345,huber,1.345,0.7,0.8,1.345,0.0394510745188082,0.999,3,0.998733229095912,0.01,5,3,1,2,1.7563964,0.0204799766243574,26.2352871655834,0.0175880494726646,0.799790493470453,0.7,2.978,2.952,0.0293316539173295,0.235403679630019,0.4997616,0.049992,3
18,2018,huber_6,huber,6,0.7,0.8,6,0.175989923503977,0.999,3,0.998733229095912,0.01,5,3,1,1,1.7012112,0.029539694352044,17.5895653996499,0.0276888334495303,0.799790493470453,0.7,2.062,2.06,0.0293316539173295,0.235403679630019,0.4997616,0.049992,3
18,2018,alpha_0p9,alpha,0.9,0.7,0.8,3,0.0879949617519885,0.9,3,0.998733229095912,0.01,5,3,1,6,1.7103035,0.0215974552025364,20.7710529815889,0.0197595822506343,0.799789502638614,0.7,2.142,2.094,0.0293316539173295,0.235403679630019,0.4997616,0.049992,3
18,2018,alpha_0p99,alpha,0.99,0.7,0.8,3,0.0879949617519885,0.99,3,0.998733229095912,0.01,5,3,1,16,1.7198724,0.0215974552025364,20.7734000050918,0.0197595857666653,0.799790411190925,0.7,2.142,2.094,0.0293316539173295,0.235403679630019,0.4997616,0.049992,3
18,2018,theta_1,theta,1,0.7,0.8,3,0.0879949617519885,0.999,1,0.332911076365304,0.01,5,3,1,3,1.694539,0.0216593287156768,20.0467749484071,0.0197718235488943,0.794370673740811,0.7,2.14,2.088,0.0293316539173295,0.235403679630019,0.4997616,0.049992,3
18,2018,theta_6,theta,6,0.7,0.8,3,0.0879949617519885,0.999,6,1.99746645819182,0.01,5,3,1,4,1.7209497,0.0215974552025364,20.7980224390107,0.0197596707838747,0.799799999999998,0.7,2.142,2.094,0.0293316539173295,0.235403679630019,0.4997616,0.049992,3
18,2018,mu_0p001,mu,0.001,0.7,0.8,3,0.0879949617519885,0.999,3,0.998733229095912,0.001,5,3,1,14,1.7247871,0.0212621071252455,20.8615632751783,0.0198459376873687,0.799790493470453,0.7,2.13,2.09,0.0293316539173295,0.235403679630019,0.4997616,0.049992,3
18,2018,mu_0p1,mu,0.1,0.7,0.8,3,0.0879949617519885,0.999,3,0.998733229095912,0.1,5,3,1,9,1.7508313,0.022390054134317,20.4551125119042,0.0201263488591056,0.799790493470453,0.7,2.108,2.074,0.0293316539173295,0.235403679630019,0.4997616,0.049992,3
18,2018,rank_3,rank,3,0.7,0.8,3,0.0879949617519885,0.999,3,0.998733229095912,0.01,3,3,1,5,1.3833651,0.633358726813914,36.578939096003,0.620418716035872,0.799790493470453,0.7,2.99,2.99,0.0293316539173295,0.235403679630019,0.4997616,0.049992,3
18,2018,rank_7,rank,7,0.7,0.8,3,0.0879949617519885,0.999,3,0.998733229095912,0.01,7,3,1,7,1.8742541,0.0250186949583283,16.0482440311322,0.0272767718025985,0.799790493470453,0.7,2.55,2.538,0.0293316539173295,0.235403679630019,0.4997616,0.049992,3
18,2018,irls_1,irls,1,0.7,0.8,3,0.0879949617519885,0.999,3,0.998733229095912,0.01,5,1,1,12,1.6105203,0.0214823978682888,20.9447897228145,0.0199530105407315,0.799790493470453,0.7,1,1,0.0293316539173295,0.235403679630019,0.4997616,0.049992,3
18,2018,irls_5,irls,5,0.7,0.8,3,0.0879949617519885,0.999,3,0.998733229095912,0.01,5,5,1,10,1.7231476,0.0216476228134533,20.8922881342143,0.0199690273910528,0.799790493470453,0.7,2.258,2.208,0.0293316539173295,0.235403679630019,0.4997616,0.049992,3
19,2019,default,default,NaN,0.7,0.8,3,0.0873597702709959,0.999,3,0.674040216819333,0.01,5,3,1,16,1.7274166,0.0213614388917588,24.0814989696913,0.0205806645554712,0.799345731006517,0.7,2.168,2.116,0.0291199234236653,0.1588728027018,0.4997312,0.0500816,2
19,2019,lambda_min_0p1,lambda_min,0.1,0.1,0.8,3,0.0873597702709959,0.999,3,0.674040216819333,0.01,5,3,1,3,1.7253783,0.0223096019211395,12.4702111789998,0.0206231524651654,0.795420117045627,0.1,2.136,2.088,0.0291199234236653,0.1588728027018,0.4997312,0.0500816,2
19,2019,lambda_min_0p4,lambda_min,0.4,0.4,0.8,3,0.0873597702709959,0.999,3,0.674040216819333,0.01,5,3,1,11,1.7331494,0.021555407949558,19.9588384629127,0.0203165354411214,0.797382924026072,0.4,2.174,2.116,0.0291199234236653,0.1588728027018,0.4997312,0.0500816,2
19,2019,lambda_max_0p9,lambda_max,0.9,0.7,0.9,3,0.0873597702709959,0.999,3,0.674040216819333,0.01,5,3,1,13,1.7370235,0.0258208085623677,41.7520615009273,0.0270737398021237,0.898691462013039,0.7,2.318,2.246,0.0291199234236653,0.1588728027018,0.4997312,0.0500816,2
19,2019,lambda_max_0p99,lambda_max,0.99,0.7,0.99,3,0.0873597702709959,0.999,3,0.674040216819333,0.01,5,3,1,5,1.7859736,0.0824679494120725,49.8035672401355,0.966726115517968,0.988102619918901,0.7,2.828,2.812,0.0291199234236653,0.1588728027018,0.4997312,0.0500816,2
19,2019,huber_1p345,huber,1.345,0.7,0.8,1.345,0.0391662970048298,0.999,3,0.674040216819333,0.01,5,3,1,9,1.8095478,0.0182212056847677,26.3330928415359,0.0192442546123893,0.799345731006517,0.7,2.986,2.952,0.0291199234236653,0.1588728027018,0.4997312,0.0500816,2
19,2019,huber_6,huber,6,0.7,0.8,6,0.174719540541992,0.999,3,0.674040216819333,0.01,5,3,1,12,1.6963703,0.0300452709753859,18.9997267689315,0.0276040825910117,0.799345731006517,0.7,2.084,2.08,0.0291199234236653,0.1588728027018,0.4997312,0.0500816,2
19,2019,alpha_0p9,alpha,0.9,0.7,0.8,3,0.0873597702709959,0.9,3,0.674040216819333,0.01,5,3,1,14,1.6969038,0.0213614618667424,24.0882623679519,0.0205808622041857,0.799134374310172,0.7,2.168,2.116,0.0291199234236653,0.1588728027018,0.4997312,0.0500816,2
19,2019,alpha_0p99,alpha,0.99,0.7,0.8,3,0.0873597702709959,0.99,3,0.674040216819333,0.01,5,3,1,17,1.6700012,0.0213614407919782,24.08225198632,0.0205806403293702,0.799344652102133,0.7,2.168,2.116,0.0291199234236653,0.1588728027018,0.4997312,0.0500816,2
19,2019,theta_1,theta,1,0.7,0.8,3,0.0873597702709959,0.999,1,0.224680072273111,0.01,5,3,1,4,1.6604087,0.0215920090236535,23.6278600054744,0.0205062424661612,0.791756021737398,0.7,2.174,2.114,0.0291199234236653,0.1588728027018,0.4997312,0.0500816,2
19,2019,theta_6,theta,6,0.7,0.8,3,0.0873597702709959,0.999,6,1.34808043363867,0.01,5,3,1,15,1.6866405,0.021338292379689,24.0408371900894,0.0205918379386549,0.799799999999998,0.7,2.166,2.116,0.0291199234236653,0.1588728027018,0.4997312,0.0500816,2
19,2019,mu_0p001,mu,0.001,0.7,0.8,3,0.0873597702709959,0.999,3,0.674040216819333,0.001,5,3,1,1,1.744511,0.0216960721067215,23.0195102565678,0.0208611430759692,0.799345731006517,0.7,2.172,2.116,0.0291199234236653,0.1588728027018,0.4997312,0.0500816,2
19,2019,mu_0p1,mu,0.1,0.7,0.8,3,0.0873597702709959,0.999,3,0.674040216819333,0.1,5,3,1,8,1.7432917,0.0232378709967751,21.2136666979981,0.0215780744679284,0.799345731006517,0.7,2.142,2.092,0.0291199234236653,0.1588728027018,0.4997312,0.0500816,2
19,2019,rank_3,rank,3,0.7,0.8,3,0.0873597702709959,0.999,3,0.674040216819333,0.01,3,3,1,2,1.3747002,0.648184467222966,37.9722573193572,0.624247302689306,0.799345731006517,0.7,2.998,2.99,0.0291199234236653,0.1588728027018,0.4997312,0.0500816,2
19,2019,rank_7,rank,7,0.7,0.8,3,0.0873597702709959,0.999,3,0.674040216819333,0.01,7,3,1,7,1.9146975,0.0262108986381304,15.090620230138,0.0263512468025448,0.799345731006517,0.7,2.548,2.528,0.0291199234236653,0.1588728027018,0.4997312,0.0500816,2
19,2019,irls_1,irls,1,0.7,0.8,3,0.0873597702709959,0.999,3,0.674040216819333,0.01,5,1,1,10,1.6373186,0.0214035129997268,23.1977826278065,0.0203881681581468,0.799345731006517,0.7,1,1,0.0291199234236653,0.1588728027018,0.4997312,0.0500816,2
19,2019,irls_5,irls,5,0.7,0.8,3,0.0873597702709959,0.999,3,0.674040216819333,0.01,5,5,1,6,1.7519704,0.0213429271964947,24.021690618842,0.0206264849704635,0.799345731006517,0.7,2.314,2.246,0.0291199234236653,0.1588728027018,0.4997312,0.0500816,2
20,2020,default,default,NaN,0.7,0.8,3,0.0870464472338887,0.999,3,0.694344585941215,0.01,5,3,1,12,1.7128159,0.0217526124832407,21.6977180454337,0.0196368737452926,0.799542688503109,0.7,2.098,2.08,0.0290154824112962,0.163658588399733,0.4998072,0.049724,4
20,2020,lambda_min_0p1,lambda_min,0.1,0.1,0.8,3,0.0870464472338887,0.999,3,0.694344585941215,0.01,5,3,1,17,1.7047834,0.0226056388644959,13.8156644604339,0.0200272819051674,0.796798819521772,0.1,2.09,2.064,0.0290154824112962,0.163658588399733,0.4998072,0.049724,4
20,2020,lambda_min_0p4,lambda_min,0.4,0.4,0.8,3,0.0870464472338887,0.999,3,0.694344585941215,0.01,5,3,1,4,1.7265205,0.0219156638708221,19.0562425148374,0.0199874484823003,0.798170754012441,0.4,2.102,2.08,0.0290154824112962,0.163658588399733,0.4998072,0.049724,4
20,2020,lambda_max_0p9,lambda_max,0.9,0.7,0.9,3,0.0870464472338887,0.999,3,0.694344585941215,0.01,5,3,1,1,1.7306996,0.0282682540449664,41.3003308247276,0.0251556099165095,0.899085377006223,0.7,2.194,2.156,0.0290154824112962,0.163658588399733,0.4998072,0.049724,4
20,2020,lambda_max_0p99,lambda_max,0.99,0.7,0.99,3,0.0870464472338887,0.999,3,0.694344585941215,0.01,5,3,1,16,1.80979,0.0997038953859024,49.808217990224,0.977085286758356,0.988673796659019,0.7,2.794,2.784,0.0290154824112962,0.163658588399733,0.4998072,0.049724,4
20,2020,huber_1p345,huber,1.345,0.7,0.8,1.345,0.0390258238431934,0.999,3,0.694344585941215,0.01,5,3,1,8,1.8230886,0.0192258744852824,25.647045996356,0.0177126457366606,0.799542688503109,0.7,2.996,2.98,0.0290154824112962,0.163658588399733,0.4998072,0.049724,4
20,2020,huber_6,huber,6,0.7,0.8,6,0.174092894467777,0.999,3,0.694344585941215,0.01,5,3,1,9,1.6729794,0.029699289874607,18.9866356425978,0.0276246290234437,0.799542688503109,0.7,2.074,2.068,0.0290154824112962,0.163658588399733,0.4998072,0.049724,4
20,2020,alpha_0p9,alpha,0.9,0.7,0.8,3,0.0870464472338887,0.9,3,0.694344585941215,0.01,5,3,1,10,1.7093778,0.0217526124832407,21.6840645238263,0.0196656791718692,0.79867394550001,0.7,2.098,2.08,0.0290154824112962,0.163658588399733,0.4998072,0.049724,4
20,2020,alpha_0p99,alpha,0.99,0.7,0.8,3,0.0870464472338887,0.99,3,0.694344585941215,0.01,5,3,1,13,1.7112667,0.0217526124832407,21.6966252663317,0.0196489857908328,0.799303482707985,0.7,2.098,2.08,0.0290154824112962,0.163658588399733,0.4998072,0.049724,4
20,2020,theta_1,theta,1,0.7,0.8,3,0.0870464472338887,0.999,1,0.231448195313738,0.01,5,3,1,15,1.681817,0.0219193541279648,21.4040584977661,0.0196409136682378,0.790743412153571,0.7,2.096,2.08,0.0290154824112962,0.163658588399733,0.4998072,0.049724,4
20,2020,theta_6,theta,6,0.7,0.8,3,0.0870464472338887,0.999,6,1.38868917188243,0.01,5,3,1,5,1.7035194,0.0217388207660057,21.8417137816048,0.0196403241657422,0.799799999999998,0.7,2.098,2.08,0.0290154824112962,0.163658588399733,0.4998072,0.049724,4
20,2020,mu_0p001,mu,0.001,0.7,0.8,3,0.0870464472338887,0.999,3,0.694344585941215,0.001,5,3,1,2,1.7058394,0.0217179553856205,22.7220101694974,0.0197051562609776,0.799542688503109,0.7,2.126,2.102,0.0290154824112962,0.163658588399733,0.4998072,0.049724,4
20,2020,mu_0p1,mu,0.1,0.7,0.8,3,0.0870464472338887,0.999,3,0.694344585941215,0.1,5,3,1,6,1.7129042,0.0222346658379767,20.7807863476071,0.0204563883568155,0.799542688503109,0.7,2.11,2.08,0.0290154824112962,0.163658588399733,0.4998072,0.049724,4
20,2020,rank_3,rank,3,0.7,0.8,3,0.0870464472338887,0.999,3,0.694344585941215,0.01,3,3,1,11,1.3658557,0.600103298377668,37.9968712355158,0.646247920701493,0.799542688503109,0.7,2.99,2.974,0.0290154824112962,0.163658588399733,0.4998072,0.049724,4
20,2020,rank_7,rank,7,0.7,0.8,3,0.0870464472338887,0.999,3,0.694344585941215,0.01,7,3,1,14,1.86462,0.0252467537911568,15.6231203500307,0.0285773561872194,0.799542688503109,0.7,2.602,2.564,0.0290154824112962,0.163658588399733,0.4998072,0.049724,4
20,2020,irls_1,irls,1,0.7,0.8,3,0.0870464472338887,0.999,3,0.694344585941215,0.01,5,1,1,3,1.6318032,0.0214113739965219,21.5487145627415,0.0197803864768039,0.799542688503109,0.7,1,1,0.0290154824112962,0.163658588399733,0.4998072,0.049724,4
20,2020,irls_5,irls,5,0.7,0.8,3,0.0870464472338887,0.999,3,0.694344585941215,0.01,5,5,1,7,1.7201479,0.0217142250972705,22.0556390481553,0.0201839630457297,0.799542688503109,0.7,2.264,2.214,0.0290154824112962,0.163658588399733,0.4998072,0.049724,4
21,2021,default,default,NaN,0.7,0.8,3,0.087416819934662,0.999,3,1.05894493935188,0.01,5,3,1,3,1.719756,0.0218333927915228,20.9124125924176,0.0208471251369731,0.799775885620698,0.7,2.148,2.096,0.0291389399782207,0.24959571583963,0.5003,0.0501336,3
21,2021,lambda_min_0p1,lambda_min,0.1,0.1,0.8,3,0.087416819934662,0.999,3,1.05894493935188,0.01,5,3,1,12,1.7277053,0.0218333927915228,12.7608956852988,0.0209306903498571,0.798431199344897,0.1,2.138,2.09,0.0291389399782207,0.24959571583963,0.5003,0.0501336,3
21,2021,lambda_min_0p4,lambda_min,0.4,0.4,0.8,3,0.087416819934662,0.999,3,1.05894493935188,0.01,5,3,1,7,1.7378739,0.0218333927915228,18.0185931594752,0.0209618542119177,0.799103542482798,0.4,2.148,2.09,0.0291389399782207,0.24959571583963,0.5003,0.0501336,3
21,2021,lambda_max_0p9,lambda_max,0.9,0.7,0.9,3,0.087416819934662,0.999,3,1.05894493935188,0.01,5,3,1,10,1.7103058,0.028904415086273,40.0382665547729,0.0283579260124252,0.899551771241402,0.7,2.242,2.172,0.0291389399782207,0.24959571583963,0.5003,0.0501336,3
21,2021,lambda_max_0p99,lambda_max,0.99,0.7,0.99,3,0.087416819934662,0.999,3,1.05894493935188,0.01,5,3,1,14,1.7556898,0.098222853738784,49.8111431822357,0.983953726118819,0.989350068300027,0.7,2.792,2.788,0.0291389399782207,0.24959571583963,0.5003,0.0501336,3
21,2021,huber_1p345,huber,1.345,0.7,0.8,1.345,0.0391918742707068,0.999,3,1.05894493935188,0.01,5,3,1,5,1.7755875,0.0212647609979822,28.1069342593489,0.019265293651821,0.799775885620698,0.7,2.968,2.932,0.0291389399782207,0.24959571583963,0.5003,0.0501336,3
21,2021,huber_6,huber,6,0.7,0.8,6,0.174833639869324,0.999,3,1.05894493935188,0.01,5,3,1,17,1.7206694,0.0300221983691693,18.8152006747227,0.0282980627899767,0.799775885620698,0.7,2.074,2.066,0.0291389399782207,0.24959571583963,0.5003,0.0501336,3
21,2021,alpha_0p9,alpha,0.9,0.7,0.8,3,0.087416819934662,0.9,3,1.05894493935188,0.01,5,3,1,13,1.6780397,0.0218333927915228,20.9067286067677,0.0208463493409857,0.799773583399928,0.7,2.148,2.096,0.0291389399782207,0.24959571583963,0.5003,0.0501336,3
21,2021,alpha_0p99,alpha,0.99,0.7,0.8,3,0.087416819934662,0.99,3,1.05894493935188,0.01,5,3,1,6,1.7390505,0.0218333927915228,20.9119382429946,0.0208470616244993,0.799775693042123,0.7,2.148,2.096,0.0291389399782207,0.24959571583963,0.5003,0.0501336,3
21,2021,theta_1,theta,1,0.7,0.8,3,0.087416819934662,0.999,1,0.352981646450626,0.01,5,3,1,15,1.6574742,0.0218267372405592,20.6307785235867,0.0208109855043184,0.795632639988785,0.7,2.146,2.096,0.0291389399782207,0.24959571583963,0.5003,0.0501336,3
21,2021,theta_6,theta,6,0.7,0.8,3,0.087416819934662,0.999,6,2.11788987870375,0.01,5,3,1,4,1.7133414,0.0218333927915228,20.9722029948024,0.0208550452569127,0.799799999999998,0.7,2.148,2.096,0.0291389399782207,0.24959571583963,0.5003,0.0501336,3
21,2021,mu_0p001,mu,0.001,0.7,0.8,3,0.087416819934662,0.999,3,1.05894493935188,0.001,5,3,1,8,1.6758735,0.0225887628028737,24.2606329958098,0.0206252513253626,0.799775885620698,0.7,2.16,2.108,0.0291389399782207,0.24959571583963,0.5003,0.0501336,3
21,2021,mu_0p1,mu,0.1,0.7,0.8,3,0.087416819934662,0.999,3,1.05894493935188,0.1,5,3,1,2,1.7173365,0.023073281866862,21.2104659712346,0.0210491555800231,0.799775885620698,0.7,2.14,2.08,0.0291389399782207,0.24959571583963,0.5003,0.0501336,3
21,2021,rank_3,rank,3,0.7,0.8,3,0.087416819934662,0.999,3,1.05894493935188,0.01,3,3,1,16,1.3125516,0.644379083084243,37.7585931081976,0.634046651472334,0.799775885620698,0.7,2.996,2.996,0.0291389399782207,0.24959571583963,0.5003,0.0501336,3
21,2021,rank_7,rank,7,0.7,0.8,3,0.087416819934662,0.999,3,1.05894493935188,0.01,7,3,1,11,1.8921414,0.0274557635355199,15.2001152345826,0.0282228877770358,0.799775885620698,0.7,2.624,2.628,0.0291389399782207,0.24959571583963,0.5003,0.0501336,3
21,2021,irls_1,irls,1,0.7,0.8,3,0.087416819934662,0.999,3,1.05894493935188,0.01,5,1,1,9,1.5699973,0.0220826784554406,20.8289600602384,0.0206566397437897,0.799775885620698,0.7,1,1,0.0291389399782207,0.24959571583963,0.5003,0.0501336,3
21,2021,irls_5,irls,5,0.7,0.8,3,0.087416819934662,0.999,3,1.05894493935188,0.01,5,5,1,1,1.7651121,0.0225517889825325,22.0870284439755,0.0207914726209921,0.799775885620698,0.7,2.254,2.204,0.0291389399782207,0.24959571583963,0.5003,0.0501336,3
22,2022,default,default,NaN,0.7,0.8,3,0.0892867123127388,0.999,3,1.01405380783608,0.01,5,3,1,4,1.7270188,0.0223240817198155,20.9356775922618,0.0217616469764556,0.799788855832165,0.7,2.124,2.082,0.0297622374375796,0.239014774669644,0.5000472,0.0498048,3
22,2022,lambda_min_0p1,lambda_min,0.1,0.1,0.8,3,0.0892867123127388,0.999,3,1.01405380783608,0.01,5,3,1,16,1.7576518,0.0223240817198155,13.3294231864956,0.0217465428877832,0.798521990825163,0.1,2.106,2.07,0.0297622374375796,0.239014774669644,0.5000472,0.0498048,3
22,2022,lambda_min_0p4,lambda_min,0.4,0.4,0.8,3,0.0892867123127388,0.999,3,1.01405380783608,0.01,5,3,1,1,1.7489858,0.0223240817198155,18.3990384609409,0.021776386007745,0.799155423328664,0.4,2.122,2.076,0.0297622374375796,0.239014774669644,0.5000472,0.0498048,3
22,2022,lambda_max_0p9,lambda_max,0.9,0.7,0.9,3,0.0892867123127388,0.999,3,1.01405380783608,0.01,5,3,1,8,1.7410283,0.0293945483029799,41.9298792825483,0.0304629880691982,0.899577711664335,0.7,2.21,2.18,0.0297622374375796,0.239014774669644,0.5000472,0.0498048,3
22,2022,lambda_max_0p99,lambda_max,0.99,0.7,0.99,3,0.0892867123127388,0.999,3,1.01405380783608,0.01,5,3,1,5,1.7703937,0.101235044735001,49.974316153018,0.99505026894799,0.98938768191328,0.7,2.72,2.712,0.0297622374375796,0.239014774669644,0.5000472,0.0498048,3
22,2022,huber_1p345,huber,1.345,0.7,0.8,1.345,0.0400302093535446,0.999,3,1.01405380783608,0.01,5,3,1,2,1.816695,0.0200401674423262,25.4199315836938,0.0198001492248371,0.799788855832165,0.7,2.976,2.942,0.0297622374375796,0.239014774669644,0.5000472,0.0498048,3
22,2022,huber_6,huber,6,0.7,0.8,6,0.178573424625478,0.999,3,1.01405380783608,0.01,5,3,1,10,1.670529,0.0312312323478597,18.1923871003906,0.0306028685217166,0.799788855832165,0.7,2.064,2.058,0.0297622374375796,0.239014774669644,0.5000472,0.0498048,3
22,2022,alpha_0p9,alpha,0.9,0.7,0.8,3,0.0892867123127388,0.9,3,1.01405380783608,0.01,5,3,1,6,1.7235156,0.0223240817198155,20.9322991872142,0.02176164422723,0.799787705331321,0.7,2.124,2.082,0.0297622374375796,0.239014774669644,0.5000472,0.0498048,3
22,2022,alpha_0p99,alpha,0.99,0.7,0.8,3,0.0892867123127388,0.99,3,1.01405380783608,0.01,5,3,1,9,1.7272903,0.0223240817198155,20.9353969347373,0.021761647331144,0.799788760215096,0.7,2.124,2.082,0.0297622374375796,0.239014774669644,0.5000472,0.0498048,3
22,2022,theta_1,theta,1,0.7,0.8,3,0.0892867123127388,0.999,1,0.338017935945359,0.01,5,3,1,17,1.7186429,0.0223891043777216,19.9393422165861,0.0217527614812039,0.795281641566687,0.7,2.12,2.08,0.0297622374375796,0.239014774669644,0.5000472,0.0498048,3
22,2022,theta_6,theta,6,0.7,0.8,3,0.0892867123127388,0.999,6,2.02810761567216,0.01,5,3,1,13,1.7167191,0.0223240817198155,20.9681329788815,0.021761501846175,0.799799999999998,0.7,2.124,2.084,0.0297622374375796,0.239014774669644,0.5000472,0.0498048,3
22,2022,mu_0p001,mu,0.001,0.7,0.8,3,0.0892867123127388,0.999,3,1.01405380783608,0.001,5,3,1,12,1.7184292,0.0220484428495803,21.7474306011011,0.0215982609258372,0.799788855832165,0.7,2.124,2.088,0.0297622374375796,0.239014774669644,0.5000472,0.0498048,3
22,2022,mu_0p1,mu,0.1,0.7,0.8,3,0.0892867123127388,0.999,3,1.01405380783608,0.1,5,3,1,3,1.6995591,0.0232692670241342,20.9716328223558,0.0218598360911821,0.799788855832165,0.7,2.116,2.08,0.0297622374375796,0.239014774669644,0.5000472,0.0498048,3
22,2022,rank_3,rank,3,0.7,0.8,3,0.0892867123127388,0.999,3,1.01405380783608,0.01,3,3,1,15,1.3678329,0.623313920358217,38.3349636464215,0.632045381292159,0.799788855832165,0.7,2.998,2.994,0.0297622374375796,0.239014774669644,0.5000472,0.0498048,3
22,2022,rank_7,rank,7,0.7,0.8,3,0.0892867123127388,0.999,3,1.01405380783608,0.01,7,3,1,7,1.9110808,0.0260382028465037,18.8246055880358,0.0254027974848637,0.799788855832165,0.7,2.372,2.418,0.0297622374375796,0.239014774669644,0.5000472,0.0498048,3
22,2022,irls_1,irls,1,0.7,0.8,3,0.0892867123127388,0.999,3,1.01405380783608,0.01,5,1,1,11,1.5639409,0.0223882025919193,21.3524333157396,0.0216977811920591,0.799788855832165,0.7,1,1,0.0297622374375796,0.239014774669644,0.5000472,0.0498048,3
22,2022,irls_5,irls,5,0.7,0.8,3,0.0892867123127388,0.999,3,1.01405380783608,0.01,5,5,1,14,1.719125,0.0224138254164178,20.7544303788376,0.0218039206993762,0.799788855832165,0.7,2.234,2.196,0.0297622374375796,0.239014774669644,0.5000472,0.0498048,3
23,2023,default,default,NaN,0.7,0.8,3,0.08700258209729,0.999,3,0.988991970780648,0.01,5,3,1,17,1.7224208,0.0230022703174655,21.159986486222,0.0209262733899745,0.799793028945053,0.7,2.112,2.086,0.0290008606990967,0.233107643026015,0.4997896,0.0499968,4
23,2023,lambda_min_0p1,lambda_min,0.1,0.1,0.8,3,0.08700258209729,0.999,3,0.988991970780648,0.01,5,3,1,7,1.7140037,0.0230022703174655,13.4457389923012,0.0207241665727742,0.798551202615385,0.1,2.102,2.068,0.0290008606990967,0.233107643026015,0.4997896,0.0499968,4
23,2023,lambda_min_0p4,lambda_min,0.4,0.4,0.8,3,0.08700258209729,0.999,3,0.988991970780648,0.01,5,3,1,6,1.7015795,0.0230022703174655,18.5956907129033,0.020863514154376,0.799172115780219,0.4,2.112,2.082,0.0290008606990967,0.233107643026015,0.4997896,0.0499968,4
23,2023,lambda_max_0p9,lambda_max,0.9,0.7,0.9,3,0.08700258209729,0.999,3,0.988991970780648,0.01,5,3,1,16,1.7249404,0.0299959379772043,39.9570179046367,0.0267906632152974,0.899586057890112,0.7,2.19,2.152,0.0290008606990967,0.233107643026015,0.4997896,0.0499968,4
23,2023,lambda_max_0p99,lambda_max,0.99,0.7,0.99,3,0.08700258209729,0.999,3,0.988991970780648,0.01,5,3,1,10,1.7871065,0.102668549487207,49.8120175833865,0.978449851427996,0.989399783940658,0.7,2.798,2.786,0.0290008606990967,0.233107643026015,0.4997896,0.0499968,4
23,2023,huber_1p345,huber,1.345,0.7,0.8,1.345,0.039006157640285,0.999,3,0.988991970780648,0.01,5,3,1,4,1.7963952,0.0204830284893344,25.3497434197091,0.0186288117580613,0.799793028945053,0.7,2.988,2.968,0.0290008606990967,0.233107643026015,0.4997896,0.0499968,4
23,2023,huber_6,huber,6,0.7,0.8,6,0.17400516419458,0.999,3,0.988991970780648,0.01,5,3,1,3,1.7293393,0.0322674869867632,17.6100347287639,0.0295063307905434,0.799793028945053,0.7,2.054,2.05,0.0290008606990967,0.233107643026015,0.4997896,0.0499968,4
23,2023,alpha_0p9,alpha,0.9,0.7,0.8,3,0.08700258209729,0.9,3,0.988991970780648,0.01,5,3,1,13,1.7333407,0.0230022703174655,21.153613154946,0.0209265022553805,0.799790385491896,0.7,2.112,2.086,0.0290008606990967,0.233107643026015,0.4997896,0.0499968,4
23,2023,alpha_0p99,alpha,0.99,0.7,0.8,3,0.08700258209729,0.99,3,0.988991970780648,0.01,5,3,1,9,1.7029779,0.0230022703174655,21.1595118845449,0.0209262904121099,0.799792832269617,0.7,2.112,2.086,0.0290008606990967,0.233107643026015,0.4997896,0.0499968,4
23,2023,theta_1,theta,1,0.7,0.8,3,0.08700258209729,0.999,1,0.329663990260216,0.01,5,3,1,8,1.6787441,0.0230605427214016,19.9120333145127,0.0209199571871691,0.793209047137041,0.7,2.112,2.084,0.0290008606990967,0.233107643026015,0.4997896,0.0499968,4
23,2023,theta_6,theta,6,0.7,0.8,3,0.08700258209729,0.999,6,1.9779839415613,0.01,5,3,1,2,1.7384915,0.0230022703174655,21.1767934930631,0.020925698001654,0.799799999999998,0.7,2.112,2.086,0.0290008606990967,0.233107643026015,0.4997896,0.0499968,4
23,2023,mu_0p001,mu,0.001,0.7,0.8,3,0.08700258209729,0.999,3,0.988991970780648,0.001,5,3,1,15,1.6907975,0.0229584289871921,21.5494456131887,0.0210598886138272,0.799793028945053,0.7,2.116,2.086,0.0290008606990967,0.233107643026015,0.4997896,0.0499968,4
23,2023,mu_0p1,mu,0.1,0.7,0.8,3,0.08700258209729,0.999,3,0.988991970780648,0.1,5,3,1,14,1.6756773,0.0232405110533702,20.914554707758,0.0216337126584565,0.799793028945053,0.7,2.116,2.086,0.0290008606990967,0.233107643026015,0.4997896,0.0499968,4
23,2023,rank_3,rank,3,0.7,0.8,3,0.08700258209729,0.999,3,0.988991970780648,0.01,3,3,1,1,1.3764334,0.669026680428881,37.3839063290932,0.624384972295375,0.799793028945053,0.7,2.996,2.99,0.0290008606990967,0.233107643026015,0.4997896,0.0499968,4
23,2023,rank_7,rank,7,0.7,0.8,3,0.08700258209729,0.999,3,0.988991970780648,0.01,7,3,1,12,1.9173786,0.0257045458648845,15.053680911277,0.0288381019152549,0.799793028945053,0.7,2.584,2.556,0.0290008606990967,0.233107643026015,0.4997896,0.0499968,4
23,2023,irls_1,irls,1,0.7,0.8,3,0.08700258209729,0.999,3,0.988991970780648,0.01,5,1,1,5,1.5485719,0.0230023124986164,20.8214850058036,0.0208375978531901,0.799793028945053,0.7,1,1,0.0290008606990967,0.233107643026015,0.4997896,0.0499968,4
23,2023,irls_5,irls,5,0.7,0.8,3,0.08700258209729,0.999,3,0.988991970780648,0.01,5,5,1,11,1.7278636,0.0230263653375032,21.3663155836928,0.0210441429336205,0.799793028945053,0.7,2.232,2.194,0.0290008606990967,0.233107643026015,0.4997896,0.0499968,4
24,2024,default,default,NaN,0.7,0.8,3,0.0881268730896209,0.999,3,0.755643473176798,0.01,5,3,1,16,1.7159769,0.0228886183206054,19.9900074557657,0.0206185901645423,0.799581178294003,0.7,2.126,2.082,0.029375624363207,0.17810687468089,0.5001544,0.0497856,3
24,2024,lambda_min_0p1,lambda_min,0.1,0.1,0.8,3,0.0881268730896209,0.999,3,0.755643473176798,0.01,5,3,1,9,1.7000947,0.0228866617193108,12.3135871519726,0.0203643157281879,0.797068248058031,0.1,2.108,2.066,0.029375624363207,0.17810687468089,0.5001544,0.0497856,3
24,2024,lambda_min_0p4,lambda_min,0.4,0.4,0.8,3,0.0881268730896209,0.999,3,0.755643473176798,0.01,5,3,1,2,1.7555584,0.0228882734277182,17.599643744914,0.0205625588805746,0.798324713176017,0.4,2.124,2.074,0.029375624363207,0.17810687468089,0.5001544,0.0497856,3
24,2024,lambda_max_0p9,lambda_max,0.9,0.7,0.9,3,0.0881268730896209,0.999,3,0.755643473176798,0.01,5,3,1,14,1.6818287,0.032255201793369,39.0948379218802,0.0264503547283849,0.899162356588011,0.7,2.236,2.19,0.029375624363207,0.17810687468089,0.5001544,0.0497856,3
24,2024,lambda_max_0p99,lambda_max,0.99,0.7,0.99,3,0.0881268730896209,0.999,3,0.755643473176798,0.01,5,3,1,11,1.7720708,0.113415387636117,49.6725180302639,0.971112363901563,0.988785417052611,0.7,2.786,2.776,0.029375624363207,0.17810687468089,0.5001544,0.0497856,3
24,2024,huber_1p345,huber,1.345,0.7,0.8,1.345,0.0395102147685134,0.999,3,0.755643473176798,0.01,5,3,1,5,1.7461074,0.0208261381757808,23.6445343326236,0.0183667740274127,0.799581178294003,0.7,2.984,2.936,0.029375624363207,0.17810687468089,0.5001544,0.0497856,3
24,2024,huber_6,huber,6,0.7,0.8,6,0.176253746179242,0.999,3,0.755643473176798,0.01,5,3,1,4,1.6564975,0.0311734196687822,17.5225766507942,0.0278666947085573,0.799581178294003,0.7,2.068,2.064,0.029375624363207,0.17810687468089,0.5001544,0.0497856,3
24,2024,alpha_0p9,alpha,0.9,0.7,0.8,3,0.0881268730896209,0.9,3,0.755643473176798,0.01,5,3,1,13,1.6927107,0.0228886183206054,19.9284663203245,0.0206192614627819,0.799534832936612,0.7,2.126,2.082,0.029375624363207,0.17810687468089,0.5001544,0.0497856,3
24,2024,alpha_0p99,alpha,0.99,0.7,0.8,3,0.0881268730896209,0.99,3,0.755643473176798,0.01,5,3,1,8,1.7048148,0.0228886183206054,19.9879190135447,0.020618618205666,0.799579768081627,0.7,2.126,2.082,0.029375624363207,0.17810687468089,0.5001544,0.0497856,3
24,2024,theta_1,theta,1,0.7,0.8,3,0.0881268730896209,0.999,1,0.251881157725599,0.01,5,3,1,15,1.67613,0.0227841421380503,19.5147456296229,0.0206215413320035,0.792990131077277,0.7,2.122,2.08,0.029375624363207,0.17810687468089,0.5001544,0.0497856,3
24,2024,theta_6,theta,6,0.7,0.8,3,0.0881268730896209,0.999,6,1.5112869463536,0.01,5,3,1,10,1.73593,0.0228886867987948,20.0336546038582,0.0206181377113673,0.799799999999998,0.7,2.126,2.082,0.029375624363207,0.17810687468089,0.5001544,0.0497856,3
24,2024,mu_0p001,mu,0.001,0.7,0.8,3,0.0881268730896209,0.999,3,0.755643473176798,0.001,5,3,1,17,1.7271979,0.023069652008451,19.9417096056963,0.0204633658474151,0.799581178294003,0.7,2.134,2.098,0.029375624363207,0.17810687468089,0.5001544,0.0497856,3
24,2024,mu_0p1,mu,0.1,0.7,0.8,3,0.0881268730896209,0.999,3,0.755643473176798,0.1,5,3,1,12,1.7267698,0.0218638126158304,18.6798787271367,0.0204414536670101,0.799581178294003,0.7,2.12,2.076,0.029375624363207,0.17810687468089,0.5001544,0.0497856,3
24,2024,rank_3,rank,3,0.7,0.8,3,0.0881268730896209,0.999,3,0.755643473176798,0.01,3,3,1,1,1.3682448,0.637265756921637,37.4613310879256,0.63375039500781,0.799581178294003,0.7,2.996,2.99,0.029375624363207,0.17810687468089,0.5001544,0.0497856,3
24,2024,rank_7,rank,7,0.7,0.8,3,0.0881268730896209,0.999,3,0.755643473176798,0.01,7,3,1,7,1.9219956,0.0260776222235807,14.8262054512551,0.0289426005440178,0.799581178294003,0.7,2.536,2.522,0.029375624363207,0.17810687468089,0.5001544,0.0497856,3
24,2024,irls_1,irls,1,0.7,0.8,3,0.0881268730896209,0.999,3,0.755643473176798,0.01,5,1,1,3,1.6269843,0.0230385433949086,19.4961343696607,0.0205529803362001,0.799581178294003,0.7,1,1,0.029375624363207,0.17810687468089,0.5001544,0.0497856,3
24,2024,irls_5,irls,5,0.7,0.8,3,0.0881268730896209,0.999,3,0.755643473176798,0.01,5,5,1,6,1.7108646,0.0227536125959914,19.7556625803453,0.0204786873621809,0.799581178294003,0.7,2.248,2.202,0.029375624363207,0.17810687468089,0.5001544,0.0497856,3
25,2025,default,default,NaN,0.7,0.8,3,0.0898356629330752,0.999,3,0.815282134409,0.01,5,3,1,15,1.7138149,0.0230137085246682,20.5179079940112,0.0207687072102764,0.799782291083508,0.7,2.104,2.07,0.0299452209776917,0.192163841940282,0.5001104,0.0496456,5
25,2025,lambda_min_0p1,lambda_min,0.1,0.1,0.8,3,0.0898356629330752,0.999,3,0.815282134409,0.01,5,3,1,9,1.6682162,0.0230137085246682,13.4203172309144,0.0209991408026265,0.798476037584566,0.1,2.096,2.058,0.0299452209776917,0.192163841940282,0.5001104,0.0496456,5
25,2025,lambda_min_0p4,lambda_min,0.4,0.4,0.8,3,0.0898356629330752,0.999,3,0.815282134409,0.01,5,3,1,4,1.6854104,0.0230137085246682,18.1032941463509,0.0207672234289176,0.799129164334037,0.4,2.1,2.07,0.0299452209776917,0.192163841940282,0.5001104,0.0496456,5
25,2025,lambda_max_0p9,lambda_max,0.9,0.7,0.9,3,0.0898356629330752,0.999,3,0.815282134409,0.01,5,3,1,5,1.6911938,0.0323741165519825,40.0835722027066,0.0278419506279369,0.899564582167021,0.7,2.208,2.146,0.0299452209776917,0.192163841940282,0.5001104,0.0496456,5
25,2025,lambda_max_0p99,lambda_max,0.99,0.7,0.99,3,0.0898356629330752,0.999,3,0.815282134409,0.01,5,3,1,10,1.741115,0.114938504530232,49.9594973269757,0.996261274836269,0.989368644142176,0.7,2.774,2.766,0.0299452209776917,0.192163841940282,0.5001104,0.0496456,5
25,2025,huber_1p345,huber,1.345,0.7,0.8,1.345,0.0402763222149954,0.999,3,0.815282134409,0.01,5,3,1,3,1.7610248,0.0214596055339695,24.9350759553604,0.0188945964831019,0.799782291083508,0.7,2.98,2.936,0.0299452209776917,0.192163841940282,0.5001104,0.0496456,5
25,2025,huber_6,huber,6,0.7,0.8,6,0.17967132586615,0.999,3,0.815282134409,0.01,5,3,1,7,1.7131409,0.0309043499370191,17.3966910799942,0.0291608520850473,0.799782291083508,0.7,2.054,2.05,0.0299452209776917,0.192163841940282,0.5001104,0.0496456,5
25,2025,alpha_0p9,alpha,0.9,0.7,0.8,3,0.0898356629330752,0.9,3,0.815282134409,0.01,5,3,1,1,1.7531739,0.0230137085246682,20.51327641048,0.0207685015796825,0.79978053271221,0.7,2.104,2.07,0.0299452209776917,0.192163841940282,0.5001104,0.0496456,5
25,2025,alpha_0p99,alpha,0.99,0.7,0.8,3,0.0898356629330752,0.99,3,0.815282134409,0.01,5,3,1,8,1.7191946,0.0230137085246682,20.5175227969783,0.0207686901428436,0.799782144466183,0.7,2.104,2.07,0.0299452209776917,0.192163841940282,0.5001104,0.0496456,5
25,2025,theta_1,theta,1,0.7,0.8,3,0.0898356629330752,0.999,1,0.271760711469667,0.01,5,3,1,2,1.7162652,0.0230527558630395,19.8653841213336,0.0207549086200639,0.793085579219033,0.7,2.104,2.07,0.0299452209776917,0.192163841940282,0.5001104,0.0496456,5
25,2025,theta_6,theta,6,0.7,0.8,3,0.0898356629330752,0.999,6,1.630564268818,0.01,5,3,1,17,1.7228728,0.0230137085246682,20.564544948816,0.0207709279517626,0.799799999999998,0.7,2.104,2.07,0.0299452209776917,0.192163841940282,0.5001104,0.0496456,5
25,2025,mu_0p001,mu,0.001,0.7,0.8,3,0.0898356629330752,0.999,3,0.815282134409,0.001,5,3,1,14,1.6848987,0.0229125032901559,20.7475379024106,0.0208191554074139,0.799782291083508,0.7,2.106,2.076,0.0299452209776917,0.192163841940282,0.5001104,0.0496456,5
25,2025,mu_0p1,mu,0.1,0.7,0.8,3,0.0898356629330752,0.999,3,0.815282134409,0.1,5,3,1,13,1.7251762,0.0231449289066843,20.2531248351705,0.0201342259425427,0.799782291083508,0.7,2.11,2.07,0.0299452209776917,0.192163841940282,0.5001104,0.0496456,5
25,2025,rank_3,rank,3,0.7,0.8,3,0.0898356629330752,0.999,3,0.815282134409,0.01,3,3,1,12,1.3756185,0.62619973941902,38.405081031597,0.623891001000354,0.799782291083508,0.7,3,2.996,0.0299452209776917,0.192163841940282,0.5001104,0.0496456,5
25,2025,rank_7,rank,7,0.7,0.8,3,0.0898356629330752,0.999,3,0.815282134409,0.01,7,3,1,16,1.9452956,0.0266180985491665,17.2530551480594,0.0282324336253405,0.799782291083508,0.7,2.514,2.484,0.0299452209776917,0.192163841940282,0.5001104,0.0496456,5
25,2025,irls_1,irls,1,0.7,0.8,3,0.0898356629330752,0.999,3,0.815282134409,0.01,5,1,1,11,1.6048058,0.0230517505502282,20.3770009364988,0.0208890242840508,0.799782291083508,0.7,1,1,0.0299452209776917,0.192163841940282,0.5001104,0.0496456,5
25,2025,irls_5,irls,5,0.7,0.8,3,0.0898356629330752,0.999,3,0.815282134409,0.01,5,5,1,6,1.6829053,0.0230195481407841,20.577317836863,0.0207500873623975,0.799782291083508,0.7,2.222,2.176,0.0299452209776917,0.192163841940282,0.5001104,0.0496456,5
26,2026,default,default,NaN,0.7,0.8,3,0.0883855142006474,0.999,3,0.900355932899218,0.01,5,3,1,3,1.7361348,0.0229721479886996,20.399026603189,0.019699394652995,0.799599999999998,0.7,2.112,2.096,0.0294618380668825,0.212215928544859,0.5003896,0.0498832,2
26,2026,lambda_min_0p1,lambda_min,0.1,0.1,0.8,3,0.0883855142006474,0.999,3,0.900355932899218,0.01,5,3,1,2,1.7056422,0.0229725567097346,12.7300804920541,0.0196256413292887,0.797199999999998,0.1,2.096,2.082,0.0294618380668825,0.212215928544859,0.5003896,0.0498832,2
26,2026,lambda_min_0p4,lambda_min,0.4,0.4,0.8,3,0.0883855142006474,0.999,3,0.900355932899218,0.01,5,3,1,9,1.7221533,0.0229723375575552,18.2929681751273,0.0195798721427352,0.798399999999998,0.4,2.108,2.096,0.0294618380668825,0.212215928544859,0.5003896,0.0498832,2
26,2026,lambda_max_0p9,lambda_max,0.9,0.7,0.9,3,0.0883855142006474,0.999,3,0.900355932899218,0.01,5,3,1,12,1.7453615,0.03163536544927,39.2896503621145,0.0235136115559182,0.899200000000002,0.7,2.194,2.16,0.0294618380668825,0.212215928544859,0.5003896,0.0498832,2
26,2026,lambda_max_0p99,lambda_max,0.99,0.7,0.99,3,0.0883855142006474,0.999,3,0.900355932899218,0.01,5,3,1,4,1.7445473,0.108004423223915,49.9003059846756,0.991354542013764,0.988839999999998,0.7,2.782,2.77,0.0294618380668825,0.212215928544859,0.5003896,0.0498832,2
26,2026,huber_1p345,huber,1.345,0.7,0.8,1.345,0.0396261721999569,0.999,3,0.900355932899218,0.01,5,3,1,14,1.799592,0.0213422941923546,25.3267302800372,0.0189186909573562,0.799599999999998,0.7,2.98,2.95,0.0294618380668825,0.212215928544859,0.5003896,0.0498832,2
26,2026,huber_6,huber,6,0.7,0.8,6,0.176771028401295,0.999,3,0.900355932899218,0.01,5,3,1,1,1.738543,0.0311473883502508,18.4147414533406,0.0294400484570581,0.799599999999998,0.7,2.078,2.07,0.0294618380668825,0.212215928544859,0.5003896,0.0498832,2
26,2026,alpha_0p9,alpha,0.9,0.7,0.8,3,0.0883855142006474,0.9,3,0.900355932899218,0.01,5,3,1,15,1.7139741,0.0229721479886996,20.399026603189,0.019699394652995,0.799599999999998,0.7,2.112,2.096,0.0294618380668825,0.212215928544859,0.5003896,0.0498832,2
26,2026,alpha_0p99,alpha,0.99,0.7,0.8,3,0.0883855142006474,0.99,3,0.900355932899218,0.01,5,3,1,13,1.7215163,0.0229721479886996,20.399026603189,0.019699394652995,0.799599999999998,0.7,2.112,2.096,0.0294618380668825,0.212215928544859,0.5003896,0.0498832,2
26,2026,theta_1,theta,1,0.7,0.8,3,0.0883855142006474,0.999,1,0.300118644299739,0.01,5,3,1,7,1.711406,0.0229182277901962,20.0992174242852,0.0197035661600284,0.794113838552648,0.7,2.116,2.096,0.0294618380668825,0.212215928544859,0.5003896,0.0498832,2
26,2026,theta_6,theta,6,0.7,0.8,3,0.0883855142006474,0.999,6,1.80071186579844,0.01,5,3,1,11,1.7159393,0.0229720937332548,20.3991907232116,0.0196992047993118,0.799799999999998,0.7,2.112,2.096,0.0294618380668825,0.212215928544859,0.5003896,0.0498832,2
26,2026,mu_0p001,mu,0.001,0.7,0.8,3,0.0883855142006474,0.999,3,0.900355932899218,0.001,5,3,1,17,1.7223368,0.0227761236781203,21.1081118148395,0.0216183602718476,0.799599999999998,0.7,2.124,2.082,0.0294618380668825,0.212215928544859,0.5003896,0.0498832,2
26,2026,mu_0p1,mu,0.1,0.7,0.8,3,0.0883855142006474,0.999,3,0.900355932899218,0.1,5,3,1,8,1.7377646,0.0232794931522504,20.5574660224235,0.0206167298763584,0.799599999999998,0.7,2.144,2.09,0.0294618380668825,0.212215928544859,0.5003896,0.0498832,2
26,2026,rank_3,rank,3,0.7,0.8,3,0.0883855142006474,0.999,3,0.900355932899218,0.01,3,3,1,16,1.3763829,0.664468732832354,37.7149655696449,0.648235364973355,0.799599999999998,0.7,2.99,2.988,0.0294618380668825,0.212215928544859,0.5003896,0.0498832,2
26,2026,rank_7,rank,7,0.7,0.8,3,0.0883855142006474,0.999,3,0.900355932899218,0.01,7,3,1,10,1.8586738,0.0276467353443301,17.0567783417681,0.0243917515890121,0.799599999999998,0.7,2.336,2.352,0.0294618380668825,0.212215928544859,0.5003896,0.0498832,2
26,2026,irls_1,irls,1,0.7,0.8,3,0.0883855142006474,0.999,3,0.900355932899218,0.01,5,1,1,6,1.5428365,0.0230143722953221,20.9972608528604,0.0202251683315657,0.799599999999998,0.7,1,1,0.0294618380668825,0.212215928544859,0.5003896,0.0498832,2
26,2026,irls_5,irls,5,0.7,0.8,3,0.0883855142006474,0.999,3,0.900355932899218,0.01,5,5,1,5,1.6776263,0.0230094888372071,21.0375321810593,0.0198097500591038,0.799599999999998,0.7,2.254,2.226,0.0294618380668825,0.212215928544859,0.5003896,0.0498832,2
27,2027,default,default,NaN,0.7,0.8,3,0.0883497090255977,0.999,3,0.724734365623886,0.01,5,3,1,3,1.752512,0.0222665520053939,21.4844802903831,0.0205804326686688,0.799349205578015,0.7,2.136,2.084,0.0294499030085326,0.17082152816386,0.4999272,0.0498808,4
27,2027,lambda_min_0p1,lambda_min,0.1,0.1,0.8,3,0.0883497090255977,0.999,3,0.724734365623886,0.01,5,3,1,16,1.6741153,0.0222640897506391,14.1998737664797,0.0206765891452746,0.795444439046113,0.1,2.118,2.072,0.0294499030085326,0.17082152816386,0.4999272,0.0498808,4
27,2027,lambda_min_0p4,lambda_min,0.4,0.4,0.8,3,0.0883497090255977,0.999,3,0.724734365623886,0.01,5,3,1,10,1.7128786,0.0222665148354614,18.988231899121,0.0206837854177658,0.797396822312064,0.4,2.13,2.086,0.0294499030085326,0.17082152816386,0.4999272,0.0498808,4
27,2027,lambda_max_0p9,lambda_max,0.9,0.7,0.9,3,0.0883497090255977,0.999,3,0.724734365623886,0.01,5,3,1,6,1.6634703,0.0302245611326066,41.153084389538,0.0263419064323864,0.898698411156035,0.7,2.224,2.176,0.0294499030085326,0.17082152816386,0.4999272,0.0498808,4
27,2027,lambda_max_0p99,lambda_max,0.99,0.7,0.99,3,0.0883497090255977,0.999,3,0.724734365623886,0.01,5,3,1,9,1.7983136,0.106762407899612,49.7833596347444,0.974565874186063,0.988112696176245,0.7,2.788,2.772,0.0294499030085326,0.17082152816386,0.4999272,0.0498808,4
27,2027,huber_1p345,huber,1.345,0.7,0.8,1.345,0.0396101195464763,0.999,3,0.724734365623886,0.01,5,3,1,17,1.7734419,0.0207992162963808,25.6899929580554,0.0189071579086547,0.799349205578015,0.7,2.992,2.972,0.0294499030085326,0.17082152816386,0.4999272,0.0498808,4
27,2027,huber_6,huber,6,0.7,0.8,6,0.176699418051195,0.999,3,0.724734365623886,0.01,5,3,1,4,1.7300217,0.0299709999862108,17.3113095059407,0.0282676013353333,0.799349205578015,0.7,2.058,2.056,0.0294499030085326,0.17082152816386,0.4999272,0.0498808,4
27,2027,alpha_0p9,alpha,0.9,0.7,0.8,3,0.0883497090255977,0.9,3,0.724734365623886,0.01,5,3,1,7,1.6703098,0.0222665520053939,21.4729257237136,0.0205814016906942,0.798968969079752,0.7,2.136,2.084,0.0294499030085326,0.17082152816386,0.4999272,0.0498808,4
27,2027,alpha_0p99,alpha,0.99,0.7,0.8,3,0.0883497090255977,0.99,3,0.724734365623886,0.01,5,3,1,2,1.7366418,0.0222665520053939,21.4835118977156,0.0205805154374565,0.799336416998186,0.7,2.136,2.084,0.0294499030085326,0.17082152816386,0.4999272,0.0498808,4
27,2027,theta_1,theta,1,0.7,0.8,3,0.0883497090255977,0.999,1,0.241578121874629,0.01,5,3,1,14,1.7125337,0.0222812795263056,20.9266442365141,0.020630340485732,0.791320571767856,0.7,2.132,2.084,0.0294499030085326,0.17082152816386,0.4999272,0.0498808,4
27,2027,theta_6,theta,6,0.7,0.8,3,0.0883497090255977,0.999,6,1.44946873124777,0.01,5,3,1,11,1.6727084,0.0222665021028439,21.5665857894672,0.0205723218507299,0.799799999999998,0.7,2.136,2.084,0.0294499030085326,0.17082152816386,0.4999272,0.0498808,4
27,2027,mu_0p001,mu,0.001,0.7,0.8,3,0.0883497090255977,0.999,3,0.724734365623886,0.001,5,3,1,13,1.7076075,0.0218669147253064,21.1416263039325,0.0206832178891435,0.799349205578015,0.7,2.132,2.09,0.0294499030085326,0.17082152816386,0.4999272,0.0498808,4
27,2027,mu_0p1,mu,0.1,0.7,0.8,3,0.0883497090255977,0.999,3,0.724734365623886,0.1,5,3,1,1,1.7916615,0.0227738609696167,20.3819721991226,0.0214026326580259,0.799349205578015,0.7,2.162,2.1,0.0294499030085326,0.17082152816386,0.4999272,0.0498808,4
27,2027,rank_3,rank,3,0.7,0.8,3,0.0883497090255977,0.999,3,0.724734365623886,0.01,3,3,1,15,1.3806657,0.63622809652026,38.9165374146483,0.648478670536337,0.799349205578015,0.7,2.998,2.994,0.0294499030085326,0.17082152816386,0.4999272,0.0498808,4
27,2027,rank_7,rank,7,0.7,0.8,3,0.0883497090255977,0.999,3,0.724734365623886,0.01,7,3,1,12,1.9011983,0.0258688829100298,15.4915642186565,0.0237007783367373,0.799349205578015,0.7,2.296,2.218,0.0294499030085326,0.17082152816386,0.4999272,0.0498808,4
27,2027,irls_1,irls,1,0.7,0.8,3,0.0883497090255977,0.999,3,0.724734365623886,0.01,5,1,1,5,1.5662024,0.022237246533239,20.6790178080792,0.0207611919043984,0.799349205578015,0.7,1,1,0.0294499030085326,0.17082152816386,0.4999272,0.0498808,4
27,2027,irls_5,irls,5,0.7,0.8,3,0.0883497090255977,0.999,3,0.724734365623886,0.01,5,5,1,8,1.7123564,0.0222318529858797,21.2408982668759,0.0207173550448656,0.799349205578015,0.7,2.252,2.192,0.0294499030085326,0.17082152816386,0.4999272,0.0498808,4
28,2028,default,default,NaN,0.7,0.8,3,0.0879574651368683,0.999,3,1.14737038431449,0.01,5,3,1,8,1.6924806,0.022797117834925,19.8824998421494,0.0214294619791003,0.799793237783364,0.7,2.114,2.082,0.0293191550456228,0.270437793093797,0.499016,0.0499896,2
28,2028,lambda_min_0p1,lambda_min,0.1,0.1,0.8,3,0.0879574651368683,0.999,3,1.14737038431449,0.01,5,3,1,11,1.7222603,0.022797117834925,13.4254650587793,0.0215047135152922,0.79855266448356,0.1,2.108,2.072,0.0293191550456228,0.270437793093797,0.499016,0.0499896,2
28,2028,lambda_min_0p4,lambda_min,0.4,0.4,0.8,3,0.0879574651368683,0.999,3,1.14737038431449,0.01,5,3,1,12,1.6763718,0.022797117834925,18.0022907297664,0.0214941364680878,0.799172951133462,0.4,2.114,2.082,0.0293191550456228,0.270437793093797,0.499016,0.0499896,2
28,2028,lambda_max_0p9,lambda_max,0.9,0.7,0.9,3,0.0879574651368683,0.999,3,1.14737038431449,0.01,5,3,1,5,1.7297104,0.0306356323042163,40.2323217250012,0.029903256935641,0.899586475566734,0.7,2.248,2.176,0.0293191550456228,0.270437793093797,0.499016,0.0499896,2
28,2028,lambda_max_0p99,lambda_max,0.99,0.7,0.99,3,0.0879574651368683,0.999,3,1.14737038431449,0.01,5,3,1,4,1.8397541,0.104958790522994,49.5772917219214,0.962799066314374,0.989400389571759,0.7,2.79,2.782,0.0293191550456228,0.270437793093797,0.499016,0.0499896,2
28,2028,huber_1p345,huber,1.345,0.7,0.8,1.345,0.0394342635363626,0.999,3,1.14737038431449,0.01,5,3,1,6,1.7505135,0.0207521425936975,24.215066338415,0.0195633083158195,0.799793237783364,0.7,2.99,2.97,0.0293191550456228,0.270437793093797,0.499016,0.0499896,2
28,2028,huber_6,huber,6,0.7,0.8,6,0.175914930273737,0.999,3,1.14737038431449,0.01,5,3,1,10,1.667198,0.0315552963927605,17.5551067913759,0.029877638623007,0.799793237783364,0.7,2.064,2.06,0.0293191550456228,0.270437793093797,0.499016,0.0499896,2
28,2028,alpha_0p9,alpha,0.9,0.7,0.8,3,0.0879574651368683,0.9,3,1.14737038431449,0.01,5,3,1,15,1.7059519,0.022797117834925,19.8767739418141,0.0214295452045717,0.799790468056917,0.7,2.114,2.082,0.0293191550456228,0.270437793093797,0.499016,0.0499896,2
28,2028,alpha_0p99,alpha,0.99,0.7,0.8,3,0.0879574651368683,0.99,3,1.14737038431449,0.01,5,3,1,14,1.6942861,0.022797117834925,19.8820813354128,0.0214294678311848,0.799793035538425,0.7,2.114,2.082,0.0293191550456228,0.270437793093797,0.499016,0.0499896,2
28,2028,theta_1,theta,1,0.7,0.8,3,0.0879574651368683,0.999,1,0.382456794771497,0.01,5,3,1,2,1.6623167,0.0228045869254628,19.6903918632845,0.021430448062055,0.795552063298992,0.7,2.112,2.08,0.0293191550456228,0.270437793093797,0.499016,0.0499896,2
28,2028,theta_6,theta,6,0.7,0.8,3,0.0879574651368683,0.999,6,2.29474076862898,0.01,5,3,1,1,1.7239029,0.022797117834925,19.8965209528167,0.0214292838975542,0.799799999999998,0.7,2.114,2.082,0.0293191550456228,0.270437793093797,0.499016,0.0499896,2
28,2028,mu_0p001,mu,0.001,0.7,0.8,3,0.0879574651368683,0.999,3,1.14737038431449,0.001,5,3,1,9,1.6731198,0.0220942248258604,19.8197244602142,0.0215440726809364,0.799793237783364,0.7,2.124,2.09,0.0293191550456228,0.270437793093797,0.499016,0.0499896,2
28,2028,mu_0p1,mu,0.1,0.7,0.8,3,0.0879574651368683,0.999,3,1.14737038431449,0.1,5,3,1,13,1.6673019,0.0233582392053876,19.4320810961362,0.0213288640497755,0.799793237783364,0.7,2.11,2.078,0.0293191550456228,0.270437793093797,0.499016,0.0499896,2
28,2028,rank_3,rank,3,0.7,0.8,3,0.0879574651368683,0.999,3,1.14737038431449,0.01,3,3,1,17,1.3489968,0.609914273515133,38.0523128612772,0.632227834020081,0.799793237783364,0.7,2.994,2.992,0.0293191550456228,0.270437793093797,0.499016,0.0499896,2
28,2028,rank_7,rank,7,0.7,0.8,3,0.0879574651368683,0.999,3,1.14737038431449,0.01,7,3,1,3,1.9744587,0.0261407133054627,16.1083929691869,0.0271269857209176,0.799793237783364,0.7,2.664,2.662,0.0293191550456228,0.270437793093797,0.499016,0.0499896,2
28,2028,irls_1,irls,1,0.7,0.8,3,0.0879574651368683,0.999,3,1.14737038431449,0.01,5,1,1,16,1.5714726,0.0226606993428647,20.0798640337582,0.0216444410551703,0.799793237783364,0.7,1,1,0.0293191550456228,0.270437793093797,0.499016,0.0499896,2
28,2028,irls_5,irls,5,0.7,0.8,3,0.0879574651368683,0.999,3,1.14737038431449,0.01,5,5,1,7,1.72913,0.022430139339613,19.6015970788382,0.0215671225178188,0.799793237783364,0.7,2.24,2.192,0.0293191550456228,0.270437793093797,0.499016,0.0499896,2
29,2029,default,default,NaN,0.7,0.8,3,0.0884969428661334,0.999,3,1.04084614176927,0.01,5,3,1,7,1.6818614,0.0219711622414599,21.4905085058958,0.0202656768463494,0.799779364467771,0.7,2.122,2.086,0.0294989809553778,0.245329788338969,0.4994056,0.0499432,3
29,2029,lambda_min_0p1,lambda_min,0.1,0.1,0.8,3,0.0884969428661334,0.999,3,1.04084614176927,0.01,5,3,1,8,1.7104617,0.0219711622414599,14.1376838562646,0.0204027632375545,0.798455551274407,0.1,2.112,2.078,0.0294989809553778,0.245329788338969,0.4994056,0.0499432,3
29,2029,lambda_min_0p4,lambda_min,0.4,0.4,0.8,3,0.0884969428661334,0.999,3,1.04084614176927,0.01,5,3,1,9,1.7161169,0.0219711622414599,19.155070607805,0.0204710276321365,0.799117457871089,0.4,2.122,2.082,0.0294989809553778,0.245329788338969,0.4994056,0.0499432,3
29,2029,lambda_max_0p9,lambda_max,0.9,0.7,0.9,3,0.0884969428661334,0.999,3,1.04084614176927,0.01,5,3,1,2,1.7425197,0.0280378264181511,41.9659660348142,0.0280060385113025,0.899558728935547,0.7,2.204,2.17,0.0294989809553778,0.245329788338969,0.4994056,0.0499432,3
29,2029,lambda_max_0p99,lambda_max,0.99,0.7,0.99,3,0.0884969428661334,0.999,3,1.04084614176927,0.01,5,3,1,13,1.731689,0.0968213416848928,49.9245432035724,0.995636923308966,0.989360156956538,0.7,2.756,2.746,0.0294989809553778,0.245329788338969,0.4994056,0.0499432,3
29,2029,huber_1p345,huber,1.345,0.7,0.8,1.345,0.0396761293849831,0.999,3,1.04084614176927,0.01,5,3,1,17,1.7772777,0.0200753320102783,25.8037777189794,0.0185429274306919,0.799779364467771,0.7,2.97,2.916,0.0294989809553778,0.245329788338969,0.4994056,0.0499432,3
29,2029,huber_6,huber,6,0.7,0.8,6,0.176993885732267,0.999,3,1.04084614176927,0.01,5,3,1,3,1.7457309,0.030564346444199,18.6079113379866,0.0281236590347611,0.799779364467771,0.7,2.068,2.062,0.0294989809553778,0.245329788338969,0.4994056,0.0499432,3
29,2029,alpha_0p9,alpha,0.9,0.7,0.8,3,0.0884969428661334,0.9,3,1.04084614176927,0.01,5,3,1,6,1.6521,0.0219711622414599,21.4760947918097,0.0202664161996825,0.799774056588324,0.7,2.122,2.086,0.0294989809553778,0.245329788338969,0.4994056,0.0499432,3
29,2029,alpha_0p99,alpha,0.99,0.7,0.8,3,0.0884969428661334,0.99,3,1.04084614176927,0.01,5,3,1,11,1.7359871,0.0219711622414599,21.4894214073648,0.0202657322190807,0.799778963102754,0.7,2.122,2.086,0.0294989809553778,0.245329788338969,0.4994056,0.0499432,3
29,2029,theta_1,theta,1,0.7,0.8,3,0.0884969428661334,0.999,1,0.346948713923091,0.01,5,3,1,14,1.7179505,0.0221100700517988,21.0839508960496,0.0202872850814501,0.795318159030681,0.7,2.12,2.08,0.0294989809553778,0.245329788338969,0.4994056,0.0499432,3
29,2029,theta_6,theta,6,0.7,0.8,3,0.0884969428661334,0.999,6,2.08169228353855,0.01,5,3,1,1,1.6943029,0.0219711622414599,21.5471430654007,0.0202627186408779,0.799799999999998,0.7,2.122,2.084,0.0294989809553778,0.245329788338969,0.4994056,0.0499432,3
29,2029,mu_0p001,mu,0.001,0.7,0.8,3,0.0884969428661334,0.999,3,1.04084614176927,0.001,5,3,1,12,1.6902747,0.0222108587030867,21.3142789568514,0.0205174545164977,0.799779364467771,0.7,2.128,2.084,0.0294989809553778,0.245329788338969,0.4994056,0.0499432,3
29,2029,mu_0p1,mu,0.1,0.7,0.8,3,0.0884969428661334,0.999,3,1.04084614176927,0.1,5,3,1,15,1.6894769,0.0226158511368381,22.512604970008,0.0206637102784185,0.799779364467771,0.7,2.114,2.082,0.0294989809553778,0.245329788338969,0.4994056,0.0499432,3
29,2029,rank_3,rank,3,0.7,0.8,3,0.0884969428661334,0.999,3,1.04084614176927,0.01,3,3,1,10,1.3660977,0.634059196631382,38.2513803647787,0.643768851555705,0.799779364467771,0.7,2.972,2.96,0.0294989809553778,0.245329788338969,0.4994056,0.0499432,3
29,2029,rank_7,rank,7,0.7,0.8,3,0.0884969428661334,0.999,3,1.04084614176927,0.01,7,3,1,5,1.9475258,0.025504588243026,17.4986623282357,0.028490259499465,0.799779364467771,0.7,2.532,2.516,0.0294989809553778,0.245329788338969,0.4994056,0.0499432,3
29,2029,irls_1,irls,1,0.7,0.8,3,0.0884969428661334,0.999,3,1.04084614176927,0.01,5,1,1,4,1.619121,0.0222224035478858,22.355191019892,0.0201278086552661,0.799779364467771,0.7,1,1,0.0294989809553778,0.245329788338969,0.4994056,0.0499432,3
29,2029,irls_5,irls,5,0.7,0.8,3,0.0884969428661334,0.999,3,1.04084614176927,0.01,5,5,1,16,1.657838,0.022087944174559,21.4645429879838,0.0203265355977358,0.799779364467771,0.7,2.242,2.192,0.0294989809553778,0.245329788338969,0.4994056,0.0499432,3
30,2030,default,default,NaN,0.7,0.8,3,0.088719152179352,0.999,3,0.39669912252262,0.01,5,3,1,1,1.6757945,0.0219863806035386,19.7745114504135,0.0217136914084214,0.796783465879378,0.7,2.134,2.092,0.0295730507264507,0.0935028798754992,0.500352,0.0502144,5
30,2030,lambda_min_0p1,lambda_min,0.1,0.1,0.8,3,0.088719152179352,0.999,3,0.39669912252262,0.01,5,3,1,3,1.7302828,0.0227465366500456,11.4775176352322,0.021751008918196,0.777484261155655,0.1,2.112,2.068,0.0295730507264507,0.0935028798754992,0.500352,0.0502144,5
30,2030,lambda_min_0p4,lambda_min,0.4,0.4,0.8,3,0.088719152179352,0.999,3,0.39669912252262,0.01,5,3,1,13,1.7109424,0.0221923230931512,16.3771585760026,0.0217677515903988,0.787133863517517,0.4,2.12,2.078,0.0295730507264507,0.0935028798754992,0.500352,0.0502144,5
30,2030,lambda_max_0p9,lambda_max,0.9,0.7,0.9,3,0.088719152179352,0.999,3,0.39669912252262,0.01,5,3,1,9,1.6678414,0.0268346124802137,36.2829090090194,0.0291142814522851,0.89356693175876,0.7,2.234,2.178,0.0295730507264507,0.0935028798754992,0.500352,0.0502144,5
30,2030,lambda_max_0p99,lambda_max,0.99,0.7,0.99,3,0.088719152179352,0.999,3,0.39669912252262,0.01,5,3,1,7,1.7870419,0.0854610692362039,49.8661860518564,0.880546194719373,0.980672051050199,0.7,2.73,2.716,0.0295730507264507,0.0935028798754992,0.500352,0.0502144,5
30,2030,huber_1p345,huber,1.345,0.7,0.8,1.345,0.0397757532270762,0.999,3,0.39669912252262,0.01,5,3,1,5,1.826046,0.0196204931055608,24.2867626290927,0.0197815010482583,0.796783465879378,0.7,2.98,2.96,0.0295730507264507,0.0935028798754992,0.500352,0.0502144,5
30,2030,huber_6,huber,6,0.7,0.8,6,0.177438304358704,0.999,3,0.39669912252262,0.01,5,3,1,10,1.6691585,0.0305667667300535,16.6481524462151,0.0304205377720333,0.796783465879378,0.7,2.054,2.048,0.0295730507264507,0.0935028798754992,0.500352,0.0502144,5
30,2030,alpha_0p9,alpha,0.9,0.7,0.8,3,0.088719152179352,0.9,3,0.39669912252262,0.01,5,3,1,2,1.7135361,0.0220501153250836,19.5096647023523,0.0217078499102678,0.787772365086588,0.7,2.132,2.09,0.0295730507264507,0.0935028798754992,0.500352,0.0502144,5
30,2030,alpha_0p99,alpha,0.99,0.7,0.8,3,0.088719152179352,0.99,3,0.39669912252262,0.01,5,3,1,14,1.659292,0.0220143329604473,19.6084279951069,0.0216905113333184,0.794407203447011,0.7,2.134,2.092,0.0295730507264507,0.0935028798754992,0.500352,0.0502144,5
30,2030,theta_1,theta,1,0.7,0.8,3,0.088719152179352,0.999,1,0.132233040840873,0.01,5,3,1,15,1.6701478,0.0221135674529898,19.0902160513926,0.0216955053791894,0.788447569063183,0.7,2.13,2.088,0.0295730507264507,0.0935028798754992,0.500352,0.0502144,5
30,2030,theta_6,theta,6,0.7,0.8,3,0.088719152179352,0.999,6,0.79339824504524,0.01,5,3,1,4,1.711613,0.0219709240980617,20.1063552293269,0.0217275358512151,0.79955259425544,0.7,2.138,2.092,0.0295730507264507,0.0935028798754992,0.500352,0.0502144,5
30,2030,mu_0p001,mu,0.001,0.7,0.8,3,0.088719152179352,0.999,3,0.39669912252262,0.001,5,3,1,12,1.7029488,0.022215030959502,19.8067524225167,0.0217267010471536,0.796783465879378,0.7,2.128,2.094,0.0295730507264507,0.0935028798754992,0.500352,0.0502144,5
30,2030,mu_0p1,mu,0.1,0.7,0.8,3,0.088719152179352,0.999,3,0.39669912252262,0.1,5,3,1,6,1.7246069,0.0223926205448399,19.6012534288395,0.0215387236542741,0.796783465879378,0.7,2.12,2.08,0.0295730507264507,0.0935028798754992,0.500352,0.0502144,5
30,2030,rank_3,rank,3,0.7,0.8,3,0.088719152179352,0.999,3,0.39669912252262,0.01,3,3,1,16,1.3449599,0.613574426473399,38.4978444224252,0.643570388312059,0.796783465879378,0.7,2.992,2.996,0.0295730507264507,0.0935028798754992,0.500352,0.0502144,5
30,2030,rank_7,rank,7,0.7,0.8,3,0.088719152179352,0.999,3,0.39669912252262,0.01,7,3,1,17,1.9123037,0.0261953806105527,15.8296214461349,0.0281889686344324,0.796783465879378,0.7,2.568,2.546,0.0295730507264507,0.0935028798754992,0.500352,0.0502144,5
30,2030,irls_1,irls,1,0.7,0.8,3,0.088719152179352,0.999,3,0.39669912252262,0.01,5,1,1,8,1.5400835,0.0219989927999176,19.6938730421799,0.0216722939061266,0.796783465879378,0.7,1,1,0.0295730507264507,0.0935028798754992,0.500352,0.0502144,5
30,2030,irls_5,irls,5,0.7,0.8,3,0.088719152179352,0.999,3,0.39669912252262,0.01,5,5,1,11,1.7294757,0.0220639531495024,19.7864825520886,0.0216811005609337,0.796783465879378,0.7,2.248,2.19,0.0295730507264507,0.0935028798754992,0.500352,0.0502144,5
31,2031,default,default,NaN,0.7,0.8,3,0.0895268267753683,0.999,3,0.596550525837567,0.01,5,3,1,1,1.7388153,0.0226309193412021,21.4291053983193,0.020985805618392,0.798960940921657,0.7,2.122,2.084,0.0298422755917894,0.140608307380048,0.5003872,0.0501608,3
31,2031,lambda_min_0p1,lambda_min,0.1,0.1,0.8,3,0.0895268267753683,0.999,3,0.596550525837567,0.01,5,3,1,12,1.6846609,0.0226313197783533,13.9557209900625,0.0207275786268781,0.792726586451606,0.1,2.112,2.076,0.0298422755917894,0.140608307380048,0.5003872,0.0501608,3
31,2031,lambda_min_0p4,lambda_min,0.4,0.4,0.8,3,0.0895268267753683,0.999,3,0.596550525837567,0.01,5,3,1,9,1.7310999,0.0226308198968714,19.4380103305586,0.0208371682271362,0.795843763686631,0.4,2.122,2.084,0.0298422755917894,0.140608307380048,0.5003872,0.0501608,3
31,2031,lambda_max_0p9,lambda_max,0.9,0.7,0.9,3,0.0895268267753683,0.999,3,0.596550525837567,0.01,5,3,1,11,1.7070002,0.0306198915385054,41.2093478928833,0.0261416480363798,0.897921881843318,0.7,2.224,2.186,0.0298422755917894,0.140608307380048,0.5003872,0.0501608,3
31,2031,lambda_max_0p99,lambda_max,0.99,0.7,0.99,3,0.0895268267753683,0.999,3,0.596550525837567,0.01,5,3,1,13,1.7924355,0.101218738256062,49.7286509071886,0.976600410051905,0.986986728672807,0.7,2.78,2.772,0.0298422755917894,0.140608307380048,0.5003872,0.0501608,3
31,2031,huber_1p345,huber,1.345,0.7,0.8,1.345,0.0401378606709568,0.999,3,0.596550525837567,0.01,5,3,1,10,1.8140498,0.0204998109054163,25.3805422359098,0.0193015371947251,0.798960940921657,0.7,2.996,2.964,0.0298422755917894,0.140608307380048,0.5003872,0.0501608,3
31,2031,huber_6,huber,6,0.7,0.8,6,0.179053653550737,0.999,3,0.596550525837567,0.01,5,3,1,17,1.6952217,0.0316643579737846,18.1787516351271,0.0290784275539924,0.798960940921657,0.7,2.066,2.056,0.0298422755917894,0.140608307380048,0.5003872,0.0501608,3
31,2031,alpha_0p9,alpha,0.9,0.7,0.8,3,0.0895268267753683,0.9,3,0.596550525837567,0.01,5,3,1,7,1.6831757,0.0226309136590475,21.4042358195827,0.0210117397506458,0.797947297386637,0.7,2.122,2.084,0.0298422755917894,0.140608307380048,0.5003872,0.0501608,3
31,2031,alpha_0p99,alpha,0.99,0.7,0.8,3,0.0895268267753683,0.99,3,0.596550525837567,0.01,5,3,1,16,1.6383193,0.0226309136590475,21.4275970448199,0.0209910115735953,0.798747677577605,0.7,2.122,2.084,0.0298422755917894,0.140608307380048,0.5003872,0.0501608,3
31,2031,theta_1,theta,1,0.7,0.8,3,0.0895268267753683,0.999,1,0.198850175279189,0.01,5,3,1,14,1.6847332,0.0226661498414959,20.7905532938298,0.0209883309937874,0.790449061484616,0.7,2.118,2.082,0.0298422755917894,0.140608307380048,0.5003872,0.0501608,3
31,2031,theta_6,theta,6,0.7,0.8,3,0.0895268267753683,0.999,6,1.19310105167513,0.01,5,3,1,4,1.6565752,0.0226309454600059,21.5111766495418,0.0209870902266723,0.799799999999998,0.7,2.122,2.084,0.0298422755917894,0.140608307380048,0.5003872,0.0501608,3
31,2031,mu_0p001,mu,0.001,0.7,0.8,3,0.0895268267753683,0.999,3,0.596550525837567,0.001,5,3,1,5,1.7269532,0.0225343772489975,23.3144035039516,0.020410413294034,0.798960940921657,0.7,2.128,2.092,0.0298422755917894,0.140608307380048,0.5003872,0.0501608,3
31,2031,mu_0p1,mu,0.1,0.7,0.8,3,0.0895268267753683,0.999,3,0.596550525837567,0.1,5,3,1,2,1.7322008,0.0228100543673458,20.9903480443777,0.0211414883638902,0.798960940921657,0.7,2.132,2.094,0.0298422755917894,0.140608307380048,0.5003872,0.0501608,3
31,2031,rank_3,rank,3,0.7,0.8,3,0.0895268267753683,0.999,3,0.596550525837567,0.01,3,3,1,8,1.3735705,0.604480064836693,37.3455113109534,0.624168632838301,0.798960940921657,0.7,2.99,2.988,0.0298422755917894,0.140608307380048,0.5003872,0.0501608,3
31,2031,rank_7,rank,7,0.7,0.8,3,0.0895268267753683,0.999,3,0.596550525837567,0.01,7,3,1,3,1.9828865,0.0282837016466611,15.5549631949303,0.0283328954194453,0.798960940921657,0.7,2.694,2.768,0.0298422755917894,0.140608307380048,0.5003872,0.0501608,3
31,2031,irls_1,irls,1,0.7,0.8,3,0.0895268267753683,0.999,3,0.596550525837567,0.01,5,1,1,6,1.6299468,0.0226781674240511,21.4835097113587,0.0208065902039521,0.798960940921657,0.7,1,1,0.0298422755917894,0.140608307380048,0.5003872,0.0501608,3
31,2031,irls_5,irls,5,0.7,0.8,3,0.0895268267753683,0.999,3,0.596550525837567,0.01,5,5,1,15,1.671874,0.0226572134985984,22.0985712143012,0.0210343732070527,0.798960940921657,0.7,2.258,2.204,0.0298422755917894,0.140608307380048,0.5003872,0.0501608,3
32,2032,default,default,NaN,0.7,0.8,3,0.0871682143144403,0.999,3,0.862441526221733,0.01,5,3,1,6,1.7840448,0.0231266731731771,20.738615658514,0.0205856476834046,0.799469847005098,0.7,2.146,2.088,0.0290560714381468,0.203279417189421,0.5002736,0.0498968,3
32,2032,lambda_min_0p1,lambda_min,0.1,0.1,0.8,3,0.0871682143144403,0.999,3,0.862441526221733,0.01,5,3,1,14,1.7314049,0.0231212840746293,13.1542438613882,0.0207074691756049,0.7962889290357,0.1,2.13,2.076,0.0290560714381468,0.203279417189421,0.5002736,0.0498968,3
32,2032,lambda_min_0p4,lambda_min,0.4,0.4,0.8,3,0.0871682143144403,0.999,3,0.862441526221733,0.01,5,3,1,13,1.7452847,0.0231256362787606,18.4702785224116,0.0206868207185722,0.797879388020399,0.4,2.142,2.086,0.0290560714381468,0.203279417189421,0.5002736,0.0498968,3
32,2032,lambda_max_0p9,lambda_max,0.9,0.7,0.9,3,0.0871682143144403,0.999,3,0.862441526221733,0.01,5,3,1,12,1.7503315,0.0312659999382805,39.606850827351,0.0277002285851122,0.898939694010202,0.7,2.254,2.184,0.0290560714381468,0.203279417189421,0.5002736,0.0498968,3
32,2032,lambda_max_0p99,lambda_max,0.99,0.7,0.99,3,0.0871682143144403,0.999,3,0.862441526221733,0.01,5,3,1,15,1.7573575,0.10767960913357,49.8987866128805,0.991235079864724,0.988462556314789,0.7,2.816,2.812,0.0290560714381468,0.203279417189421,0.5002736,0.0498968,3
32,2032,huber_1p345,huber,1.345,0.7,0.8,1.345,0.0390804160843074,0.999,3,0.862441526221733,0.01,5,3,1,7,1.8135208,0.0211328861108935,25.5982493000026,0.0191591598368996,0.799469847005098,0.7,2.994,2.986,0.0290560714381468,0.203279417189421,0.5002736,0.0498968,3
32,2032,huber_6,huber,6,0.7,0.8,6,0.174336428628881,0.999,3,0.862441526221733,0.01,5,3,1,16,1.6783976,0.03180290631826,18.1462831303892,0.0284142015999144,0.799469847005098,0.7,2.066,2.066,0.0290560714381468,0.203279417189421,0.5002736,0.0498968,3
32,2032,alpha_0p9,alpha,0.9,0.7,0.8,3,0.0871682143144403,0.9,3,0.862441526221733,0.01,5,3,1,4,1.723143,0.0231266712482635,20.7366169176758,0.0205857328277803,0.799464258319888,0.7,2.146,2.088,0.0290560714381468,0.203279417189421,0.5002736,0.0498968,3
32,2032,alpha_0p99,alpha,0.99,0.7,0.8,3,0.0871682143144403,0.99,3,0.862441526221733,0.01,5,3,1,17,1.6768668,0.0231266730043731,20.7384583144802,0.0205856544149141,0.799469363183834,0.7,2.146,2.088,0.0290560714381468,0.203279417189421,0.5002736,0.0498968,3
32,2032,theta_1,theta,1,0.7,0.8,3,0.0871682143144403,0.999,1,0.287480508740578,0.01,5,3,1,5,1.7223922,0.0231691123120619,20.2282240491448,0.0206065379393391,0.794331288485939,0.7,2.146,2.086,0.0290560714381468,0.203279417189421,0.5002736,0.0498968,3
32,2032,theta_6,theta,6,0.7,0.8,3,0.0871682143144403,0.999,6,1.72488305244347,0.01,5,3,1,8,1.7262543,0.0231268510308226,20.7467719085884,0.0205852142893595,0.799799999999998,0.7,2.146,2.088,0.0290560714381468,0.203279417189421,0.5002736,0.0498968,3
32,2032,mu_0p001,mu,0.001,0.7,0.8,3,0.0871682143144403,0.999,3,0.862441526221733,0.001,5,3,1,9,1.7026143,0.023026799134496,20.9199729510006,0.0202664272698457,0.799469847005098,0.7,2.134,2.11,0.0290560714381468,0.203279417189421,0.5002736,0.0498968,3
32,2032,mu_0p1,mu,0.1,0.7,0.8,3,0.0871682143144403,0.999,3,0.862441526221733,0.1,5,3,1,1,1.6685177,0.0223153060032745,20.3388135540941,0.0204165871082306,0.799469847005098,0.7,2.128,2.086,0.0290560714381468,0.203279417189421,0.5002736,0.0498968,3
32,2032,rank_3,rank,3,0.7,0.8,3,0.0871682143144403,0.999,3,0.862441526221733,0.01,3,3,1,11,1.3766345,0.653107970742281,39.9436573104796,0.634976646129779,0.799469847005098,0.7,2.996,2.992,0.0290560714381468,0.203279417189421,0.5002736,0.0498968,3
32,2032,rank_7,rank,7,0.7,0.8,3,0.0871682143144403,0.999,3,0.862441526221733,0.01,7,3,1,3,1.9262084,0.025225225939394,16.1490774870024,0.0286638232556197,0.799469847005098,0.7,2.572,2.532,0.0290560714381468,0.203279417189421,0.5002736,0.0498968,3
32,2032,irls_1,irls,1,0.7,0.8,3,0.0871682143144403,0.999,3,0.862441526221733,0.01,5,1,1,10,1.6141973,0.0232024147151916,20.4143180916335,0.0207266246314863,0.799469847005098,0.7,1,1,0.0290560714381468,0.203279417189421,0.5002736,0.0498968,3
32,2032,irls_5,irls,5,0.7,0.8,3,0.0871682143144403,0.999,3,0.862441526221733,0.01,5,5,1,2,1.6606273,0.0232512491387273,20.9353966040369,0.0205409038499604,0.799469847005098,0.7,2.248,2.198,0.0290560714381468,0.203279417189421,0.5002736,0.0498968,3
33,2033,default,default,NaN,0.7,0.8,3,0.087963361413585,0.999,3,0.810671256649503,0.01,5,3,1,6,1.6880247,0.0229120992326976,19.9410020714244,0.0212777742044878,0.799590806109238,0.7,2.114,2.08,0.029321120471195,0.191077047629961,0.4996552,0.0497464,2
33,2033,lambda_min_0p1,lambda_min,0.1,0.1,0.8,3,0.087963361413585,0.999,3,0.810671256649503,0.01,5,3,1,15,1.7455543,0.0229103942752357,12.3871441824552,0.0213070069766898,0.797135642764674,0.1,2.1,2.066,0.029321120471195,0.191077047629961,0.4996552,0.0497464,2
33,2033,lambda_min_0p4,lambda_min,0.4,0.4,0.8,3,0.087963361413585,0.999,3,0.810671256649503,0.01,5,3,1,16,1.6758313,0.0229118216697331,17.493952334087,0.0213110519900697,0.798363224436956,0.4,2.116,2.074,0.029321120471195,0.191077047629961,0.4996552,0.0497464,2
33,2033,lambda_max_0p9,lambda_max,0.9,0.7,0.9,3,0.087963361413585,0.999,3,0.810671256649503,0.01,5,3,1,10,1.6695116,0.0315142405495632,38.5974464594471,0.0287560397115791,0.899181612218481,0.7,2.206,2.154,0.029321120471195,0.191077047629961,0.4996552,0.0497464,2
33,2033,lambda_max_0p99,lambda_max,0.99,0.7,0.99,3,0.087963361413585,0.999,3,0.810671256649503,0.01,5,3,1,1,1.7653037,0.105746413164596,49.8599116586346,0.990340962473755,0.988813337716792,0.7,2.772,2.766,0.029321120471195,0.191077047629961,0.4996552,0.0497464,2
33,2033,huber_1p345,huber,1.345,0.7,0.8,1.345,0.0394369070337573,0.999,3,0.810671256649503,0.01,5,3,1,9,1.8224682,0.0213342482758067,24.2173818703456,0.0193912689880226,0.799590806109238,0.7,2.968,2.94,0.029321120471195,0.191077047629961,0.4996552,0.0497464,2
33,2033,huber_6,huber,6,0.7,0.8,6,0.17592672282717,0.999,3,0.810671256649503,0.01,5,3,1,8,1.7145078,0.0311015112148042,17.2432628336871,0.0300141484199648,0.799590806109238,0.7,2.068,2.054,0.029321120471195,0.191077047629961,0.4996552,0.0497464,2
33,2033,alpha_0p9,alpha,0.9,0.7,0.8,3,0.087963361413585,0.9,3,0.810671256649503,0.01,5,3,1,2,1.7308355,0.0229120992326976,19.9318915827789,0.0212778446862477,0.799586868672155,0.7,2.114,2.08,0.029321120471195,0.191077047629961,0.4996552,0.0497464,2
33,2033,alpha_0p99,alpha,0.99,0.7,0.8,3,0.087963361413585,0.99,3,0.810671256649503,0.01,5,3,1,14,1.732988,0.0229120992326976,19.9403776455559,0.0212777785280159,0.799590537949594,0.7,2.114,2.08,0.029321120471195,0.191077047629961,0.4996552,0.0497464,2
33,2033,theta_1,theta,1,0.7,0.8,3,0.087963361413585,0.999,1,0.270223752216501,0.01,5,3,1,11,1.6866146,0.0228942353665595,19.6134726868129,0.0212700613245682,0.793267444144444,0.7,2.11,2.078,0.029321120471195,0.191077047629961,0.4996552,0.0497464,2
33,2033,theta_6,theta,6,0.7,0.8,3,0.087963361413585,0.999,6,1.62134251329901,0.01,5,3,1,4,1.7458935,0.0229121467989224,19.9627899759627,0.0212776544037346,0.799799999999998,0.7,2.114,2.08,0.029321120471195,0.191077047629961,0.4996552,0.0497464,2
33,2033,mu_0p001,mu,0.001,0.7,0.8,3,0.087963361413585,0.999,3,0.810671256649503,0.001,5,3,1,12,1.7417801,0.0229370092118257,19.8447973113682,0.021384660260831,0.799590806109238,0.7,2.128,2.084,0.029321120471195,0.191077047629961,0.4996552,0.0497464,2
33,2033,mu_0p1,mu,0.1,0.7,0.8,3,0.087963361413585,0.999,3,0.810671256649503,0.1,5,3,1,5,1.6781286,0.0227396534000114,20.3952657307898,0.0210831407134794,0.799590806109238,0.7,2.11,2.07,0.029321120471195,0.191077047629961,0.4996552,0.0497464,2
33,2033,rank_3,rank,3,0.7,0.8,3,0.087963361413585,0.999,3,0.810671256649503,0.01,3,3,1,7,1.381831,0.639121819578642,36.7231341274192,0.625031964216646,0.799590806109238,0.7,2.994,2.988,0.029321120471195,0.191077047629961,0.4996552,0.0497464,2
33,2033,rank_7,rank,7,0.7,0.8,3,0.087963361413585,0.999,3,0.810671256649503,0.01,7,3,1,17,1.9080212,0.0268482858380732,14.5648884977395,0.0251964717300317,0.799590806109238,0.7,2.554,2.582,0.029321120471195,0.191077047629961,0.4996552,0.0497464,2
33,2033,irls_1,irls,1,0.7,0.8,3,0.087963361413585,0.999,3,0.810671256649503,0.01,5,1,1,3,1.6153757,0.0229115350640209,20.093142513895,0.0212103054687506,0.799590806109238,0.7,1,1,0.029321120471195,0.191077047629961,0.4996552,0.0497464,2
33,2033,irls_5,irls,5,0.7,0.8,3,0.087963361413585,0.999,3,0.810671256649503,0.01,5,5,1,13,1.7486049,0.0229127210054348,19.9054657519447,0.0212712313854676,0.799590806109238,0.7,2.244,2.202,0.029321120471195,0.191077047629961,0.4996552,0.0497464,2
34,2034,default,default,NaN,0.7,0.8,3,0.0899037895383247,0.999,3,0.783385014944555,0.01,5,3,1,14,1.7139857,0.0220045468924735,21.2198396820932,0.0211656562478185,0.799285288685351,0.7,2.116,2.088,0.0299679298461082,0.184645618782406,0.4994744,0.0497792,5
34,2034,lambda_min_0p1,lambda_min,0.1,0.1,0.8,3,0.0899037895383247,0.999,3,0.783385014944555,0.01,5,3,1,5,1.6889217,0.022006266765909,13.7955523547624,0.0212823793654338,0.794997020797467,0.1,2.104,2.072,0.0299679298461082,0.184645618782406,0.4994744,0.0497792,5
34,2034,lambda_min_0p4,lambda_min,0.4,0.4,0.8,3,0.0899037895383247,0.999,3,0.783385014944555,0.01,5,3,1,16,1.7740239,0.022006610612541,18.8053194668457,0.0211892610271431,0.797141154741409,0.4,2.112,2.082,0.0299679298461082,0.184645618782406,0.4994744,0.0497792,5
34,2034,lambda_max_0p9,lambda_max,0.9,0.7,0.9,3,0.0899037895383247,0.999,3,0.783385014944555,0.01,5,3,1,6,1.6977513,0.029034866137712,40.0178934286103,0.0279901884386223,0.898570577370707,0.7,2.212,2.176,0.0299679298461082,0.184645618782406,0.4994744,0.0497792,5
34,2034,lambda_max_0p99,lambda_max,0.99,0.7,0.99,3,0.0899037895383247,0.999,3,0.783385014944555,0.01,5,3,1,15,1.8048596,0.0974626294125879,49.8235248681032,0.984145420567226,0.987927337187521,0.7,2.746,2.726,0.0299679298461082,0.184645618782406,0.4994744,0.0497792,5
34,2034,huber_1p345,huber,1.345,0.7,0.8,1.345,0.0403068656430156,0.999,3,0.783385014944555,0.01,5,3,1,11,1.7690021,0.0199485014818612,25.2916109481388,0.0191778634482167,0.799285288685351,0.7,2.986,2.96,0.0299679298461082,0.184645618782406,0.4994744,0.0497792,5
34,2034,huber_6,huber,6,0.7,0.8,6,0.179807579076649,0.999,3,0.783385014944555,0.01,5,3,1,17,1.7471682,0.0307023313964518,18.4172979034857,0.0296042566486391,0.799285288685351,0.7,2.062,2.062,0.0299679298461082,0.184645618782406,0.4994744,0.0497792,5
34,2034,alpha_0p9,alpha,0.9,0.7,0.8,3,0.0899037895383247,0.9,3,0.783385014944555,0.01,5,3,1,10,1.7122615,0.022005455960604,21.2123540696941,0.021165599097505,0.798980512489491,0.7,2.118,2.088,0.0299679298461082,0.184645618782406,0.4994744,0.0497792,5
34,2034,alpha_0p99,alpha,0.99,0.7,0.8,3,0.0899037895383247,0.99,3,0.783385014944555,0.01,5,3,1,8,1.7355948,0.022005455960604,21.2188315497572,0.0211656310140679,0.799178345089659,0.7,2.118,2.088,0.0299679298461082,0.184645618782406,0.4994744,0.0497792,5
34,2034,theta_1,theta,1,0.7,0.8,3,0.0899037895383247,0.999,1,0.261128338314852,0.01,5,3,1,13,1.7072855,0.0220284895965141,20.2306434405931,0.0211908464853597,0.793873300963108,0.7,2.114,2.084,0.0299679298461082,0.184645618782406,0.4994744,0.0497792,5
34,2034,theta_6,theta,6,0.7,0.8,3,0.0899037895383247,0.999,6,1.56677002988911,0.01,5,3,1,9,1.7313702,0.0220038043521129,21.2731791662764,0.0211655551150613,0.799799999999998,0.7,2.116,2.088,0.0299679298461082,0.184645618782406,0.4994744,0.0497792,5
34,2034,mu_0p001,mu,0.001,0.7,0.8,3,0.0899037895383247,0.999,3,0.783385014944555,0.001,5,3,1,4,1.7232593,0.0223248196210242,21.7617710037172,0.0211130017848234,0.799285288685351,0.7,2.14,2.092,0.0299679298461082,0.184645618782406,0.4994744,0.0497792,5
34,2034,mu_0p1,mu,0.1,0.7,0.8,3,0.0899037895383247,0.999,3,0.783385014944555,0.1,5,3,1,1,1.7389749,0.0225023134603609,20.2978350801767,0.0213748126543987,0.799285288685351,0.7,2.112,2.076,0.0299679298461082,0.184645618782406,0.4994744,0.0497792,5
34,2034,rank_3,rank,3,0.7,0.8,3,0.0899037895383247,0.999,3,0.783385014944555,0.01,3,3,1,2,1.3063848,0.654379958401899,36.4555972428338,0.625738673772004,0.799285288685351,0.7,2.986,2.988,0.0299679298461082,0.184645618782406,0.4994744,0.0497792,5
34,2034,rank_7,rank,7,0.7,0.8,3,0.0899037895383247,0.999,3,0.783385014944555,0.01,7,3,1,7,1.9917895,0.0255849820859591,16.8620304419404,0.026463937047746,0.799285288685351,0.7,2.438,2.468,0.0299679298461082,0.184645618782406,0.4994744,0.0497792,5
34,2034,irls_1,irls,1,0.7,0.8,3,0.0899037895383247,0.999,3,0.783385014944555,0.01,5,1,1,12,1.5890249,0.0224073320835247,20.9017989126927,0.0210943114971312,0.799285288685351,0.7,1,1,0.0299679298461082,0.184645618782406,0.4994744,0.0497792,5
34,2034,irls_5,irls,5,0.7,0.8,3,0.0899037895383247,0.999,3,0.783385014944555,0.01,5,5,1,3,1.6740947,0.0221124355911558,21.3360899543522,0.0212862185350235,0.799285288685351,0.7,2.234,2.192,0.0299679298461082,0.184645618782406,0.4994744,0.0497792,5
35,2035,default,default,NaN,0.7,0.8,3,0.0894684690570561,0.999,3,0.879882175462595,0.01,5,3,1,8,1.745104,0.0218337539299353,18.4538492678142,0.0208970584065195,0.799769091595208,0.7,2.112,2.086,0.0298228230190187,0.207390217638258,0.5002904,0.0499608,4
35,2035,lambda_min_0p1,lambda_min,0.1,0.1,0.8,3,0.0894684690570561,0.999,3,0.879882175462595,0.01,5,3,1,10,1.732318,0.0218337539299353,11.2866401044758,0.0209795569940213,0.798383641166468,0.1,2.094,2.07,0.0298228230190187,0.207390217638258,0.5002904,0.0499608,4
35,2035,lambda_min_0p4,lambda_min,0.4,0.4,0.8,3,0.0894684690570561,0.999,3,0.879882175462595,0.01,5,3,1,14,1.7273251,0.0218337539299353,16.1941857856031,0.0208907417659054,0.799076366380838,0.4,2.108,2.078,0.0298228230190187,0.207390217638258,0.5002904,0.0499608,4
35,2035,lambda_max_0p9,lambda_max,0.9,0.7,0.9,3,0.0894684690570561,0.999,3,0.879882175462595,0.01,5,3,1,17,1.7311718,0.0285779392193523,35.156273150175,0.0265796015409278,0.899538183190422,0.7,2.198,2.156,0.0298228230190187,0.207390217638258,0.5002904,0.0499608,4
35,2035,lambda_max_0p99,lambda_max,0.99,0.7,0.99,3,0.0894684690570561,0.999,3,0.879882175462595,0.01,5,3,1,1,1.8590114,0.101328120741764,49.4116153934855,0.962336327402741,0.989330365626107,0.7,2.788,2.776,0.0298228230190187,0.207390217638258,0.5002904,0.0499608,4
35,2035,huber_1p345,huber,1.345,0.7,0.8,1.345,0.0401116969605801,0.999,3,0.879882175462595,0.01,5,3,1,12,1.8187593,0.0197697932771898,22.7519106111177,0.0190317704798611,0.799769091595208,0.7,2.97,2.922,0.0298228230190187,0.207390217638258,0.5002904,0.0499608,4
35,2035,huber_6,huber,6,0.7,0.8,6,0.178936938114112,0.999,3,0.879882175462595,0.01,5,3,1,16,1.689575,0.0303562635745039,15.4973995651722,0.0294440538551544,0.799769091595208,0.7,2.07,2.068,0.0298228230190187,0.207390217638258,0.5002904,0.0499608,4
35,2035,alpha_0p9,alpha,0.9,0.7,0.8,3,0.0894684690570561,0.9,3,0.879882175462595,0.01,5,3,1,11,1.745022,0.0218337539299353,18.4365132527689,0.0208973095232702,0.799761066851752,0.7,2.112,2.086,0.0298228230190187,0.207390217638258,0.5002904,0.0499608,4
35,2035,alpha_0p99,alpha,0.99,0.7,0.8,3,0.0894684690570561,0.99,3,0.879882175462595,0.01,5,3,1,2,1.7474825,0.0218337539299353,18.4525163143868,0.0208970796536897,0.799768474665095,0.7,2.112,2.086,0.0298228230190187,0.207390217638258,0.5002904,0.0499608,4
35,2035,theta_1,theta,1,0.7,0.8,3,0.0894684690570561,0.999,1,0.293294058487532,0.01,5,3,1,4,1.7696216,0.0219329611518938,17.9756077133226,0.0208876662420666,0.794042706569104,0.7,2.11,2.082,0.0298228230190187,0.207390217638258,0.5002904,0.0499608,4
35,2035,theta_6,theta,6,0.7,0.8,3,0.0894684690570561,0.999,6,1.75976435092519,0.01,5,3,1,15,1.7187224,0.0218337539299353,18.5213432300778,0.0208961464723939,0.799799999999998,0.7,2.112,2.086,0.0298228230190187,0.207390217638258,0.5002904,0.0499608,4
35,2035,mu_0p001,mu,0.001,0.7,0.8,3,0.0894684690570561,0.999,3,0.879882175462595,0.001,5,3,1,3,1.762943,0.0221585130574804,17.9858828551308,0.0214545070552069,0.799769091595208,0.7,2.15,2.102,0.0298228230190187,0.207390217638258,0.5002904,0.0499608,4
35,2035,mu_0p1,mu,0.1,0.7,0.8,3,0.0894684690570561,0.999,3,0.879882175462595,0.1,5,3,1,5,1.7147045,0.0229961905343464,18.4306680046718,0.0214348357213647,0.799769091595208,0.7,2.134,2.084,0.0298228230190187,0.207390217638258,0.5002904,0.0499608,4
35,2035,rank_3,rank,3,0.7,0.8,3,0.0894684690570561,0.999,3,0.879882175462595,0.01,3,3,1,9,1.3760127,0.636445321941961,37.231497349945,0.617569229511346,0.799769091595208,0.7,2.998,2.992,0.0298228230190187,0.207390217638258,0.5002904,0.0499608,4
35,2035,rank_7,rank,7,0.7,0.8,3,0.0894684690570561,0.999,3,0.879882175462595,0.01,7,3,1,6,1.9085628,0.0257274804987266,15.8483116546357,0.026162323719763,0.799769091595208,0.7,2.374,2.394,0.0298228230190187,0.207390217638258,0.5002904,0.0499608,4
35,2035,irls_1,irls,1,0.7,0.8,3,0.0894684690570561,0.999,3,0.879882175462595,0.01,5,1,1,13,1.6264363,0.0219886211272038,18.3404018496211,0.0210614616359897,0.799769091595208,0.7,1,1,0.0298228230190187,0.207390217638258,0.5002904,0.0499608,4
35,2035,irls_5,irls,5,0.7,0.8,3,0.0894684690570561,0.999,3,0.879882175462595,0.01,5,5,1,7,1.7171024,0.0218100325916199,18.5364715426382,0.0209294639359908,0.799769091595208,0.7,2.242,2.196,0.0298228230190187,0.207390217638258,0.5002904,0.0499608,4
36,2036,default,default,NaN,0.7,0.8,3,0.0888168739898585,0.999,3,1.01143959593856,0.01,5,3,1,9,1.7186279,0.0227263501692605,22.9684253607975,0.0218168268357616,0.799786835300254,0.7,2.132,2.094,0.0296056246632862,0.238398599016246,0.5005056,0.0504944,4
36,2036,lambda_min_0p1,lambda_min,0.1,0.1,0.8,3,0.0888168739898585,0.999,3,1.01143959593856,0.01,5,3,1,14,1.7108348,0.0227263501692605,15.1678313562587,0.0219185620916531,0.798507847101791,0.1,2.116,2.074,0.0296056246632862,0.238398599016246,0.5005056,0.0504944,4
36,2036,lambda_min_0p4,lambda_min,0.4,0.4,0.8,3,0.0888168739898585,0.999,3,1.01143959593856,0.01,5,3,1,13,1.6964433,0.0227263501692605,21.4071384364282,0.021672916306312,0.799147341201022,0.4,2.126,2.088,0.0296056246632862,0.238398599016246,0.5005056,0.0504944,4
36,2036,lambda_max_0p9,lambda_max,0.9,0.7,0.9,3,0.0888168739898585,0.999,3,1.01143959593856,0.01,5,3,1,11,1.7538978,0.0309579445302693,44.8679443919462,0.0286996429953603,0.899573670600514,0.7,2.224,2.17,0.0296056246632862,0.238398599016246,0.5005056,0.0504944,4
36,2036,lambda_max_0p99,lambda_max,0.99,0.7,0.99,3,0.0888168739898585,0.999,3,1.01143959593856,0.01,5,3,1,1,1.8110788,0.107445924215218,50.0637782156657,0.999828615850297,0.98938182237074,0.7,2.772,2.762,0.0296056246632862,0.238398599016246,0.5005056,0.0504944,4
36,2036,huber_1p345,huber,1.345,0.7,0.8,1.345,0.0398195651721199,0.999,3,1.01143959593856,0.01,5,3,1,15,1.755857,0.0205325177239937,26.621996419313,0.0200757479133532,0.799786835300254,0.7,2.988,2.954,0.0296056246632862,0.238398599016246,0.5005056,0.0504944,4
36,2036,huber_6,huber,6,0.7,0.8,6,0.177633747979717,0.999,3,1.01143959593856,0.01,5,3,1,5,1.7087871,0.0315447571981783,19.931153635255,0.0305354383107371,0.799786835300254,0.7,2.062,2.058,0.0296056246632862,0.238398599016246,0.5005056,0.0504944,4
36,2036,alpha_0p9,alpha,0.9,0.7,0.8,3,0.0888168739898585,0.9,3,1.01143959593856,0.01,5,3,1,16,1.7023241,0.0227263501692605,22.9659687244792,0.0218166383158702,0.799785492228036,0.7,2.132,2.094,0.0296056246632862,0.238398599016246,0.5005056,0.0504944,4
36,2036,alpha_0p99,alpha,0.99,0.7,0.8,3,0.0888168739898585,0.99,3,1.01143959593856,0.01,5,3,1,3,1.7345869,0.0227263501692605,22.968223739819,0.0218168114559601,0.799786723565723,0.7,2.132,2.094,0.0296056246632862,0.238398599016246,0.5005056,0.0504944,4
36,2036,theta_1,theta,1,0.7,0.8,3,0.0888168739898585,0.999,1,0.33714653197952,0.01,5,3,1,4,1.7138911,0.022719519715646,22.4638930491313,0.0217700465271894,0.795613874189274,0.7,2.128,2.086,0.0296056246632862,0.238398599016246,0.5005056,0.0504944,4
36,2036,theta_6,theta,6,0.7,0.8,3,0.0888168739898585,0.999,6,2.02287919187712,0.01,5,3,1,12,1.7467586,0.0227263501692605,22.9924370292308,0.0218186488395696,0.799799999999998,0.7,2.132,2.094,0.0296056246632862,0.238398599016246,0.5005056,0.0504944,4
36,2036,mu_0p001,mu,0.001,0.7,0.8,3,0.0888168739898585,0.999,3,1.01143959593856,0.001,5,3,1,2,1.7300057,0.0227004402793624,24.333951634092,0.0217509324759647,0.799786835300254,0.7,2.142,2.086,0.0296056246632862,0.238398599016246,0.5005056,0.0504944,4
36,2036,mu_0p1,mu,0.1,0.7,0.8,3,0.0888168739898585,0.999,3,1.01143959593856,0.1,5,3,1,10,1.7302981,0.0223828993605792,21.2908682353781,0.0213183152587168,0.799786835300254,0.7,2.116,2.084,0.0296056246632862,0.238398599016246,0.5005056,0.0504944,4
36,2036,rank_3,rank,3,0.7,0.8,3,0.0888168739898585,0.999,3,1.01143959593856,0.01,3,3,1,17,1.3120788,0.631425563826565,38.2774290179314,0.637202982099774,0.799786835300254,0.7,3,2.996,0.0296056246632862,0.238398599016246,0.5005056,0.0504944,4
36,2036,rank_7,rank,7,0.7,0.8,3,0.0888168739898585,0.999,3,1.01143959593856,0.01,7,3,1,7,1.9496626,0.0255575672616703,16.7832326926429,0.0255619502831295,0.799786835300254,0.7,2.47,2.512,0.0296056246632862,0.238398599016246,0.5005056,0.0504944,4
36,2036,irls_1,irls,1,0.7,0.8,3,0.0888168739898585,0.999,3,1.01143959593856,0.01,5,1,1,8,1.6344441,0.0227173225063138,22.1876609772172,0.0219489271133092,0.799786835300254,0.7,1,1,0.0296056246632862,0.238398599016246,0.5005056,0.0504944,4
36,2036,irls_5,irls,5,0.7,0.8,3,0.0888168739898585,0.999,3,1.01143959593856,0.01,5,5,1,6,1.7080252,0.0227406673493761,23.3880835901101,0.0218849492719871,0.799786835300254,0.7,2.258,2.208,0.0296056246632862,0.238398599016246,0.5005056,0.0504944,4
37,2037,default,default,NaN,0.7,0.8,3,0.0888868877825551,0.999,3,0.702474452897195,0.01,5,3,1,15,1.745586,0.0229511955593163,22.8074099747083,0.0204709067160773,0.799381917106914,0.7,2.138,2.096,0.029628962594185,0.165574816417972,0.50046,0.049864,3
37,2037,lambda_min_0p1,lambda_min,0.1,0.1,0.8,3,0.0888868877825551,0.999,3,0.702474452897195,0.01,5,3,1,17,1.7457637,0.0229523100273636,15.0600099655085,0.0205642860302521,0.795673419748407,0.1,2.12,2.084,0.029628962594185,0.165574816417972,0.50046,0.049864,3
37,2037,lambda_min_0p4,lambda_min,0.4,0.4,0.8,3,0.0888868877825551,0.999,3,0.702474452897195,0.01,5,3,1,2,1.70989,0.0229516331155812,20.5597238832465,0.0204454477260553,0.79752766842766,0.4,2.132,2.096,0.029628962594185,0.165574816417972,0.50046,0.049864,3
37,2037,lambda_max_0p9,lambda_max,0.9,0.7,0.9,3,0.0888868877825551,0.999,3,0.702474452897195,0.01,5,3,1,12,1.7068368,0.0312983808585622,42.8798466873812,0.0274384512724931,0.898763834213833,0.7,2.24,2.194,0.029628962594185,0.165574816417972,0.50046,0.049864,3
37,2037,lambda_max_0p99,lambda_max,0.99,0.7,0.99,3,0.0888868877825551,0.999,3,0.702474452897195,0.01,5,3,1,16,1.7874357,0.11065352673039,49.9147667007814,0.988760395052838,0.988207559610053,0.7,2.818,2.806,0.029628962594185,0.165574816417972,0.50046,0.049864,3
37,2037,huber_1p345,huber,1.345,0.7,0.8,1.345,0.0398509546891789,0.999,3,0.702474452897195,0.01,5,3,1,4,1.8017948,0.0212874376117976,27.1907360723199,0.0186759164971095,0.799381917106914,0.7,2.992,2.966,0.029628962594185,0.165574816417972,0.50046,0.049864,3
37,2037,huber_6,huber,6,0.7,0.8,6,0.17777377556511,0.999,3,0.702474452897195,0.01,5,3,1,10,1.7315416,0.0319199841022389,18.3478138070125,0.0289830224555465,0.799381917106914,0.7,2.066,2.06,0.029628962594185,0.165574816417972,0.50046,0.049864,3
37,2037,alpha_0p9,alpha,0.9,0.7,0.8,3,0.0888868877825551,0.9,3,0.702474452897195,0.01,5,3,1,13,1.7115025,0.0229514309817798,22.7868301845375,0.020469227245614,0.798576742569064,0.7,2.138,2.096,0.029628962594185,0.165574816417972,0.50046,0.049864,3
37,2037,alpha_0p99,alpha,0.99,0.7,0.8,3,0.0888868877825551,0.99,3,0.702474452897195,0.01,5,3,1,1,1.7458191,0.0229514289383528,22.8057900115502,0.0204706487308893,0.798967491920414,0.7,2.138,2.096,0.029628962594185,0.165574816417972,0.50046,0.049864,3
37,2037,theta_1,theta,1,0.7,0.8,3,0.0888868877825551,0.999,1,0.234158150965732,0.01,5,3,1,6,1.7586445,0.0230372768505911,22.079491243828,0.0204519732851798,0.793097669125392,0.7,2.13,2.096,0.029628962594185,0.165574816417972,0.50046,0.049864,3
37,2037,theta_6,theta,6,0.7,0.8,3,0.0888868877825551,0.999,6,1.40494890579439,0.01,5,3,1,11,1.708581,0.0229510867054784,22.972000709598,0.0204753528040636,0.799797892394154,0.7,2.138,2.096,0.029628962594185,0.165574816417972,0.50046,0.049864,3
37,2037,mu_0p001,mu,0.001,0.7,0.8,3,0.0888868877825551,0.999,3,0.702474452897195,0.001,5,3,1,5,1.7414561,0.0227028745002367,21.4415272296897,0.0207913828193843,0.799381917106914,0.7,2.13,2.094,0.029628962594185,0.165574816417972,0.50046,0.049864,3
37,2037,mu_0p1,mu,0.1,0.7,0.8,3,0.0888868877825551,0.999,3,0.702474452897195,0.1,5,3,1,14,1.6876366,0.0234694746074535,21.0125792338493,0.0211062482873958,0.799381917106914,0.7,2.12,2.078,0.029628962594185,0.165574816417972,0.50046,0.049864,3
37,2037,rank_3,rank,3,0.7,0.8,3,0.0888868877825551,0.999,3,0.702474452897195,0.01,3,3,1,8,1.388642,0.640154770196703,38.473124449366,0.649229050407622,0.799381917106914,0.7,2.996,2.998,0.029628962594185,0.165574816417972,0.50046,0.049864,3
37,2037,rank_7,rank,7,0.7,0.8,3,0.0888868877825551,0.999,3,0.702474452897195,0.01,7,3,1,3,1.915282,0.0251580178744025,15.81612045563,0.0269520501158764,0.799381917106914,0.7,2.598,2.568,0.029628962594185,0.165574816417972,0.50046,0.049864,3
37,2037,irls_1,irls,1,0.7,0.8,3,0.0888868877825551,0.999,3,0.702474452897195,0.01,5,1,1,7,1.6053618,0.023232316411781,21.3488028250294,0.0209649143060135,0.799381917106914,0.7,1,1,0.029628962594185,0.165574816417972,0.50046,0.049864,3
37,2037,irls_5,irls,5,0.7,0.8,3,0.0888868877825551,0.999,3,0.702474452897195,0.01,5,5,1,9,1.7699971,0.0229701809827841,23.4118423349971,0.0204961553681882,0.799381917106914,0.7,2.272,2.232,0.029628962594185,0.165574816417972,0.50046,0.049864,3
38,2038,default,default,NaN,0.7,0.8,3,0.0882984955638376,0.999,3,0.846297827688357,0.01,5,3,1,6,1.736348,0.0222433398254695,19.3409545351291,0.0211593176236225,0.799788689541249,0.7,2.122,2.076,0.0294328318546125,0.19947431095396,0.499844,0.0495688,2
38,2038,lambda_min_0p1,lambda_min,0.1,0.1,0.8,3,0.0882984955638376,0.999,3,0.846297827688357,0.01,5,3,1,8,1.7527943,0.0222433398254695,11.6104141874564,0.0211072853532461,0.798520826788754,0.1,2.1,2.058,0.0294328318546125,0.19947431095396,0.499844,0.0495688,2
38,2038,lambda_min_0p4,lambda_min,0.4,0.4,0.8,3,0.0882984955638376,0.999,3,0.846297827688357,0.01,5,3,1,17,1.7066633,0.0222433398254695,16.924265881399,0.0211670665331229,0.799154758165002,0.4,2.118,2.072,0.0294328318546125,0.19947431095396,0.499844,0.0495688,2
38,2038,lambda_max_0p9,lambda_max,0.9,0.7,0.9,3,0.0882984955638376,0.999,3,0.846297827688357,0.01,5,3,1,4,1.6994135,0.0294318130554534,37.7152411835531,0.0292657859097143,0.899577379082503,0.7,2.206,2.16,0.0294328318546125,0.19947431095396,0.499844,0.0495688,2
38,2038,lambda_max_0p99,lambda_max,0.99,0.7,0.99,3,0.0882984955638376,0.999,3,0.846297827688357,0.01,5,3,1,16,1.7512751,0.104016361726865,49.8641944149377,0.986598380824782,0.989387199669625,0.7,2.758,2.748,0.0294328318546125,0.19947431095396,0.499844,0.0495688,2
38,2038,huber_1p345,huber,1.345,0.7,0.8,1.345,0.0395871588444539,0.999,3,0.846297827688357,0.01,5,3,1,11,1.817644,0.0205273842498826,24.0062561234722,0.0191683466342803,0.799788689541249,0.7,2.982,2.942,0.0294328318546125,0.19947431095396,0.499844,0.0495688,2
38,2038,huber_6,huber,6,0.7,0.8,6,0.176596991127675,0.999,3,0.846297827688357,0.01,5,3,1,5,1.7270773,0.0302597571471397,16.0843564323642,0.0294368210770717,0.799788689541249,0.7,2.062,2.052,0.0294328318546125,0.19947431095396,0.499844,0.0495688,2
38,2038,alpha_0p9,alpha,0.9,0.7,0.8,3,0.0882984955638376,0.9,3,0.846297827688357,0.01,5,3,1,2,1.7048102,0.0222433398254695,19.3210452890555,0.0211588192037613,0.799779665063341,0.7,2.122,2.076,0.0294328318546125,0.19947431095396,0.499844,0.0495688,2
38,2038,alpha_0p99,alpha,0.99,0.7,0.8,3,0.0882984955638376,0.99,3,0.846297827688357,0.01,5,3,1,1,1.7444903,0.0222433398254695,19.3396930871916,0.0211592866650925,0.799788120048654,0.7,2.122,2.076,0.0294328318546125,0.19947431095396,0.499844,0.0495688,2
38,2038,theta_1,theta,1,0.7,0.8,3,0.0882984955638376,0.999,1,0.282099275896119,0.01,5,3,1,10,1.744726,0.0222374341855845,19.0452244067364,0.021149810676316,0.793480198068365,0.7,2.12,2.074,0.0294328318546125,0.19947431095396,0.499844,0.0495688,2
38,2038,theta_6,theta,6,0.7,0.8,3,0.0882984955638376,0.999,6,1.69259565537671,0.01,5,3,1,12,1.7342931,0.0222433398254695,19.3664245799545,0.0211599466250026,0.799799999999998,0.7,2.122,2.078,0.0294328318546125,0.19947431095396,0.499844,0.0495688,2
38,2038,mu_0p001,mu,0.001,0.7,0.8,3,0.0882984955638376,0.999,3,0.846297827688357,0.001,5,3,1,13,1.6874199,0.0222778706138887,19.372979334075,0.0210468481145151,0.799788689541249,0.7,2.122,2.086,0.0294328318546125,0.19947431095396,0.499844,0.0495688,2
38,2038,mu_0p1,mu,0.1,0.7,0.8,3,0.0882984955638376,0.999,3,0.846297827688357,0.1,5,3,1,3,1.6889257,0.0226431054010962,20.1778520812414,0.0210899649823494,0.799788689541249,0.7,2.1,2.07,0.0294328318546125,0.19947431095396,0.499844,0.0495688,2
38,2038,rank_3,rank,3,0.7,0.8,3,0.0882984955638376,0.999,3,0.846297827688357,0.01,3,3,1,7,1.3677522,0.652422263429792,37.4008994704613,0.62053068810534,0.799788689541249,0.7,2.998,2.99,0.0294328318546125,0.19947431095396,0.499844,0.0495688,2
38,2038,rank_7,rank,7,0.7,0.8,3,0.0882984955638376,0.999,3,0.846297827688357,0.01,7,3,1,9,2.0358516,0.02678684448278,16.5396812186102,0.0274776956332469,0.799788689541249,0.7,2.594,2.59,0.0294328318546125,0.19947431095396,0.499844,0.0495688,2
38,2038,irls_1,irls,1,0.7,0.8,3,0.0882984955638376,0.999,3,0.846297827688357,0.01,5,1,1,15,1.584392,0.0225541511309173,19.3446356330455,0.0212087709554844,0.799788689541249,0.7,1,1,0.0294328318546125,0.19947431095396,0.499844,0.0495688,2
38,2038,irls_5,irls,5,0.7,0.8,3,0.0882984955638376,0.999,3,0.846297827688357,0.01,5,5,1,14,1.7008155,0.0224224561145617,19.4613518796239,0.0212669891198915,0.799788689541249,0.7,2.234,2.186,0.0294328318546125,0.19947431095396,0.499844,0.0495688,2
39,2039,default,default,NaN,0.7,0.8,3,0.089060425839509,0.999,3,0.96046527747654,0.01,5,3,1,8,1.7199462,0.0225955990223375,22.7641392508284,0.021350515654759,0.79938123033621,0.7,2.122,2.076,0.0296868086131697,0.226383836932627,0.5002224,0.050108,3
39,2039,lambda_min_0p1,lambda_min,0.1,0.1,0.8,3,0.089060425839509,0.999,3,0.96046527747654,0.01,5,3,1,6,1.7011638,0.0225932082156292,14.1669298706367,0.0207481404042883,0.795668612353482,0.1,2.118,2.07,0.0296868086131697,0.226383836932627,0.5002224,0.050108,3
39,2039,lambda_min_0p4,lambda_min,0.4,0.4,0.8,3,0.089060425839509,0.999,3,0.96046527747654,0.01,5,3,1,17,1.7077358,0.0225941845234397,20.6460455802581,0.0215195697635548,0.797524921344846,0.4,2.12,2.072,0.0296868086131697,0.226383836932627,0.5002224,0.050108,3
39,2039,lambda_max_0p9,lambda_max,0.9,0.7,0.9,3,0.089060425839509,0.999,3,0.96046527747654,0.01,5,3,1,11,1.7188574,0.0311173762832584,43.742445130557,0.0275412706451025,0.898762460672426,0.7,2.228,2.156,0.0296868086131697,0.226383836932627,0.5002224,0.050108,3
39,2039,lambda_max_0p99,lambda_max,0.99,0.7,0.99,3,0.089060425839509,0.999,3,0.96046527747654,0.01,5,3,1,15,1.7992194,0.110128204284798,50.022874722803,0.997895536080256,0.988205567975012,0.7,2.792,2.78,0.0296868086131697,0.226383836932627,0.5002224,0.050108,3
39,2039,huber_1p345,huber,1.345,0.7,0.8,1.345,0.0399287575847132,0.999,3,0.96046527747654,0.01,5,3,1,1,1.823028,0.020608968739729,26.1617529329901,0.0192692321492276,0.79938123033621,0.7,2.99,2.986,0.0296868086131697,0.226383836932627,0.5002224,0.050108,3
39,2039,huber_6,huber,6,0.7,0.8,6,0.178120851679018,0.999,3,0.96046527747654,0.01,5,3,1,5,1.6550039,0.0309667435194161,19.277854075983,0.0291476855426777,0.79938123033621,0.7,2.062,2.054,0.0296868086131697,0.226383836932627,0.5002224,0.050108,3
39,2039,alpha_0p9,alpha,0.9,0.7,0.8,3,0.089060425839509,0.9,3,0.96046527747654,0.01,5,3,1,9,1.7080094,0.0225955990223375,22.7589461781165,0.0213507304273901,0.799379061535005,0.7,2.122,2.076,0.0296868086131697,0.226383836932627,0.5002224,0.050108,3
39,2039,alpha_0p99,alpha,0.99,0.7,0.8,3,0.089060425839509,0.99,3,0.96046527747654,0.01,5,3,1,3,1.7012306,0.0225955990223375,22.7637148886247,0.0213505323081234,0.799381053308543,0.7,2.122,2.076,0.0296868086131697,0.226383836932627,0.5002224,0.050108,3
39,2039,theta_1,theta,1,0.7,0.8,3,0.089060425839509,0.999,1,0.32015509249218,0.01,5,3,1,12,1.6891896,0.0225549153698282,22.5336265520096,0.0213653789991055,0.79648985971998,0.7,2.122,2.076,0.0296868086131697,0.226383836932627,0.5002224,0.050108,3
39,2039,theta_6,theta,6,0.7,0.8,3,0.089060425839509,0.999,6,1.92093055495308,0.01,5,3,1,13,1.7275952,0.0225958248826717,22.8125680420205,0.0213506461376255,0.799799999999998,0.7,2.122,2.076,0.0296868086131697,0.226383836932627,0.5002224,0.050108,3
39,2039,mu_0p001,mu,0.001,0.7,0.8,3,0.089060425839509,0.999,3,0.96046527747654,0.001,5,3,1,16,1.6870995,0.0228050553849742,23.4570822575415,0.021203764154555,0.79938123033621,0.7,2.132,2.098,0.0296868086131697,0.226383836932627,0.5002224,0.050108,3
39,2039,mu_0p1,mu,0.1,0.7,0.8,3,0.089060425839509,0.999,3,0.96046527747654,0.1,5,3,1,7,1.741513,0.0221091899946093,21.9970141949763,0.0211164938032038,0.79938123033621,0.7,2.1,2.074,0.0296868086131697,0.226383836932627,0.5002224,0.050108,3
39,2039,rank_3,rank,3,0.7,0.8,3,0.089060425839509,0.999,3,0.96046527747654,0.01,3,3,1,2,1.3779547,0.661605946245418,39.3138606734556,0.635103808664384,0.79938123033621,0.7,2.992,2.988,0.0296868086131697,0.226383836932627,0.5002224,0.050108,3
39,2039,rank_7,rank,7,0.7,0.8,3,0.089060425839509,0.999,3,0.96046527747654,0.01,7,3,1,14,1.9448539,0.0250132972058944,17.4595522802432,0.0261039639309609,0.79938123033621,0.7,2.506,2.512,0.0296868086131697,0.226383836932627,0.5002224,0.050108,3
39,2039,irls_1,irls,1,0.7,0.8,3,0.089060425839509,0.999,3,0.96046527747654,0.01,5,1,1,10,1.6241963,0.0226074786743187,22.850050789276,0.0213929298560496,0.79938123033621,0.7,1,1,0.0296868086131697,0.226383836932627,0.5002224,0.050108,3
39,2039,irls_5,irls,5,0.7,0.8,3,0.089060425839509,0.999,3,0.96046527747654,0.01,5,5,1,4,1.6645592,0.0225104038408709,22.3925816165228,0.0213917115419506,0.79938123033621,0.7,2.254,2.186,0.0296868086131697,0.226383836932627,0.5002224,0.050108,3
40,2040,default,default,NaN,0.7,0.8,3,0.0880769182849904,0.999,3,0.705564405741201,0.01,5,3,1,16,1.6728828,0.0212703732891126,21.6809169217704,0.0212513766469307,0.799301425753919,0.7,2.112,2.088,0.0293589727616635,0.16630312528782,0.5007528,0.050136,5
40,2040,lambda_min_0p1,lambda_min,0.1,0.1,0.8,3,0.0880769182849904,0.999,3,0.705564405741201,0.01,5,3,1,4,1.6988795,0.0213681735390939,14.0622087189907,0.0209159929791529,0.795109980277446,0.1,2.1,2.072,0.0293589727616635,0.16630312528782,0.5007528,0.050136,5
40,2040,lambda_min_0p4,lambda_min,0.4,0.4,0.8,3,0.0880769182849904,0.999,3,0.705564405741201,0.01,5,3,1,7,1.7316813,0.0213073121089648,19.3938554338487,0.021232475789865,0.797205703015683,0.4,2.106,2.086,0.0293589727616635,0.16630312528782,0.5007528,0.050136,5
40,2040,lambda_max_0p9,lambda_max,0.9,0.7,0.9,3,0.0880769182849904,0.999,3,0.705564405741201,0.01,5,3,1,5,1.7344689,0.0250646177012621,40.8396361906518,0.0282739510065446,0.898602851507844,0.7,2.192,2.16,0.0293589727616635,0.16630312528782,0.5007528,0.050136,5
40,2040,lambda_max_0p99,lambda_max,0.99,0.7,0.99,3,0.0880769182849904,0.999,3,0.705564405741201,0.01,5,3,1,11,1.7497217,0.0798341085282922,50.0276684433565,0.995452384516944,0.987974134686369,0.7,2.748,2.74,0.0293589727616635,0.16630312528782,0.5007528,0.050136,5
40,2040,huber_1p345,huber,1.345,0.7,0.8,1.345,0.0394878183644374,0.999,3,0.705564405741201,0.01,5,3,1,15,1.7829326,0.019008770333601,27.6977072560976,0.0195162653061882,0.799301425753919,0.7,2.968,2.93,0.0293589727616635,0.16630312528782,0.5007528,0.050136,5
40,2040,huber_6,huber,6,0.7,0.8,6,0.176153836569981,0.999,3,0.705564405741201,0.01,5,3,1,12,1.7069674,0.0300002683294632,18.7389355436931,0.0294953192275843,0.799301425753919,0.7,2.07,2.06,0.0293589727616635,0.16630312528782,0.5007528,0.050136,5
40,2040,alpha_0p9,alpha,0.9,0.7,0.8,3,0.0880769182849904,0.9,3,0.705564405741201,0.01,5,3,1,10,1.6869897,0.0212864776882183,21.6705274935986,0.0212338555268361,0.798578115197536,0.7,2.112,2.088,0.0293589727616635,0.16630312528782,0.5007528,0.050136,5
40,2040,alpha_0p99,alpha,0.99,0.7,0.8,3,0.0880769182849904,0.99,3,0.705564405741201,0.01,5,3,1,8,1.6832033,0.0212864776882183,21.6806279047966,0.0212362590170705,0.798991254156701,0.7,2.112,2.088,0.0293589727616635,0.16630312528782,0.5007528,0.050136,5
40,2040,theta_1,theta,1,0.7,0.8,3,0.0880769182849904,0.999,1,0.235188135247067,0.01,5,3,1,9,1.7115848,0.02138979089109,21.033749864491,0.0212334977578241,0.792532614988472,0.7,2.112,2.086,0.0293589727616635,0.16630312528782,0.5007528,0.050136,5
40,2040,theta_6,theta,6,0.7,0.8,3,0.0880769182849904,0.999,6,1.4111288114824,0.01,5,3,1,14,1.7064354,0.0212625152210193,21.7368813545374,0.02125284252524,0.799799999999998,0.7,2.112,2.088,0.0293589727616635,0.16630312528782,0.5007528,0.050136,5
40,2040,mu_0p001,mu,0.001,0.7,0.8,3,0.0880769182849904,0.999,3,0.705564405741201,0.001,5,3,1,13,1.7125577,0.0209257135343845,21.3380586805304,0.0211449332427646,0.799301425753919,0.7,2.12,2.094,0.0293589727616635,0.16630312528782,0.5007528,0.050136,5
40,2040,mu_0p1,mu,0.1,0.7,0.8,3,0.0880769182849904,0.999,3,0.705564405741201,0.1,5,3,1,2,1.6816545,0.0207997440655809,21.0154158219987,0.0213140283854842,0.799301425753919,0.7,2.114,2.082,0.0293589727616635,0.16630312528782,0.5007528,0.050136,5
40,2040,rank_3,rank,3,0.7,0.8,3,0.0880769182849904,0.999,3,0.705564405741201,0.01,3,3,1,6,1.3755956,0.658654673871413,37.6581800457636,0.624044748920216,0.799301425753919,0.7,2.994,2.992,0.0293589727616635,0.16630312528782,0.5007528,0.050136,5
40,2040,rank_7,rank,7,0.7,0.8,3,0.0880769182849904,0.999,3,0.705564405741201,0.01,7,3,1,17,1.870539,0.0254790897841591,16.9581664616189,0.0257447178378332,0.799301425753919,0.7,2.546,2.522,0.0293589727616635,0.16630312528782,0.5007528,0.050136,5
40,2040,irls_1,irls,1,0.7,0.8,3,0.0880769182849904,0.999,3,0.705564405741201,0.01,5,1,1,1,1.614015,0.0212863253050472,22.3309328593261,0.021249683564493,0.799301425753919,0.7,1,1,0.0293589727616635,0.16630312528782,0.5007528,0.050136,5
40,2040,irls_5,irls,5,0.7,0.8,3,0.0880769182849904,0.999,3,0.705564405741201,0.01,5,5,1,3,1.7131782,0.0216223193133373,23.1830697765685,0.0216658988488539,0.799301425753919,0.7,2.248,2.208,0.0293589727616635,0.16630312528782,0.5007528,0.050136,5
41,2041,default,default,NaN,0.7,0.8,3,0.0878367357873945,0.999,3,0.900917025721727,0.01,5,3,1,5,1.7344655,0.0223904963781789,21.9732447868337,0.0194219683252009,0.79977549537415,0.7,2.108,2.08,0.0292789119291315,0.212348179391416,0.5010832,0.049828,2
41,2041,lambda_min_0p1,lambda_min,0.1,0.1,0.8,3,0.0878367357873945,0.999,3,0.900917025721727,0.01,5,3,1,8,1.6709746,0.0223904963781789,13.6610093074384,0.0194020407842758,0.798428467619059,0.1,2.086,2.058,0.0292789119291315,0.212348179391416,0.5010832,0.049828,2
41,2041,lambda_min_0p4,lambda_min,0.4,0.4,0.8,3,0.0878367357873945,0.999,3,0.900917025721727,0.01,5,3,1,10,1.7765641,0.0223904963781789,19.4374003535858,0.0193522205201712,0.799101981496604,0.4,2.104,2.072,0.0292789119291315,0.212348179391416,0.5010832,0.049828,2
41,2041,lambda_max_0p9,lambda_max,0.9,0.7,0.9,3,0.0878367357873945,0.999,3,0.900917025721727,0.01,5,3,1,1,1.7326103,0.0299949246549013,41.5745665788171,0.0230467222123572,0.899550990748305,0.7,2.174,2.146,0.0292789119291315,0.212348179391416,0.5010832,0.049828,2
41,2041,lambda_max_0p99,lambda_max,0.99,0.7,0.99,3,0.0878367357873945,0.999,3,0.900917025721727,0.01,5,3,1,4,1.7942225,0.1083186746206,49.9307768610328,0.990307178353805,0.989348936585037,0.7,2.76,2.754,0.0292789119291315,0.212348179391416,0.5010832,0.049828,2
41,2041,huber_1p345,huber,1.345,0.7,0.8,1.345,0.0393801365446819,0.999,3,0.900917025721727,0.01,5,3,1,15,1.7938753,0.019421315451233,25.9040146056926,0.0175273863028707,0.79977549537415,0.7,2.988,2.958,0.0292789119291315,0.212348179391416,0.5010832,0.049828,2
41,2041,huber_6,huber,6,0.7,0.8,6,0.175673471574789,0.999,3,0.900917025721727,0.01,5,3,1,2,1.6966244,0.0313722921573016,19.6576378795475,0.0281142776086615,0.79977549537415,0.7,2.07,2.066,0.0292789119291315,0.212348179391416,0.5010832,0.049828,2
41,2041,alpha_0p9,alpha,0.9,0.7,0.8,3,0.0878367357873945,0.9,3,0.900917025721727,0.01,5,3,1,16,1.6849373,0.0223904963781789,21.9548763553681,0.0194459591509292,0.799578790557812,0.7,2.108,2.08,0.0292789119291315,0.212348179391416,0.5010832,0.049828,2
41,2041,alpha_0p99,alpha,0.99,0.7,0.8,3,0.0878367357873945,0.99,3,0.900917025721727,0.01,5,3,1,6,1.6861486,0.0223904963781789,21.9718008440618,0.0194462435118243,0.799582981996035,0.7,2.108,2.08,0.0292789119291315,0.212348179391416,0.5010832,0.049828,2
41,2041,theta_1,theta,1,0.7,0.8,3,0.0878367357873945,0.999,1,0.300305675240576,0.01,5,3,1,7,1.7527489,0.0224498772897902,21.546682602251,0.0194272010973372,0.793177652559096,0.7,2.104,2.078,0.0292789119291315,0.212348179391416,0.5010832,0.049828,2
41,2041,theta_6,theta,6,0.7,0.8,3,0.0878367357873945,0.999,6,1.80183405144345,0.01,5,3,1,9,1.7069345,0.0223904963781789,22.0440544113865,0.019421459002733,0.799799999999998,0.7,2.108,2.08,0.0292789119291315,0.212348179391416,0.5010832,0.049828,2
41,2041,mu_0p001,mu,0.001,0.7,0.8,3,0.0878367357873945,0.999,3,0.900917025721727,0.001,5,3,1,13,1.7103543,0.0218447441953936,21.5034569406632,0.0198088219736792,0.79977549537415,0.7,2.102,2.076,0.0292789119291315,0.212348179391416,0.5010832,0.049828,2
41,2041,mu_0p1,mu,0.1,0.7,0.8,3,0.0878367357873945,0.999,3,0.900917025721727,0.1,5,3,1,11,1.6996468,0.0229478976472731,20.5827415717237,0.0199439840508172,0.79977549537415,0.7,2.106,2.08,0.0292789119291315,0.212348179391416,0.5010832,0.049828,2
41,2041,rank_3,rank,3,0.7,0.8,3,0.0878367357873945,0.999,3,0.900917025721727,0.01,3,3,1,17,1.3746683,0.616778249591564,38.5104786267559,0.634785727710505,0.79977549537415,0.7,2.994,2.994,0.0292789119291315,0.212348179391416,0.5010832,0.049828,2
41,2041,rank_7,rank,7,0.7,0.8,3,0.0878367357873945,0.999,3,0.900917025721727,0.01,7,3,1,12,1.9413607,0.0250936964754625,16.061868900233,0.0277465205751778,0.79977549537415,0.7,2.582,2.566,0.0292789119291315,0.212348179391416,0.5010832,0.049828,2
41,2041,irls_1,irls,1,0.7,0.8,3,0.0878367357873945,0.999,3,0.900917025721727,0.01,5,1,1,14,1.60516,0.0218951012862505,21.3246103616994,0.0197468492294031,0.79977549537415,0.7,1,1,0.0292789119291315,0.212348179391416,0.5010832,0.049828,2
41,2041,irls_5,irls,5,0.7,0.8,3,0.0878367357873945,0.999,3,0.900917025721727,0.01,5,5,1,3,1.6660264,0.0219374593545015,21.5745446204602,0.0200986454697695,0.79977549537415,0.7,2.224,2.19,0.0292789119291315,0.212348179391416,0.5010832,0.049828,2
42,2042,default,default,NaN,0.7,0.8,3,0.0884460435696162,0.999,3,0.774332398317358,0.01,5,3,1,2,1.6800126,0.0221510959377923,25.5903328013628,0.0211587688021304,0.799577361584776,0.7,2.13,2.098,0.0294820145232054,0.182511896580882,0.5003176,0.0497672,3
42,2042,lambda_min_0p1,lambda_min,0.1,0.1,0.8,3,0.0884460435696162,0.999,3,0.774332398317358,0.01,5,3,1,1,1.7409291,0.0221542838987587,17.7440408092846,0.0212712035138165,0.797041531093445,0.1,2.132,2.098,0.0294820145232054,0.182511896580882,0.5003176,0.0497672,3
42,2042,lambda_min_0p4,lambda_min,0.4,0.4,0.8,3,0.0884460435696162,0.999,3,0.774332398317358,0.01,5,3,1,12,1.7184343,0.0221517245893806,22.7253006024215,0.0209165829902392,0.798309446339111,0.4,2.122,2.084,0.0294820145232054,0.182511896580882,0.5003176,0.0497672,3
42,2042,lambda_max_0p9,lambda_max,0.9,0.7,0.9,3,0.0884460435696162,0.999,3,0.774332398317358,0.01,5,3,1,10,1.7125429,0.0306474297891694,44.4191166826045,0.0292417774016518,0.899154723169558,0.7,2.258,2.192,0.0294820145232054,0.182511896580882,0.5003176,0.0497672,3
42,2042,lambda_max_0p99,lambda_max,0.99,0.7,0.99,3,0.0884460435696162,0.999,3,0.774332398317358,0.01,5,3,1,17,1.7747695,0.111670795800442,49.9817451950081,0.994789159465274,0.988774348595854,0.7,2.814,2.798,0.0294820145232054,0.182511896580882,0.5003176,0.0497672,3
42,2042,huber_1p345,huber,1.345,0.7,0.8,1.345,0.0396533095337112,0.999,3,0.774332398317358,0.01,5,3,1,4,1.7548912,0.0207250111914863,28.9728498139929,0.0197442523711742,0.799577361584776,0.7,2.97,2.946,0.0294820145232054,0.182511896580882,0.5003176,0.0497672,3
42,2042,huber_6,huber,6,0.7,0.8,6,0.176892087139232,0.999,3,0.774332398317358,0.01,5,3,1,8,1.7152317,0.0307816013798064,22.3907737026197,0.0296980959447224,0.799577361584776,0.7,2.076,2.074,0.0294820145232054,0.182511896580882,0.5003176,0.0497672,3
42,2042,alpha_0p9,alpha,0.9,0.7,0.8,3,0.0884460435696162,0.9,3,0.774332398317358,0.01,5,3,1,15,1.726523,0.0221510959377923,25.5769700312753,0.0211585853132414,0.799572470480638,0.7,2.13,2.098,0.0294820145232054,0.182511896580882,0.5003176,0.0497672,3
42,2042,alpha_0p99,alpha,0.99,0.7,0.8,3,0.0884460435696162,0.99,3,0.774332398317358,0.01,5,3,1,11,1.6842226,0.0221510959377923,25.5893582991948,0.0211587589337068,0.799576989355302,0.7,2.13,2.098,0.0294820145232054,0.182511896580882,0.5003176,0.0497672,3
42,2042,theta_1,theta,1,0.7,0.8,3,0.0884460435696162,0.999,1,0.258110799439119,0.01,5,3,1,6,1.7220194,0.0221947581481654,25.2668401211776,0.0212120669367052,0.794379375447211,0.7,2.132,2.1,0.0294820145232054,0.182511896580882,0.5003176,0.0497672,3
42,2042,theta_6,theta,6,0.7,0.8,3,0.0884460435696162,0.999,6,1.54866479663472,0.01,5,3,1,3,1.7047291,0.0221509637666344,25.6461586353742,0.0211585259127005,0.799799999999998,0.7,2.128,2.098,0.0294820145232054,0.182511896580882,0.5003176,0.0497672,3
42,2042,mu_0p001,mu,0.001,0.7,0.8,3,0.0884460435696162,0.999,3,0.774332398317358,0.001,5,3,1,16,1.7109346,0.0221008543062466,26.0605169039383,0.0211628089317448,0.799577361584776,0.7,2.144,2.106,0.0294820145232054,0.182511896580882,0.5003176,0.0497672,3
42,2042,mu_0p1,mu,0.1,0.7,0.8,3,0.0884460435696162,0.999,3,0.774332398317358,0.1,5,3,1,13,1.7074023,0.0221122990545408,23.5013950137549,0.0208296005095016,0.799577361584776,0.7,2.142,2.098,0.0294820145232054,0.182511896580882,0.5003176,0.0497672,3
42,2042,rank_3,rank,3,0.7,0.8,3,0.0884460435696162,0.999,3,0.774332398317358,0.01,3,3,1,5,1.3708426,0.655074911049346,37.9226120612186,0.633317131895235,0.799577361584776,0.7,3,2.996,0.0294820145232054,0.182511896580882,0.5003176,0.0497672,3
42,2042,rank_7,rank,7,0.7,0.8,3,0.0884460435696162,0.999,3,0.774332398317358,0.01,7,3,1,14,1.9251542,0.0267853618864784,18.9225299935057,0.0268299701727672,0.799577361584776,0.7,2.584,2.714,0.0294820145232054,0.182511896580882,0.5003176,0.0497672,3
42,2042,irls_1,irls,1,0.7,0.8,3,0.0884460435696162,0.999,3,0.774332398317358,0.01,5,1,1,7,1.6167605,0.0222164329619785,24.475192855418,0.021420301093242,0.799577361584776,0.7,1,1,0.0294820145232054,0.182511896580882,0.5003176,0.0497672,3
42,2042,irls_5,irls,5,0.7,0.8,3,0.0884460435696162,0.999,3,0.774332398317358,0.01,5,5,1,9,1.6889828,0.0221250269743438,25.6500992591797,0.0210356153899233,0.799577361584776,0.7,2.278,2.242,0.0294820145232054,0.182511896580882,0.5003176,0.0497672,3
43,2043,default,default,NaN,0.7,0.8,3,0.0885552238414328,0.999,3,1.4471864686669,0.01,5,3,1,7,1.7391043,0.0214231756200861,20.8500562103468,0.0207373540176002,0.799799999999998,0.7,2.122,2.09,0.0295184079471443,0.341105121878594,0.4992336,0.0500696,4
43,2043,lambda_min_0p1,lambda_min,0.1,0.1,0.8,3,0.0885552238414328,0.999,3,1.4471864686669,0.01,5,3,1,5,1.6952219,0.0214231756200861,13.3325590808208,0.0206592420817373,0.798599999999998,0.1,2.106,2.07,0.0295184079471443,0.341105121878594,0.4992336,0.0500696,4
43,2043,lambda_min_0p4,lambda_min,0.4,0.4,0.8,3,0.0885552238414328,0.999,3,1.4471864686669,0.01,5,3,1,13,1.6747927,0.0214231756200861,18.4077095166569,0.0207387351824124,0.799199999999998,0.4,2.116,2.082,0.0295184079471443,0.341105121878594,0.4992336,0.0500696,4
43,2043,lambda_max_0p9,lambda_max,0.9,0.7,0.9,3,0.0885552238414328,0.999,3,1.4471864686669,0.01,5,3,1,17,1.7036391,0.0268307611938434,39.3222176237018,0.0267877750584041,0.899600000000002,0.7,2.206,2.162,0.0295184079471443,0.341105121878594,0.4992336,0.0500696,4
43,2043,lambda_max_0p99,lambda_max,0.99,0.7,0.99,3,0.0885552238414328,0.999,3,1.4471864686669,0.01,5,3,1,11,1.8004518,0.0922955504176193,49.8904307989524,0.989550890780316,0.989419999999998,0.7,2.788,2.778,0.0295184079471443,0.341105121878594,0.4992336,0.0500696,4
43,2043,huber_1p345,huber,1.345,0.7,0.8,1.345,0.0397022586889091,0.999,3,1.4471864686669,0.01,5,3,1,3,1.7674821,0.0201426237698016,25.0387259826753,0.0192703138068966,0.799799999999998,0.7,2.99,2.96,0.0295184079471443,0.341105121878594,0.4992336,0.0500696,4
43,2043,huber_6,huber,6,0.7,0.8,6,0.177110447682866,0.999,3,1.4471864686669,0.01,5,3,1,1,1.7040674,0.0306359068908366,18.9405767660958,0.0285500588504349,0.799799999999998,0.7,2.07,2.066,0.0295184079471443,0.341105121878594,0.4992336,0.0500696,4
43,2043,alpha_0p9,alpha,0.9,0.7,0.8,3,0.0885552238414328,0.9,3,1.4471864686669,0.01,5,3,1,10,1.7286984,0.0214231756200861,20.8500562103468,0.0207373540176002,0.799799999999998,0.7,2.122,2.09,0.0295184079471443,0.341105121878594,0.4992336,0.0500696,4
43,2043,alpha_0p99,alpha,0.99,0.7,0.8,3,0.0885552238414328,0.99,3,1.4471864686669,0.01,5,3,1,8,1.7845137,0.0214231756200861,20.8500562103468,0.0207373540176002,0.799799999999998,0.7,2.122,2.09,0.0295184079471443,0.341105121878594,0.4992336,0.0500696,4
43,2043,theta_1,theta,1,0.7,0.8,3,0.0885552238414328,0.999,1,0.482395489555635,0.01,5,3,1,6,1.7310938,0.0214585649930931,20.5468743660301,0.0207309885431365,0.796806934723137,0.7,2.12,2.086,0.0295184079471443,0.341105121878594,0.4992336,0.0500696,4
43,2043,theta_6,theta,6,0.7,0.8,3,0.0885552238414328,0.999,6,2.89437293733381,0.01,5,3,1,9,1.7303519,0.0214231756200861,20.8500562103468,0.0207373540176002,0.799799999999998,0.7,2.122,2.09,0.0295184079471443,0.341105121878594,0.4992336,0.0500696,4
43,2043,mu_0p001,mu,0.001,0.7,0.8,3,0.0885552238414328,0.999,3,1.4471864686669,0.001,5,3,1,16,1.7079711,0.02121463929219,20.782406191595,0.0205875373781728,0.799799999999998,0.7,2.108,2.086,0.0295184079471443,0.341105121878594,0.4992336,0.0500696,4
43,2043,mu_0p1,mu,0.1,0.7,0.8,3,0.0885552238414328,0.999,3,1.4471864686669,0.1,5,3,1,15,1.7245197,0.0220685268156539,22.2799661937298,0.0212747901656065,0.799799999999998,0.7,2.11,2.082,0.0295184079471443,0.341105121878594,0.4992336,0.0500696,4
43,2043,rank_3,rank,3,0.7,0.8,3,0.0885552238414328,0.999,3,1.4471864686669,0.01,3,3,1,12,1.3105152,0.63702459134562,37.4847889270685,0.642644872026461,0.799799999999998,0.7,2.994,2.994,0.0295184079471443,0.341105121878594,0.4992336,0.0500696,4
43,2043,rank_7,rank,7,0.7,0.8,3,0.0885552238414328,0.999,3,1.4471864686669,0.01,7,3,1,4,1.931393,0.027983857972372,15.5237640924197,0.0289191233036029,0.799799999999998,0.7,2.69,2.762,0.0295184079471443,0.341105121878594,0.4992336,0.0500696,4
43,2043,irls_1,irls,1,0.7,0.8,3,0.0885552238414328,0.999,3,1.4471864686669,0.01,5,1,1,14,1.6172933,0.0216357273025207,20.9553854788775,0.020887711269314,0.799799999999998,0.7,1,1,0.0295184079471443,0.341105121878594,0.4992336,0.0500696,4
43,2043,irls_5,irls,5,0.7,0.8,3,0.0885552238414328,0.999,3,1.4471864686669,0.01,5,5,1,2,1.7003703,0.0213861434807174,20.8156943123846,0.020706926705094,0.799799999999998,0.7,2.254,2.206,0.0295184079471443,0.341105121878594,0.4992336,0.0500696,4
44,2044,default,default,NaN,0.7,0.8,3,0.0881147467440481,0.999,3,0.91916148405516,0.01,5,3,1,1,1.755964,0.0228867764201614,22.3397669305286,0.0216437503837329,0.799791030737967,0.7,2.098,2.078,0.029371582248016,0.216648439460298,0.500644,0.0501816,3
44,2044,lambda_min_0p1,lambda_min,0.1,0.1,0.8,3,0.0881147467440481,0.999,3,0.91916148405516,0.01,5,3,1,14,1.7289913,0.0228867764201614,14.5410622892147,0.0216673416338113,0.798537215165781,0.1,2.09,2.066,0.029371582248016,0.216648439460298,0.500644,0.0501816,3
44,2044,lambda_min_0p4,lambda_min,0.4,0.4,0.8,3,0.0881147467440481,0.999,3,0.91916148405516,0.01,5,3,1,8,1.6569034,0.0228867764201614,20.5837306948998,0.0215429756321448,0.799164122951874,0.4,2.1,2.074,0.029371582248016,0.216648439460298,0.500644,0.0501816,3
44,2044,lambda_max_0p9,lambda_max,0.9,0.7,0.9,3,0.0881147467440481,0.999,3,0.91916148405516,0.01,5,3,1,6,1.68185,0.030605159832218,42.1715830362976,0.0298475013279274,0.89958206147594,0.7,2.18,2.144,0.029371582248016,0.216648439460298,0.500644,0.0501816,3
44,2044,lambda_max_0p99,lambda_max,0.99,0.7,0.99,3,0.0881147467440481,0.999,3,0.91916148405516,0.01,5,3,1,12,1.7726441,0.107464338168659,49.8666746131072,0.987223162980871,0.989393989140108,0.7,2.766,2.756,0.029371582248016,0.216648439460298,0.500644,0.0501816,3
44,2044,huber_1p345,huber,1.345,0.7,0.8,1.345,0.0395047781235815,0.999,3,0.91916148405516,0.01,5,3,1,4,1.8090489,0.0204591283635336,26.1844663768348,0.0202015419419449,0.799791030737967,0.7,2.986,2.966,0.029371582248016,0.216648439460298,0.500644,0.0501816,3
44,2044,huber_6,huber,6,0.7,0.8,6,0.176229493488096,0.999,3,0.91916148405516,0.01,5,3,1,5,1.6858902,0.0320689897532941,19.7675288274467,0.0298418496966479,0.799791030737967,0.7,2.062,2.056,0.029371582248016,0.216648439460298,0.500644,0.0501816,3
44,2044,alpha_0p9,alpha,0.9,0.7,0.8,3,0.0881147467440481,0.9,3,0.91916148405516,0.01,5,3,1,11,1.7201385,0.0228867764201614,22.3375240634509,0.0216436723590507,0.79979009299135,0.7,2.098,2.078,0.029371582248016,0.216648439460298,0.500644,0.0501816,3
44,2044,alpha_0p99,alpha,0.99,0.7,0.8,3,0.0881147467440481,0.99,3,0.91916148405516,0.01,5,3,1,13,1.7266663,0.0228867764201614,22.3395801229558,0.0216437440877345,0.799790952887672,0.7,2.098,2.078,0.029371582248016,0.216648439460298,0.500644,0.0501816,3
44,2044,theta_1,theta,1,0.7,0.8,3,0.0881147467440481,0.999,1,0.30638716135172,0.01,5,3,1,9,1.7089219,0.0228941576357097,21.8982508463402,0.0216054864917488,0.795495341872955,0.7,2.094,2.076,0.029371582248016,0.216648439460298,0.500644,0.0501816,3
44,2044,theta_6,theta,6,0.7,0.8,3,0.0881147467440481,0.999,6,1.83832296811032,0.01,5,3,1,15,1.7090268,0.0228867764201614,22.3611670670492,0.0216445452333577,0.799799999999998,0.7,2.098,2.078,0.029371582248016,0.216648439460298,0.500644,0.0501816,3
44,2044,mu_0p001,mu,0.001,0.7,0.8,3,0.0881147467440481,0.999,3,0.91916148405516,0.001,5,3,1,16,1.7332367,0.0229327841871479,21.6052014230418,0.0218409327347186,0.799791030737967,0.7,2.088,2.072,0.029371582248016,0.216648439460298,0.500644,0.0501816,3
44,2044,mu_0p1,mu,0.1,0.7,0.8,3,0.0881147467440481,0.999,3,0.91916148405516,0.1,5,3,1,17,1.6750753,0.0228765714566487,22.0160520875446,0.021881065057043,0.799791030737967,0.7,2.11,2.072,0.029371582248016,0.216648439460298,0.500644,0.0501816,3
44,2044,rank_3,rank,3,0.7,0.8,3,0.0881147467440481,0.999,3,0.91916148405516,0.01,3,3,1,2,1.3782896,0.631012687830756,38.6349490639653,0.641796179308217,0.799791030737967,0.7,2.994,2.998,0.029371582248016,0.216648439460298,0.500644,0.0501816,3
44,2044,rank_7,rank,7,0.7,0.8,3,0.0881147467440481,0.999,3,0.91916148405516,0.01,7,3,1,7,1.8953068,0.0264419852715325,18.4057565048727,0.0281768201475169,0.799791030737967,0.7,2.556,2.536,0.029371582248016,0.216648439460298,0.500644,0.0501816,3
44,2044,irls_1,irls,1,0.7,0.8,3,0.0881147467440481,0.999,3,0.91916148405516,0.01,5,1,1,3,1.5708012,0.0229294227661652,21.9711722232034,0.0218138689443848,0.799791030737967,0.7,1,1,0.029371582248016,0.216648439460298,0.500644,0.0501816,3
44,2044,irls_5,irls,5,0.7,0.8,3,0.0881147467440481,0.999,3,0.91916148405516,0.01,5,5,1,10,1.6836718,0.0228980353454764,22.3616391397379,0.0216208498040583,0.799791030737967,0.7,2.228,2.19,0.029371582248016,0.216648439460298,0.500644,0.0501816,3
45,2045,default,default,NaN,0.7,0.8,3,0.0889909967924567,0.999,3,0.789847005368135,0.01,5,3,1,11,1.755046,0.0226221928409004,19.9416975244452,0.0210324577246201,0.799775559239536,0.7,2.116,2.082,0.0296636655974856,0.186168724531899,0.5008912,0.0501824,4
45,2045,lambda_min_0p1,lambda_min,0.1,0.1,0.8,3,0.0889909967924567,0.999,3,0.789847005368135,0.01,5,3,1,2,1.7055648,0.0226221928409004,12.7533734778392,0.0209234472110909,0.79842891467676,0.1,2.11,2.06,0.0296636655974856,0.186168724531899,0.5008912,0.0501824,4
45,2045,lambda_min_0p4,lambda_min,0.4,0.4,0.8,3,0.0889909967924567,0.999,3,0.789847005368135,0.01,5,3,1,3,1.7399056,0.0226221928409004,17.7852128483159,0.0210312348280923,0.799102236958148,0.4,2.116,2.076,0.0296636655974856,0.186168724531899,0.5008912,0.0501824,4
45,2045,lambda_max_0p9,lambda_max,0.9,0.7,0.9,3,0.0889909967924567,0.999,3,0.789847005368135,0.01,5,3,1,14,1.7442588,0.0303171581329973,38.0380042902226,0.0284261529957434,0.899551118479077,0.7,2.212,2.158,0.0296636655974856,0.186168724531899,0.5008912,0.0501824,4
45,2045,lambda_max_0p99,lambda_max,0.99,0.7,0.99,3,0.0889909967924567,0.999,3,0.789847005368135,0.01,5,3,1,17,1.7928523,0.102420577032849,49.8351341918008,0.984477952316892,0.989349121794656,0.7,2.77,2.762,0.0296636655974856,0.186168724531899,0.5008912,0.0501824,4
45,2045,huber_1p345,huber,1.345,0.7,0.8,1.345,0.0398976302286181,0.999,3,0.789847005368135,0.01,5,3,1,5,1.7751814,0.0186999029299646,24.2773643832317,0.0192906862546149,0.799775559239536,0.7,2.972,2.948,0.0296636655974856,0.186168724531899,0.5008912,0.0501824,4
45,2045,huber_6,huber,6,0.7,0.8,6,0.177981993584913,0.999,3,0.789847005368135,0.01,5,3,1,9,1.7454961,0.0312704285585299,17.0711880669083,0.0286130158513225,0.799775559239536,0.7,2.058,2.048,0.0296636655974856,0.186168724531899,0.5008912,0.0501824,4
45,2045,alpha_0p9,alpha,0.9,0.7,0.8,3,0.0889909967924567,0.9,3,0.789847005368135,0.01,5,3,1,12,1.7078961,0.0226221928409004,19.9362889105607,0.0210257400189418,0.799384460055243,0.7,2.116,2.082,0.0296636655974856,0.186168724531899,0.5008912,0.0501824,4
45,2045,alpha_0p99,alpha,0.99,0.7,0.8,3,0.0889909967924567,0.99,3,0.789847005368135,0.01,5,3,1,15,1.724307,0.0226221928409004,19.9412922134854,0.0210247279760579,0.799517930955222,0.7,2.116,2.082,0.0296636655974856,0.186168724531899,0.5008912,0.0501824,4
45,2045,theta_1,theta,1,0.7,0.8,3,0.0889909967924567,0.999,1,0.263282335122712,0.01,5,3,1,4,1.7291616,0.0226571926453045,18.7513566009072,0.021012671810097,0.792549964565053,0.7,2.114,2.076,0.0296636655974856,0.186168724531899,0.5008912,0.0501824,4
45,2045,theta_6,theta,6,0.7,0.8,3,0.0889909967924567,0.999,6,1.57969401073627,0.01,5,3,1,10,1.7404352,0.0226221928409004,19.9700435013509,0.0210326732923986,0.799799999999998,0.7,2.116,2.082,0.0296636655974856,0.186168724531899,0.5008912,0.0501824,4
45,2045,mu_0p001,mu,0.001,0.7,0.8,3,0.0889909967924567,0.999,3,0.789847005368135,0.001,5,3,1,8,1.7055286,0.0219340995023543,20.3801746576425,0.020264976868441,0.799775559239536,0.7,2.13,2.084,0.0296636655974856,0.186168724531899,0.5008912,0.0501824,4
45,2045,mu_0p1,mu,0.1,0.7,0.8,3,0.0889909967924567,0.999,3,0.789847005368135,0.1,5,3,1,13,1.738702,0.0220765814735685,19.503174044633,0.0215156658421192,0.799775559239536,0.7,2.112,2.082,0.0296636655974856,0.186168724531899,0.5008912,0.0501824,4
45,2045,rank_3,rank,3,0.7,0.8,3,0.0889909967924567,0.999,3,0.789847005368135,0.01,3,3,1,16,1.3688248,0.657599654245321,36.4469127805591,0.62539747793863,0.799775559239536,0.7,3,3,0.0296636655974856,0.186168724531899,0.5008912,0.0501824,4
45,2045,rank_7,rank,7,0.7,0.8,3,0.0889909967924567,0.999,3,0.789847005368135,0.01,7,3,1,1,1.8931146,0.0250244294488522,15.3761853939671,0.0273551799178255,0.799775559239536,0.7,2.526,2.536,0.0296636655974856,0.186168724531899,0.5008912,0.0501824,4
45,2045,irls_1,irls,1,0.7,0.8,3,0.0889909967924567,0.999,3,0.789847005368135,0.01,5,1,1,6,1.5686987,0.0225174092416751,19.9822305914715,0.0207094884578283,0.799775559239536,0.7,1,1,0.0296636655974856,0.186168724531899,0.5008912,0.0501824,4
45,2045,irls_5,irls,5,0.7,0.8,3,0.0889909967924567,0.999,3,0.789847005368135,0.01,5,5,1,7,1.6999053,0.0227910626893124,19.9883522042674,0.0212816209466302,0.799775559239536,0.7,2.254,2.198,0.0296636655974856,0.186168724531899,0.5008912,0.0501824,4
46,2046,default,default,NaN,0.7,0.8,3,0.0881236314831864,0.999,3,0.722829550116404,0.01,5,3,1,9,1.6727904,0.0221227224125576,20.5921979969237,0.0210286638415257,0.799736530153062,0.7,2.128,2.092,0.0293745438277288,0.17037255884311,0.500368,0.049716,2
46,2046,lambda_min_0p1,lambda_min,0.1,0.1,0.8,3,0.0881236314831864,0.999,3,0.722829550116404,0.01,5,3,1,14,1.7351785,0.0221227224125576,13.0426652959178,0.0215552348982276,0.798155711071447,0.1,2.102,2.07,0.0293745438277288,0.17037255884311,0.500368,0.049716,2
46,2046,lambda_min_0p4,lambda_min,0.4,0.4,0.8,3,0.0881236314831864,0.999,3,0.722829550116404,0.01,5,3,1,17,1.7349978,0.0221227224125576,18.0056796959666,0.0210626608234956,0.798946120612254,0.4,2.118,2.086,0.0293745438277288,0.17037255884311,0.500368,0.049716,2
46,2046,lambda_max_0p9,lambda_max,0.9,0.7,0.9,3,0.0881236314831864,0.999,3,0.722829550116404,0.01,5,3,1,5,1.6888238,0.0288564060418489,37.8646453582984,0.0271819539266626,0.89947306030613,0.7,2.206,2.17,0.0293745438277288,0.17037255884311,0.500368,0.049716,2
46,2046,lambda_max_0p99,lambda_max,0.99,0.7,0.99,3,0.0881236314831864,0.999,3,0.722829550116404,0.01,5,3,1,11,1.7547824,0.10228463907395,49.5106687030867,0.935190152281715,0.989235937443884,0.7,2.786,2.772,0.0293745438277288,0.17037255884311,0.500368,0.049716,2
46,2046,huber_1p345,huber,1.345,0.7,0.8,1.345,0.0395087614482953,0.999,3,0.722829550116404,0.01,5,3,1,1,1.7425051,0.0206464926042326,24.5066318663489,0.0193975114915274,0.799736530153062,0.7,2.998,2.968,0.0293745438277288,0.17037255884311,0.500368,0.049716,2
46,2046,huber_6,huber,6,0.7,0.8,6,0.176247262966373,0.999,3,0.722829550116404,0.01,5,3,1,10,1.664366,0.0307384709353596,17.0143455344801,0.0290575781547857,0.799736530153062,0.7,2.062,2.06,0.0293745438277288,0.17037255884311,0.500368,0.049716,2
46,2046,alpha_0p9,alpha,0.9,0.7,0.8,3,0.0881236314831864,0.9,3,0.722829550116404,0.01,5,3,1,16,1.6998975,0.0221227224125576,20.5510974558389,0.0210371042098871,0.799328324361454,0.7,2.128,2.092,0.0293745438277288,0.17037255884311,0.500368,0.049716,2
46,2046,alpha_0p99,alpha,0.99,0.7,0.8,3,0.0881236314831864,0.99,3,0.722829550116404,0.01,5,3,1,2,1.6729491,0.0221227224125576,20.5895717672669,0.021037858620705,0.79953774043404,0.7,2.128,2.092,0.0293745438277288,0.17037255884311,0.500368,0.049716,2
46,2046,theta_1,theta,1,0.7,0.8,3,0.0881236314831864,0.999,1,0.240943183372135,0.01,5,3,1,12,1.6767519,0.0224087648006168,19.6232469397282,0.0210348156307909,0.790696628742861,0.7,2.126,2.086,0.0293745438277288,0.17037255884311,0.500368,0.049716,2
46,2046,theta_6,theta,6,0.7,0.8,3,0.0881236314831864,0.999,6,1.44565910023281,0.01,5,3,1,4,1.7161728,0.0221227224125576,20.6970366870726,0.0210298139720751,0.799799999999998,0.7,2.128,2.092,0.0293745438277288,0.17037255884311,0.500368,0.049716,2
46,2046,mu_0p001,mu,0.001,0.7,0.8,3,0.0881236314831864,0.999,3,0.722829550116404,0.001,5,3,1,13,1.7500227,0.021945433683278,20.691541890931,0.0210019904483232,0.799736530153062,0.7,2.136,2.088,0.0293745438277288,0.17037255884311,0.500368,0.049716,2
46,2046,mu_0p1,mu,0.1,0.7,0.8,3,0.0881236314831864,0.999,3,0.722829550116404,0.1,5,3,1,15,1.6599524,0.0224731385559276,19.4930408104876,0.0214073350779753,0.799736530153062,0.7,2.122,2.08,0.0293745438277288,0.17037255884311,0.500368,0.049716,2
46,2046,rank_3,rank,3,0.7,0.8,3,0.0881236314831864,0.999,3,0.722829550116404,0.01,3,3,1,3,1.3729139,0.62658932037353,35.3626413223176,0.628567244992751,0.799736530153062,0.7,2.994,2.988,0.0293745438277288,0.17037255884311,0.500368,0.049716,2
46,2046,rank_7,rank,7,0.7,0.8,3,0.0881236314831864,0.999,3,0.722829550116404,0.01,7,3,1,6,1.926988,0.0258749222622205,14.4180800487067,0.0290964753309374,0.799736530153062,0.7,2.588,2.562,0.0293745438277288,0.17037255884311,0.500368,0.049716,2
46,2046,irls_1,irls,1,0.7,0.8,3,0.0881236314831864,0.999,3,0.722829550116404,0.01,5,1,1,7,1.6140325,0.022397792298545,20.1507732284137,0.0213014609095897,0.799736530153062,0.7,1,1,0.0293745438277288,0.17037255884311,0.500368,0.049716,2
46,2046,irls_5,irls,5,0.7,0.8,3,0.0881236314831864,0.999,3,0.722829550116404,0.01,5,5,1,8,1.7444238,0.0220479446132306,20.722243304715,0.0210342462767928,0.799736530153062,0.7,2.25,2.2,0.0293745438277288,0.17037255884311,0.500368,0.049716,2
47,2047,default,default,NaN,0.7,0.8,3,0.0890817627147907,0.999,3,1.28288449999417,0.01,5,3,1,11,1.705313,0.0229162826524,23.8324086555081,0.0201736788044573,0.799794157854019,0.7,2.152,2.098,0.0296939209049302,0.302378776474998,0.4996096,0.050344,3
47,2047,lambda_min_0p1,lambda_min,0.1,0.1,0.8,3,0.0890817627147907,0.999,3,1.28288449999417,0.01,5,3,1,10,1.7623826,0.0229162826524,15.3616341916549,0.0205614855297413,0.798559104978145,0.1,2.136,2.076,0.0296939209049302,0.302378776474998,0.4996096,0.050344,3
47,2047,lambda_min_0p4,lambda_min,0.4,0.4,0.8,3,0.0890817627147907,0.999,3,1.28288449999417,0.01,5,3,1,7,1.7276571,0.0229162826524,21.8627030479988,0.0207739371987628,0.799176631416082,0.4,2.15,2.098,0.0296939209049302,0.302378776474998,0.4996096,0.050344,3
47,2047,lambda_max_0p9,lambda_max,0.9,0.7,0.9,3,0.0890817627147907,0.999,3,1.28288449999417,0.01,5,3,1,12,1.7323335,0.0308489807209329,43.465808316852,0.0242390114880185,0.899588315708044,0.7,2.23,2.176,0.0296939209049302,0.302378776474998,0.4996096,0.050344,3
47,2047,lambda_max_0p99,lambda_max,0.99,0.7,0.99,3,0.0890817627147907,0.999,3,1.28288449999417,0.01,5,3,1,2,1.7696501,0.107473390581897,49.9884982399744,0.997245926189254,0.989403057776658,0.7,2.792,2.786,0.0296939209049302,0.302378776474998,0.4996096,0.050344,3
47,2047,huber_1p345,huber,1.345,0.7,0.8,1.345,0.0399383236171311,0.999,3,1.28288449999417,0.01,5,3,1,15,1.7550191,0.0205243722406932,29.5870493804081,0.0180999192271795,0.799794157854019,0.7,2.986,2.956,0.0296939209049302,0.302378776474998,0.4996096,0.050344,3
47,2047,huber_6,huber,6,0.7,0.8,6,0.178163525429581,0.999,3,1.28288449999417,0.01,5,3,1,3,1.6968562,0.0320810870959528,19.6716161800028,0.0284138182104938,0.799794157854019,0.7,2.062,2.058,0.0296939209049302,0.302378776474998,0.4996096,0.050344,3
47,2047,alpha_0p9,alpha,0.9,0.7,0.8,3,0.0890817627147907,0.9,3,1.28288449999417,0.01,5,3,1,6,1.748661,0.0229162826524,23.8226302400253,0.020173220526348,0.799791639221225,0.7,2.15,2.098,0.0296939209049302,0.302378776474998,0.4996096,0.050344,3
47,2047,alpha_0p99,alpha,0.99,0.7,0.8,3,0.0890817627147907,0.99,3,1.28288449999417,0.01,5,3,1,8,1.6790816,0.0229162826524,23.831707456774,0.0201736464030269,0.799793975512318,0.7,2.152,2.098,0.0296939209049302,0.302378776474998,0.4996096,0.050344,3
47,2047,theta_1,theta,1,0.7,0.8,3,0.0890817627147907,0.999,1,0.427628166664725,0.01,5,3,1,5,1.7377932,0.0229251963885936,23.5871380318383,0.0201704773515697,0.796459460176935,0.7,2.15,2.098,0.0296939209049302,0.302378776474998,0.4996096,0.050344,3
47,2047,theta_6,theta,6,0.7,0.8,3,0.0890817627147907,0.999,6,2.56576899998835,0.01,5,3,1,14,1.6838647,0.0229162826524,23.8551935847367,0.0201747619457431,0.799799999999998,0.7,2.152,2.098,0.0296939209049302,0.302378776474998,0.4996096,0.050344,3
47,2047,mu_0p001,mu,0.001,0.7,0.8,3,0.0890817627147907,0.999,3,1.28288449999417,0.001,5,3,1,17,1.7264617,0.0226747050741054,23.8267418660274,0.0204342843084631,0.799794157854019,0.7,2.144,2.106,0.0296939209049302,0.302378776474998,0.4996096,0.050344,3
47,2047,mu_0p1,mu,0.1,0.7,0.8,3,0.0890817627147907,0.999,3,1.28288449999417,0.1,5,3,1,1,1.7329098,0.0233742228636249,23.9822493473183,0.0200167334557925,0.799794157854019,0.7,2.14,2.092,0.0296939209049302,0.302378776474998,0.4996096,0.050344,3
47,2047,rank_3,rank,3,0.7,0.8,3,0.0890817627147907,0.999,3,1.28288449999417,0.01,3,3,1,4,1.368013,0.621042494422928,38.3336274195278,0.637474853710275,0.799794157854019,0.7,2.992,2.996,0.0296939209049302,0.302378776474998,0.4996096,0.050344,3
47,2047,rank_7,rank,7,0.7,0.8,3,0.0890817627147907,0.999,3,1.28288449999417,0.01,7,3,1,9,1.9441569,0.0268436396642694,17.3056054135001,0.0289710694257051,0.799794157854019,0.7,2.596,2.564,0.0296939209049302,0.302378776474998,0.4996096,0.050344,3
47,2047,irls_1,irls,1,0.7,0.8,3,0.0890817627147907,0.999,3,1.28288449999417,0.01,5,1,1,16,1.5878654,0.023121933109668,24.8352229157874,0.0198639929627137,0.799794157854019,0.7,1,1,0.0296939209049302,0.302378776474998,0.4996096,0.050344,3
47,2047,irls_5,irls,5,0.7,0.8,3,0.0890817627147907,0.999,3,1.28288449999417,0.01,5,5,1,13,1.7460243,0.0228912293893687,24.1551771739383,0.0203035327840446,0.799794157854019,0.7,2.286,2.236,0.0296939209049302,0.302378776474998,0.4996096,0.050344,3
48,2048,default,default,NaN,0.7,0.8,3,0.0893075464075883,0.999,3,0.931655044126641,0.01,5,3,1,16,1.7386437,0.0220828886073473,21.7507086439058,0.0219552778395827,0.799798374091599,0.7,2.136,2.096,0.0297691821358628,0.219593199809533,0.5001952,0.0503808,2
48,2048,lambda_min_0p1,lambda_min,0.1,0.1,0.8,3,0.0893075464075883,0.999,3,0.931655044126641,0.01,5,3,1,2,1.7074387,0.0220828886073473,14.4248660535023,0.0221549814288061,0.798588618641204,0.1,2.134,2.084,0.0297691821358628,0.219593199809533,0.5001952,0.0503808,2
48,2048,lambda_min_0p4,lambda_min,0.4,0.4,0.8,3,0.0893075464075883,0.999,3,0.931655044126641,0.01,5,3,1,13,1.7193512,0.0220828886073473,19.3978501727278,0.0220137086650571,0.799193496366401,0.4,2.138,2.092,0.0297691821358628,0.219593199809533,0.5001952,0.0503808,2
48,2048,lambda_max_0p9,lambda_max,0.9,0.7,0.9,3,0.0893075464075883,0.999,3,0.931655044126641,0.01,5,3,1,3,1.6690036,0.0292035743177133,41.872442369006,0.0301435860679598,0.899596748183203,0.7,2.232,2.174,0.0297691821358628,0.219593199809533,0.5001952,0.0503808,2
48,2048,lambda_max_0p99,lambda_max,0.99,0.7,0.99,3,0.0893075464075883,0.999,3,0.931655044126641,0.01,5,3,1,6,1.7752639,0.103567163310528,49.94288280156,0.993574934806093,0.98941528486564,0.7,2.8,2.788,0.0297691821358628,0.219593199809533,0.5001952,0.0503808,2
48,2048,huber_1p345,huber,1.345,0.7,0.8,1.345,0.0400395499727354,0.999,3,0.931655044126641,0.01,5,3,1,15,1.7711462,0.0178811796842605,26.094279446199,0.0197961686363783,0.799798374091599,0.7,2.974,2.916,0.0297691821358628,0.219593199809533,0.5001952,0.0503808,2
48,2048,huber_6,huber,6,0.7,0.8,6,0.178615092815177,0.999,3,0.931655044126641,0.01,5,3,1,1,1.7121725,0.0310445939765335,18.7825627424966,0.0307722616322524,0.799798374091599,0.7,2.068,2.058,0.0297691821358628,0.219593199809533,0.5001952,0.0503808,2
48,2048,alpha_0p9,alpha,0.9,0.7,0.8,3,0.0893075464075883,0.9,3,0.931655044126641,0.01,5,3,1,14,1.7310103,0.0220828886073473,21.7502581217081,0.0219552796399717,0.799798196854138,0.7,2.136,2.096,0.0297691821358628,0.219593199809533,0.5001952,0.0503808,2
48,2048,alpha_0p99,alpha,0.99,0.7,0.8,3,0.0893075464075883,0.99,3,0.931655044126641,0.01,5,3,1,12,1.6566015,0.0220828886073473,21.7506713791576,0.0219552779886096,0.79979835943186,0.7,2.136,2.096,0.0297691821358628,0.219593199809533,0.5001952,0.0503808,2
48,2048,theta_1,theta,1,0.7,0.8,3,0.0893075464075883,0.999,1,0.310551681375547,0.01,5,3,1,10,1.7017978,0.0221411725573725,21.3591811510248,0.0219490614065539,0.794422421149888,0.7,2.136,2.092,0.0297691821358628,0.219593199809533,0.5001952,0.0503808,2
48,2048,theta_6,theta,6,0.7,0.8,3,0.0893075464075883,0.999,6,1.86331008825328,0.01,5,3,1,17,1.7053465,0.0220828886073473,21.7548486259317,0.0219552626886869,0.799799999999998,0.7,2.136,2.096,0.0297691821358628,0.219593199809533,0.5001952,0.0503808,2
48,2048,mu_0p001,mu,0.001,0.7,0.8,3,0.0893075464075883,0.999,3,0.931655044126641,0.001,5,3,1,8,1.711644,0.0222524299326689,22.5591296278303,0.0218119117461644,0.799798374091599,0.7,2.132,2.1,0.0297691821358628,0.219593199809533,0.5001952,0.0503808,2
48,2048,mu_0p1,mu,0.1,0.7,0.8,3,0.0893075464075883,0.999,3,0.931655044126641,0.1,5,3,1,9,1.7494541,0.0206885997311465,22.4486459483221,0.0214294423023696,0.799798374091599,0.7,2.146,2.094,0.0297691821358628,0.219593199809533,0.5001952,0.0503808,2
48,2048,rank_3,rank,3,0.7,0.8,3,0.0893075464075883,0.999,3,0.931655044126641,0.01,3,3,1,5,1.3685531,0.66584308559639,39.3967223504737,0.627598486443954,0.799798374091599,0.7,2.988,2.992,0.0297691821358628,0.219593199809533,0.5001952,0.0503808,2
48,2048,rank_7,rank,7,0.7,0.8,3,0.0893075464075883,0.999,3,0.931655044126641,0.01,7,3,1,4,1.9178259,0.0251445418987302,17.1470904606616,0.0250536282917889,0.799798374091599,0.7,2.48,2.444,0.0297691821358628,0.219593199809533,0.5001952,0.0503808,2
48,2048,irls_1,irls,1,0.7,0.8,3,0.0893075464075883,0.999,3,0.931655044126641,0.01,5,1,1,11,1.6115823,0.0218930290039625,21.2894793993699,0.0220501770726588,0.799798374091599,0.7,1,1,0.0297691821358628,0.219593199809533,0.5001952,0.0503808,2
48,2048,irls_5,irls,5,0.7,0.8,3,0.0893075464075883,0.999,3,0.931655044126641,0.01,5,5,1,7,1.7005452,0.0221151883696964,21.9488143610794,0.0219171807752827,0.799798374091599,0.7,2.264,2.206,0.0297691821358628,0.219593199809533,0.5001952,0.0503808,2
49,2049,default,default,NaN,0.7,0.8,3,0.0891146805851048,0.999,3,0.715968429078825,0.01,5,3,1,12,1.7788555,0.0216066803529363,21.4523320627122,0.0209605342158154,0.799544028773623,0.7,2.128,2.088,0.0297048935283683,0.168755377105706,0.5006168,0.0501216,3
49,2049,lambda_min_0p1,lambda_min,0.1,0.1,0.8,3,0.0891146805851048,0.999,3,0.715968429078825,0.01,5,3,1,6,1.727381,0.0216244030380847,12.8378947220107,0.021308379227796,0.796808201415373,0.1,2.11,2.072,0.0297048935283683,0.168755377105706,0.5006168,0.0501216,3
49,2049,lambda_min_0p4,lambda_min,0.4,0.4,0.8,3,0.0891146805851048,0.999,3,0.715968429078825,0.01,5,3,1,15,1.6887976,0.0216104440420856,18.7367004769803,0.0208914581589031,0.798176115094498,0.4,2.118,2.088,0.0297048935283683,0.168755377105706,0.5006168,0.0501216,3
49,2049,lambda_max_0p9,lambda_max,0.9,0.7,0.9,3,0.0891146805851048,0.999,3,0.715968429078825,0.01,5,3,1,7,1.7096038,0.0261858549248435,41.5384161140731,0.0283106660430301,0.899088057547252,0.7,2.21,2.168,0.0297048935283683,0.168755377105706,0.5006168,0.0501216,3
49,2049,lambda_max_0p99,lambda_max,0.99,0.7,0.99,3,0.0891146805851048,0.999,3,0.715968429078825,0.01,5,3,1,17,1.7434645,0.0826200258889589,49.9349705196532,0.994237523418566,0.98867768344351,0.7,2.704,2.682,0.0297048935283683,0.168755377105706,0.5006168,0.0501216,3
49,2049,huber_1p345,huber,1.345,0.7,0.8,1.345,0.0399530817956553,0.999,3,0.715968429078825,0.01,5,3,1,10,1.8298674,0.0195679688783634,26.258068695246,0.0194701506759855,0.799544028773623,0.7,2.968,2.938,0.0297048935283683,0.168755377105706,0.5006168,0.0501216,3
49,2049,huber_6,huber,6,0.7,0.8,6,0.17822936117021,0.999,3,0.715968429078825,0.01,5,3,1,4,1.7284417,0.0308613174347197,19.8207140290716,0.0284720127658431,0.799544028773623,0.7,2.076,2.074,0.0297048935283683,0.168755377105706,0.5006168,0.0501216,3
49,2049,alpha_0p9,alpha,0.9,0.7,0.8,3,0.0891146805851048,0.9,3,0.715968429078825,0.01,5,3,1,1,1.7575439,0.0216066803529363,21.4026985241095,0.0209422601370186,0.799101063082317,0.7,2.128,2.088,0.0297048935283683,0.168755377105706,0.5006168,0.0501216,3
49,2049,alpha_0p99,alpha,0.99,0.7,0.8,3,0.0891146805851048,0.99,3,0.715968429078825,0.01,5,3,1,5,1.7194082,0.0216066803529363,21.4491266884016,0.0209581274519376,0.799497662171767,0.7,2.128,2.088,0.0297048935283683,0.168755377105706,0.5006168,0.0501216,3
49,2049,theta_1,theta,1,0.7,0.8,3,0.0891146805851048,0.999,1,0.238656143026275,0.01,5,3,1,13,1.7865087,0.0216585620781845,21.1121063840267,0.020930241812072,0.794765970326997,0.7,2.124,2.086,0.0297048935283683,0.168755377105706,0.5006168,0.0501216,3
49,2049,theta_6,theta,6,0.7,0.8,3,0.0891146805851048,0.999,6,1.43193685815765,0.01,5,3,1,16,1.667976,0.0216059432939649,21.5540214686254,0.0209670102909816,0.799799999999998,0.7,2.134,2.088,0.0297048935283683,0.168755377105706,0.5006168,0.0501216,3
49,2049,mu_0p001,mu,0.001,0.7,0.8,3,0.0891146805851048,0.999,3,0.715968429078825,0.001,5,3,1,11,1.8005295,0.0213946869713812,21.9222055248012,0.0208663832657094,0.799544028773623,0.7,2.132,2.088,0.0297048935283683,0.168755377105706,0.5006168,0.0501216,3
49,2049,mu_0p1,mu,0.1,0.7,0.8,3,0.0891146805851048,0.999,3,0.715968429078825,0.1,5,3,1,3,1.7315524,0.0223351811088556,21.6597078056047,0.0214537270603066,0.799544028773623,0.7,2.12,2.084,0.0297048935283683,0.168755377105706,0.5006168,0.0501216,3
49,2049,rank_3,rank,3,0.7,0.8,3,0.0891146805851048,0.999,3,0.715968429078825,0.01,3,3,1,9,1.3097541,0.643980784146512,38.7223467272829,0.62677247603941,0.799544028773623,0.7,2.994,2.992,0.0297048935283683,0.168755377105706,0.5006168,0.0501216,3
49,2049,rank_7,rank,7,0.7,0.8,3,0.0891146805851048,0.999,3,0.715968429078825,0.01,7,3,1,2,1.9517416,0.0256161890833621,18.3644331589774,0.025979289231333,0.799544028773623,0.7,2.534,2.514,0.0297048935283683,0.168755377105706,0.5006168,0.0501216,3
49,2049,irls_1,irls,1,0.7,0.8,3,0.0891146805851048,0.999,3,0.715968429078825,0.01,5,1,1,8,1.6203916,0.021913910058206,20.9993652403636,0.0211045701664607,0.799544028773623,0.7,1,1,0.0297048935283683,0.168755377105706,0.5006168,0.0501216,3
49,2049,irls_5,irls,5,0.7,0.8,3,0.0891146805851048,0.999,3,0.715968429078825,0.01,5,5,1,14,1.760261,0.021575567072016,21.9862498218554,0.020940212075008,0.799544028773623,0.7,2.254,2.202,0.0297048935283683,0.168755377105706,0.5006168,0.0501216,3
50,2050,default,default,NaN,0.7,0.8,3,0.0900799694345164,0.999,3,0.539656710135958,0.01,5,3,1,12,1.7291392,0.0221929286842037,20.4556188207495,0.0217474302658081,0.797800611079422,0.7,2.112,2.078,0.0300266564781721,0.127198306416653,0.5005224,0.0499744,2
50,2050,lambda_min_0p1,lambda_min,0.1,0.1,0.8,3,0.0900799694345164,0.999,3,0.539656710135958,0.01,5,3,1,7,1.658294,0.0228525220566574,11.3958773800979,0.0217219923534934,0.784604277555965,0.1,2.09,2.064,0.0300266564781721,0.127198306416653,0.5005224,0.0499744,2
50,2050,lambda_min_0p4,lambda_min,0.4,0.4,0.8,3,0.0900799694345164,0.999,3,0.539656710135958,0.01,5,3,1,17,1.6810189,0.0224155264070859,17.2432852941726,0.0218138946229859,0.791202444317693,0.4,2.1,2.072,0.0300266564781721,0.127198306416653,0.5005224,0.0499744,2
50,2050,lambda_max_0p9,lambda_max,0.9,0.7,0.9,3,0.0900799694345164,0.999,3,0.539656710135958,0.01,5,3,1,16,1.7126002,0.0277741171556374,38.1700614906279,0.0307517924052632,0.895601222158849,0.7,2.178,2.15,0.0300266564781721,0.127198306416653,0.5005224,0.0499744,2
50,2050,lambda_max_0p99,lambda_max,0.99,0.7,0.99,3,0.0900799694345164,0.999,3,0.539656710135958,0.01,5,3,1,13,1.733169,0.0909940590907901,49.6974219955518,0.939468709412522,0.983621772130327,0.7,2.68,2.664,0.0300266564781721,0.127198306416653,0.5005224,0.0499744,2
50,2050,huber_1p345,huber,1.345,0.7,0.8,1.345,0.0403858529631415,0.999,3,0.539656710135958,0.01,5,3,1,6,1.7554598,0.0189772909481717,25.1941932607079,0.0198658087450359,0.797800611079422,0.7,2.99,2.944,0.0300266564781721,0.127198306416653,0.5005224,0.0499744,2
50,2050,huber_6,huber,6,0.7,0.8,6,0.180159938869033,0.999,3,0.539656710135958,0.01,5,3,1,8,1.7295925,0.0311528809657549,16.8440765910842,0.0300666931499377,0.797800611079422,0.7,2.06,2.056,0.0300266564781721,0.127198306416653,0.5005224,0.0499744,2
50,2050,alpha_0p9,alpha,0.9,0.7,0.8,3,0.0900799694345164,0.9,3,0.539656710135958,0.01,5,3,1,1,1.7230934,0.0223082776804664,20.325409367386,0.0217557608882629,0.79456905462856,0.7,2.11,2.078,0.0300266564781721,0.127198306416653,0.5005224,0.0499744,2
50,2050,alpha_0p99,alpha,0.99,0.7,0.8,3,0.0900799694345164,0.99,3,0.539656710135958,0.01,5,3,1,9,1.7329106,0.0222498983225078,20.3678399748793,0.0217489037452054,0.796399967788774,0.7,2.112,2.078,0.0300266564781721,0.127198306416653,0.5005224,0.0499744,2
50,2050,theta_1,theta,1,0.7,0.8,3,0.0900799694345164,0.999,1,0.179885570045319,0.01,5,3,1,5,1.6796614,0.0223147288280939,19.9662743283499,0.0217850550516792,0.790244506449928,0.7,2.106,2.078,0.0300266564781721,0.127198306416653,0.5005224,0.0499744,2
50,2050,theta_6,theta,6,0.7,0.8,3,0.0900799694345164,0.999,6,1.07931342027192,0.01,5,3,1,15,1.673636,0.0221503748707301,20.6726844658097,0.0217430281872223,0.799787589659028,0.7,2.112,2.078,0.0300266564781721,0.127198306416653,0.5005224,0.0499744,2
50,2050,mu_0p001,mu,0.001,0.7,0.8,3,0.0900799694345164,0.999,3,0.539656710135958,0.001,5,3,1,11,1.7194852,0.022479131544667,20.0979720125782,0.0214639066198263,0.797800611079422,0.7,2.112,2.092,0.0300266564781721,0.127198306416653,0.5005224,0.0499744,2
50,2050,mu_0p1,mu,0.1,0.7,0.8,3,0.0900799694345164,0.999,3,0.539656710135958,0.1,5,3,1,2,1.7159573,0.021167167420125,19.9553760439068,0.0215274775611148,0.797800611079422,0.7,2.114,2.08,0.0300266564781721,0.127198306416653,0.5005224,0.0499744,2
50,2050,rank_3,rank,3,0.7,0.8,3,0.0900799694345164,0.999,3,0.539656710135958,0.01,3,3,1,3,1.3096116,0.620641958918545,38.4706509702869,0.624236318900908,0.797800611079422,0.7,3,2.996,0.0300266564781721,0.127198306416653,0.5005224,0.0499744,2
50,2050,rank_7,rank,7,0.7,0.8,3,0.0900799694345164,0.999,3,0.539656710135958,0.01,7,3,1,14,1.9250176,0.0288146979776834,15.140300414513,0.0293554627301261,0.797800611079422,0.7,2.754,2.884,0.0300266564781721,0.127198306416653,0.5005224,0.0499744,2
50,2050,irls_1,irls,1,0.7,0.8,3,0.0900799694345164,0.999,3,0.539656710135958,0.01,5,1,1,10,1.6336698,0.0223795321637564,21.0706485734973,0.0212813088476276,0.797800611079422,0.7,1,1,0.0300266564781721,0.127198306416653,0.5005224,0.0499744,2
50,2050,irls_5,irls,5,0.7,0.8,3,0.0900799694345164,0.999,3,0.539656710135958,0.01,5,5,1,4,1.6988378,0.0222575687237874,20.3342727703249,0.0217745175711521,0.797800611079422,0.7,2.226,2.188,0.0300266564781721,0.127198306416653,0.5005224,0.0499744,2
