Algorithm,Trial,ObservationRatio,Status,MaskSeed,SpatterSeed,TensorInitializationSeed,MatrixInitializationSeed,ExecutionSeed,ActualObservationRatio,RealizedSpatterDensity,EffectiveChangedPixelDensity,HuberDelta,AccuracyEvaluationRuntimeSeconds,PostCalibrationMeanReferenceNRE,FinalFrameReferenceNRE,LateWindowMeanReferenceNRE
CP_WOPT,1,0.7,successful,10001,20001,30001,40001,500101,0.7000612478223,0.0100093501843449,0.0100093501843449,0.1,321.9917347,0.177191455056629,0.197407299640218,0.18510066835257
Petrels,1,0.7,successful,10001,20001,30001,40001,500102,0.7000612478223,0.0100093501843449,0.0100093501843449,0.1,233.2154844,0.11232500588293,0.149509654381535,0.131776702962467
Grasta,1,0.7,successful,10001,20001,30001,40001,40001,0.7000612478223,0.0100093501843449,0.0100093501843449,0.1,143.767905,0.101331026305908,0.110407592739932,0.10304317397907
Grouse,1,0.7,successful,10001,20001,30001,40001,500104,0.7000612478223,0.0100093501843449,0.0100093501843449,0.1,139.4832474,0.999767088268741,0.999702843177397,0.99975449400614
TeCPSGD,1,0.7,successful,10001,20001,30001,40001,500105,0.7000612478223,0.0100093501843449,0.0100093501843449,0.1,133.8584559,0.137017619253667,0.128473948969614,0.119713908686378
OLSTEC_70,1,0.7,successful,10001,20001,30001,40001,500106,0.7000612478223,0.0100093501843449,0.0100093501843449,0.1,154.5871536,0.0702652672276018,0.0823742693681797,0.0732138683192226
OLSTEC_80,1,0.7,successful,10001,20001,30001,40001,500107,0.7000612478223,0.0100093501843449,0.0100093501843449,0.1,155.3483921,0.0625894378306042,0.0736281751959314,0.0644866974086812
OLSTEC_90,1,0.7,successful,10001,20001,30001,40001,500108,0.7000612478223,0.0100093501843449,0.0100093501843449,0.1,154.7281308,0.0562658925656103,0.0716797328972887,0.0581406118818961
OLSTEC_99,1,0.7,successful,10001,20001,30001,40001,500109,0.7000612478223,0.0100093501843449,0.0100093501843449,0.1,155.2911814,0.0615387845291292,0.0941531642341691,0.0672680737655977
RSI_OLSTEC,1,0.7,successful,10001,20001,30001,40001,500110,0.7000612478223,0.0100093501843449,0.0100093501843449,0.1,183.971296,0.0439076549149086,0.0510284723369906,0.0449193269741739
CP_WOPT,2,0.7,successful,10002,20002,30002,40002,500201,0.699989934466413,0.0100109961206547,0.0100109961206547,0.1,280.0392819,0.177272627008011,0.199688039435734,0.185503145002847
Petrels,2,0.7,successful,10002,20002,30002,40002,500202,0.699989934466413,0.0100109961206547,0.0100109961206547,0.1,215.1835413,0.112267931653521,0.157908758325334,0.133113907154124
Grasta,2,0.7,successful,10002,20002,30002,40002,40002,0.699989934466413,0.0100109961206547,0.0100109961206547,0.1,121.4080272,0.101177964875515,0.109269351066417,0.102866232032037
Grouse,2,0.7,successful,10002,20002,30002,40002,500204,0.699989934466413,0.0100109961206547,0.0100109961206547,0.1,118.1096397,0.999740655461619,0.999727719299652,0.999731988309063
TeCPSGD,2,0.7,successful,10002,20002,30002,40002,500205,0.699989934466413,0.0100109961206547,0.0100109961206547,0.1,116.387813,0.134263399872682,0.12857170127186,0.119751105978514
OLSTEC_70,2,0.7,successful,10002,20002,30002,40002,500206,0.699989934466413,0.0100109961206547,0.0100109961206547,0.1,139.8525442,0.0694022791522035,0.0803869954873832,0.0727122582637984
OLSTEC_80,2,0.7,successful,10002,20002,30002,40002,500207,0.699989934466413,0.0100109961206547,0.0100109961206547,0.1,140.1529534,0.0615027618806665,0.0724976196607818,0.0637770921859033
OLSTEC_90,2,0.7,successful,10002,20002,30002,40002,500208,0.699989934466413,0.0100109961206547,0.0100109961206547,0.1,139.7236825,0.055888548206431,0.0703790621410923,0.057936021835876
OLSTEC_99,2,0.7,successful,10002,20002,30002,40002,500209,0.699989934466413,0.0100109961206547,0.0100109961206547,0.1,139.7168066,0.0611736363756907,0.092784519244035,0.0678655258148501
RSI_OLSTEC,2,0.7,successful,10002,20002,30002,40002,500210,0.699989934466413,0.0100109961206547,0.0100109961206547,0.1,165.2284137,0.0441328668988513,0.0509173536240636,0.0449599840842317
CP_WOPT,3,0.7,successful,10003,20003,30003,40003,500301,0.699968948778462,0.00999156141114983,0.00999156141114983,0.1,281.4353714,0.176794613702527,0.197035019335801,0.184692223201554
Petrels,3,0.7,successful,10003,20003,30003,40003,500302,0.699968948778462,0.00999156141114983,0.00999156141114983,0.1,222.8340783,0.112108775529579,0.151861727509989,0.130535586838006
Grasta,3,0.7,successful,10003,20003,30003,40003,40003,0.699968948778462,0.00999156141114983,0.00999156141114983,0.1,126.0963575,0.101097651067855,0.108678415683527,0.10245786359081
Grouse,3,0.7,successful,10003,20003,30003,40003,500304,0.699968948778462,0.00999156141114983,0.00999156141114983,0.1,122.6402038,0.999818865866614,0.999876019737527,0.999828867521538
TeCPSGD,3,0.7,successful,10003,20003,30003,40003,500305,0.699968948778462,0.00999156141114983,0.00999156141114983,0.1,122.2448754,0.127877581070084,0.128491350723448,0.119565609186999
OLSTEC_70,3,0.7,successful,10003,20003,30003,40003,500306,0.699968948778462,0.00999156141114983,0.00999156141114983,0.1,144.1067932,0.0702565038426599,0.0749963407411181,0.0727002957631055
OLSTEC_80,3,0.7,successful,10003,20003,30003,40003,500307,0.699968948778462,0.00999156141114983,0.00999156141114983,0.1,143.6846277,0.0624822386062955,0.0715451100557848,0.0637419759093552
OLSTEC_90,3,0.7,successful,10003,20003,30003,40003,500308,0.699968948778462,0.00999156141114983,0.00999156141114983,0.1,144.1318084,0.0564744113204852,0.0701973887497554,0.0580560677862526
OLSTEC_99,3,0.7,successful,10003,20003,30003,40003,500309,0.699968948778462,0.00999156141114983,0.00999156141114983,0.1,145.0097191,0.0613158112026078,0.094703207796486,0.0673050674910826
RSI_OLSTEC,3,0.7,successful,10003,20003,30003,40003,500310,0.699968948778462,0.00999156141114983,0.00999156141114983,0.1,172.8911899,0.0439898010199462,0.0508619262961159,0.0448720011948726
CP_WOPT,4,0.7,successful,10004,20004,30004,40004,500401,0.699983414026416,0.00999877820881614,0.00999877820881614,0.1,297.941747,0.177724425133199,0.199401375060169,0.185453926135491
Petrels,4,0.7,successful,10004,20004,30004,40004,500402,0.699983414026416,0.00999877820881614,0.00999877820881614,0.1,223.8195432,0.112092642942916,0.161851902624475,0.131035613729502
Grasta,4,0.7,successful,10004,20004,30004,40004,40004,0.699983414026416,0.00999877820881614,0.00999877820881614,0.1,126.3491194,0.101119091937518,0.111228447933687,0.102735826914792
Grouse,4,0.7,successful,10004,20004,30004,40004,500404,0.699983414026416,0.00999877820881614,0.00999877820881614,0.1,123.2115867,0.999950885526656,0.999926361149953,0.999955685108865
TeCPSGD,4,0.7,successful,10004,20004,30004,40004,500405,0.699983414026416,0.00999877820881614,0.00999877820881614,0.1,122.2731492,0.139246436434069,0.128416105940797,0.119733480125346
OLSTEC_70,4,0.7,successful,10004,20004,30004,40004,500406,0.699983414026416,0.00999877820881614,0.00999877820881614,0.1,145.3706487,0.0695902639265258,0.0845419402451667,0.0730916209898655
OLSTEC_80,4,0.7,successful,10004,20004,30004,40004,500407,0.699983414026416,0.00999877820881614,0.00999877820881614,0.1,145.2716411,0.0605044682362948,0.0718789976878683,0.063246302339233
OLSTEC_90,4,0.7,successful,10004,20004,30004,40004,500408,0.699983414026416,0.00999877820881614,0.00999877820881614,0.1,145.5300789,0.0558862246377841,0.0700193016132063,0.0579711121317019
OLSTEC_99,4,0.7,successful,10004,20004,30004,40004,500409,0.699983414026416,0.00999877820881614,0.00999877820881614,0.1,144.9471836,0.0613440667316839,0.0922568348106331,0.0669769957648991
RSI_OLSTEC,4,0.7,successful,10004,20004,30004,40004,500410,0.699983414026416,0.00999877820881614,0.00999877820881614,0.1,173.5981651,0.0439696499572102,0.0509527570055954,0.0449446475216127
CP_WOPT,5,0.7,successful,10005,20005,30005,40005,500501,0.70004453523823,0.0100233089903573,0.0100233089903573,0.1,294.6296573,0.177980201353168,0.197296041286759,0.186121563100952
Petrels,5,0.7,successful,10005,20005,30005,40005,500502,0.70004453523823,0.0100233089903573,0.0100233089903573,0.1,216.5548679,0.112443888043812,0.159327131223563,0.133818745106007
Grasta,5,0.7,successful,10005,20005,30005,40005,40005,0.70004453523823,0.0100233089903573,0.0100233089903573,0.1,121.4687074,0.1012346072202,0.108517615662492,0.102774689483867
Grouse,5,0.7,successful,10005,20005,30005,40005,500504,0.70004453523823,0.0100233089903573,0.0100233089903573,0.1,118.4065499,0.999927617974162,0.999926764261861,0.999940644287988
TeCPSGD,5,0.7,successful,10005,20005,30005,40005,500505,0.70004453523823,0.0100233089903573,0.0100233089903573,0.1,115.8769783,0.13671589239334,0.128411202505218,0.119727836535965
OLSTEC_70,5,0.7,successful,10005,20005,30005,40005,500506,0.70004453523823,0.0100233089903573,0.0100233089903573,0.1,136.7086615,0.0697062451015658,0.0794430035591412,0.0731327994493789
OLSTEC_80,5,0.7,successful,10005,20005,30005,40005,500507,0.70004453523823,0.0100233089903573,0.0100233089903573,0.1,136.6646328,0.0614712242195695,0.0710842203818377,0.0639747728097622
OLSTEC_90,5,0.7,successful,10005,20005,30005,40005,500508,0.70004453523823,0.0100233089903573,0.0100233089903573,0.1,137.3328992,0.0561911683352478,0.0703751657240141,0.0581681252715467
OLSTEC_99,5,0.7,successful,10005,20005,30005,40005,500509,0.70004453523823,0.0100233089903573,0.0100233089903573,0.1,141.4442518,0.0614953774174113,0.0940263686867076,0.0669941875039284
RSI_OLSTEC,5,0.7,successful,10005,20005,30005,40005,500510,0.70004453523823,0.0100233089903573,0.0100233089903573,0.1,174.5702573,0.0440175890854403,0.0510290488114961,0.0449388063079478
CP_WOPT,6,0.7,successful,10006,20006,30006,40006,500601,0.700015161605623,0.00999333395794506,0.00999333395794506,0.1,294.1694257,0.177056542433276,0.198016428295522,0.185212539681361
Petrels,6,0.7,successful,10006,20006,30006,40006,500602,0.700015161605623,0.00999333395794506,0.00999333395794506,0.1,215.8868275,0.112266410845776,0.163888988608968,0.132445363452887
Grasta,6,0.7,successful,10006,20006,30006,40006,40006,0.700015161605623,0.00999333395794506,0.00999333395794506,0.1,121.461683,0.101207688858547,0.109306130669791,0.103035550188181
Grouse,6,0.7,successful,10006,20006,30006,40006,500604,0.700015161605623,0.00999333395794506,0.00999333395794506,0.1,118.0290844,0.999947242955048,0.99995137692416,0.999952300966695
TeCPSGD,6,0.7,successful,10006,20006,30006,40006,500605,0.700015161605623,0.00999333395794506,0.00999333395794506,0.1,115.5082997,0.148233406200208,0.128333357373115,0.119697365086225
OLSTEC_70,6,0.7,successful,10006,20006,30006,40006,500606,0.700015161605623,0.00999333395794506,0.00999333395794506,0.1,136.0734587,0.0692082381146374,0.0790969570451788,0.0725932282733222
OLSTEC_80,6,0.7,successful,10006,20006,30006,40006,500607,0.700015161605623,0.00999333395794506,0.00999333395794506,0.1,136.0882073,0.0612254218357387,0.0714638757479643,0.0637529904580943
OLSTEC_90,6,0.7,successful,10006,20006,30006,40006,500608,0.700015161605623,0.00999333395794506,0.00999333395794506,0.1,136.5360972,0.0560183051297316,0.0717406341022889,0.0582028876908256
OLSTEC_99,6,0.7,successful,10006,20006,30006,40006,500609,0.700015161605623,0.00999333395794506,0.00999333395794506,0.1,136.2496778,0.0615141548222984,0.093553784451618,0.0670483466985584
RSI_OLSTEC,6,0.7,successful,10006,20006,30006,40006,500610,0.700015161605623,0.00999333395794506,0.00999333395794506,0.1,162.4829319,0.0441011037335448,0.050845273733509,0.0449714343946364
CP_WOPT,7,0.7,successful,10007,20007,30007,40007,500701,0.700108251964995,0.00999016869581071,0.00999016869581071,0.1,298.6702899,0.177170427118356,0.198514828567292,0.185317170011545
Petrels,7,0.7,successful,10007,20007,30007,40007,500702,0.700108251964995,0.00999016869581071,0.00999016869581071,0.1,215.7325977,0.112131161406186,0.166264360523203,0.133913389410476
Grasta,7,0.7,successful,10007,20007,30007,40007,40007,0.700108251964995,0.00999016869581071,0.00999016869581071,0.1,121.4558213,0.101175901313378,0.108053579122801,0.103259521434184
Grouse,7,0.7,successful,10007,20007,30007,40007,500704,0.700108251964995,0.00999016869581071,0.00999016869581071,0.1,117.9450203,0.999977638919141,0.999959217315349,0.999970111044225
TeCPSGD,7,0.7,successful,10007,20007,30007,40007,500705,0.700108251964995,0.00999016869581071,0.00999016869581071,0.1,115.2742018,0.126290940881008,0.127664030326002,0.119393864948269
OLSTEC_70,7,0.7,successful,10007,20007,30007,40007,500706,0.700108251964995,0.00999016869581071,0.00999016869581071,0.1,135.8088282,0.0696489363480675,0.077996390767811,0.0731574084478075
OLSTEC_80,7,0.7,successful,10007,20007,30007,40007,500707,0.700108251964995,0.00999016869581071,0.00999016869581071,0.1,135.7983661,0.0611312069680348,0.0700753573580302,0.0640470106062864
OLSTEC_90,7,0.7,successful,10007,20007,30007,40007,500708,0.700108251964995,0.00999016869581071,0.00999016869581071,0.1,136.4112522,0.0559188964112162,0.0699208237981244,0.058284759323574
OLSTEC_99,7,0.7,successful,10007,20007,30007,40007,500709,0.700108251964995,0.00999016869581071,0.00999016869581071,0.1,136.1546575,0.0614158417330074,0.0981294509726069,0.0679299400110993
RSI_OLSTEC,7,0.7,successful,10007,20007,30007,40007,500710,0.700108251964995,0.00999016869581071,0.00999016869581071,0.1,162.1507699,0.0439970476908965,0.0505598030192945,0.0449498622732477
CP_WOPT,8,0.7,successful,10008,20008,30008,40008,500801,0.700129142695081,0.00999551798881776,0.00999551798881776,0.1,310.2454748,0.177904940586902,0.19637661792568,0.185656087886258
Petrels,8,0.7,successful,10008,20008,30008,40008,500802,0.700129142695081,0.00999551798881776,0.00999551798881776,0.1,223.7945629,0.112231729915956,0.167485571020611,0.131652491567994
Grasta,8,0.7,successful,10008,20008,30008,40008,40008,0.700129142695081,0.00999551798881776,0.00999551798881776,0.1,126.9382337,0.101133714190396,0.109372823531288,0.102475910266585
Grouse,8,0.7,successful,10008,20008,30008,40008,500804,0.700129142695081,0.00999551798881776,0.00999551798881776,0.1,123.15627,0.99998774787555,0.999964963208804,0.999975975715082
TeCPSGD,8,0.7,successful,10008,20008,30008,40008,500805,0.700129142695081,0.00999551798881776,0.00999551798881776,0.1,122.8894345,0.133622227661137,0.128624027782822,0.11972868865232
OLSTEC_70,8,0.7,successful,10008,20008,30008,40008,500806,0.700129142695081,0.00999551798881776,0.00999551798881776,0.1,145.3784429,0.0700369904488252,0.0829611981262569,0.0725491146309742
OLSTEC_80,8,0.7,successful,10008,20008,30008,40008,500807,0.700129142695081,0.00999551798881776,0.00999551798881776,0.1,145.281222,0.0623763725513397,0.074850440767648,0.0645844109890663
OLSTEC_90,8,0.7,successful,10008,20008,30008,40008,500808,0.700129142695081,0.00999551798881776,0.00999551798881776,0.1,145.6098652,0.0562423545055857,0.073099933873559,0.058665060467713
OLSTEC_99,8,0.7,successful,10008,20008,30008,40008,500809,0.700129142695081,0.00999551798881776,0.00999551798881776,0.1,142.6346608,0.0613431608361604,0.097370873115455,0.0677689244177727
RSI_OLSTEC,8,0.7,successful,10008,20008,30008,40008,500810,0.700129142695081,0.00999551798881776,0.00999551798881776,0.1,163.0024805,0.0441116755196401,0.0507914837995647,0.0449131336916315
CP_WOPT,9,0.7,successful,10009,20009,30009,40009,500901,0.700050264362693,0.0100065331010453,0.0100065331010453,0.1,302.266331,0.176951595357744,0.196882536584658,0.184752804782931
Petrels,9,0.7,successful,10009,20009,30009,40009,500902,0.700050264362693,0.0100065331010453,0.0100065331010453,0.1,223.9596968,0.112273410381169,0.147400576936847,0.132196263845359
Grasta,9,0.7,successful,10009,20009,30009,40009,40009,0.700050264362693,0.0100065331010453,0.0100065331010453,0.1,125.9319729,0.10118621975299,0.109020524347281,0.102845294015635
Grouse,9,0.7,successful,10009,20009,30009,40009,500904,0.700050264362693,0.0100065331010453,0.0100065331010453,0.1,122.7229981,0.999958426583081,1.00001162836655,0.999961102271613
TeCPSGD,9,0.7,successful,10009,20009,30009,40009,500905,0.700050264362693,0.0100065331010453,0.0100065331010453,0.1,122.3208934,0.127719482852763,0.128442514480976,0.119388972094757
OLSTEC_70,9,0.7,successful,10009,20009,30009,40009,500906,0.700050264362693,0.0100065331010453,0.0100065331010453,0.1,145.1892026,0.0701051623753853,0.0794360044099753,0.0736169808746464
OLSTEC_80,9,0.7,successful,10009,20009,30009,40009,500907,0.700050264362693,0.0100065331010453,0.0100065331010453,0.1,144.213297,0.0618196024892269,0.0766758744941054,0.0642934916445722
OLSTEC_90,9,0.7,successful,10009,20009,30009,40009,500908,0.700050264362693,0.0100065331010453,0.0100065331010453,0.1,144.1526871,0.056122544914156,0.0721748019024134,0.0585180617248955
OLSTEC_99,9,0.7,successful,10009,20009,30009,40009,500909,0.700050264362693,0.0100065331010453,0.0100065331010453,0.1,144.4799248,0.0614642308985372,0.0929863917156217,0.0677115030815834
RSI_OLSTEC,9,0.7,successful,10009,20009,30009,40009,500910,0.700050264362693,0.0100065331010453,0.0100065331010453,0.1,173.036144,0.044039424052241,0.0507860136418739,0.0448683880736507
CP_WOPT,10,0.7,successful,10010,20010,30010,40010,501001,0.700065077789482,0.0100114076047322,0.0100114076047322,0.1,304.0619553,0.179404940092697,0.199198487075589,0.187598306289872
Petrels,10,0.7,successful,10010,20010,30010,40010,501002,0.700065077789482,0.0100114076047322,0.0100114076047322,0.1,223.9238543,0.112281225231447,0.176622655376272,0.132446075079314
Grasta,10,0.7,successful,10010,20010,30010,40010,40010,0.700065077789482,0.0100114076047322,0.0100114076047322,0.1,126.7618746,0.101228681040866,0.111218728523955,0.102927377020094
Grouse,10,0.7,successful,10010,20010,30010,40010,501004,0.700065077789482,0.0100114076047322,0.0100114076047322,0.1,123.2738641,0.999879798069768,0.999922226119143,0.999889287221994
TeCPSGD,10,0.7,successful,10010,20010,30010,40010,501005,0.700065077789482,0.0100114076047322,0.0100114076047322,0.1,122.8877377,0.141711291512502,0.12887417648268,0.119718900272042
OLSTEC_70,10,0.7,successful,10010,20010,30010,40010,501006,0.700065077789482,0.0100114076047322,0.0100114076047322,0.1,150.3657789,0.0698027129606971,0.0811026757528721,0.0728315482421521
OLSTEC_80,10,0.7,successful,10010,20010,30010,40010,501007,0.700065077789482,0.0100114076047322,0.0100114076047322,0.1,148.6701828,0.0614037176077648,0.072241581000771,0.0637707660951452
OLSTEC_90,10,0.7,successful,10010,20010,30010,40010,501008,0.700065077789482,0.0100114076047322,0.0100114076047322,0.1,147.3084289,0.0558567489936788,0.0711355474868217,0.0578828873705389
OLSTEC_99,10,0.7,successful,10010,20010,30010,40010,501009,0.700065077789482,0.0100114076047322,0.0100114076047322,0.1,148.4814098,0.0610671579865729,0.096804061058581,0.0673272202062955
RSI_OLSTEC,10,0.7,successful,10010,20010,30010,40010,501010,0.700065077789482,0.0100114076047322,0.0100114076047322,0.1,177.359609,0.044031009086171,0.0504671115898812,0.0448956802794234
CP_WOPT,11,0.7,successful,10011,20011,30011,40011,501101,0.699941410997893,0.00999333395794506,0.00999333395794506,0.1,304.5191911,0.177229709934489,0.197798039366377,0.185221712768419
Petrels,11,0.7,successful,10011,20011,30011,40011,501102,0.699941410997893,0.00999333395794506,0.00999333395794506,0.1,216.0378995,0.112181324289355,0.15839340081755,0.132788300252044
Grasta,11,0.7,successful,10011,20011,30011,40011,40011,0.699941410997893,0.00999333395794506,0.00999333395794506,0.1,121.6019115,0.101157552714504,0.109362625219753,0.102450257573953
Grouse,11,0.7,successful,10011,20011,30011,40011,501104,0.699941410997893,0.00999333395794506,0.00999333395794506,0.1,118.1836648,0.999857265738485,0.999863556623891,0.999876788392797
TeCPSGD,11,0.7,successful,10011,20011,30011,40011,501105,0.699941410997893,0.00999333395794506,0.00999333395794506,0.1,116.4613082,0.126144769538115,0.127783707627717,0.119087189646559
OLSTEC_70,11,0.7,successful,10011,20011,30011,40011,501106,0.699941410997893,0.00999333395794506,0.00999333395794506,0.1,137.5753439,0.06982728595996,0.0815310878520077,0.0729718358233228
OLSTEC_80,11,0.7,successful,10011,20011,30011,40011,501107,0.699941410997893,0.00999333395794506,0.00999333395794506,0.1,137.2432293,0.0623250444060449,0.0739716079175392,0.0646562725673266
OLSTEC_90,11,0.7,successful,10011,20011,30011,40011,501108,0.699941410997893,0.00999333395794506,0.00999333395794506,0.1,137.6652325,0.0560779321260109,0.0724165201604598,0.0580295488054408
OLSTEC_99,11,0.7,successful,10011,20011,30011,40011,501109,0.699941410997893,0.00999333395794506,0.00999333395794506,0.1,137.6235644,0.0616326463950938,0.0942822491642741,0.0675522473402674
RSI_OLSTEC,11,0.7,successful,10011,20011,30011,40011,501110,0.699941410997893,0.00999333395794506,0.00999333395794506,0.1,169.6991614,0.0440472634841273,0.0507701270099255,0.0449217047311048
CP_WOPT,12,0.7,successful,10012,20012,30012,40012,501201,0.699972968661373,0.00997950176241796,0.00997950176241796,0.1,309.4737846,0.178680676225391,0.19919666728013,0.187008144695409
Petrels,12,0.7,successful,10012,20012,30012,40012,501202,0.699972968661373,0.00997950176241796,0.00997950176241796,0.1,216.973482,0.112273732556907,0.141247355656203,0.132758873475831
Grasta,12,0.7,successful,10012,20012,30012,40012,40012,0.699972968661373,0.00997950176241796,0.00997950176241796,0.1,121.5201914,0.101168985772361,0.108690799539266,0.102852837304867
Grouse,12,0.7,successful,10012,20012,30012,40012,501204,0.699972968661373,0.00997950176241796,0.00997950176241796,0.1,118.4835595,0.999967017805971,0.999940710704481,0.999972417875068
TeCPSGD,12,0.7,successful,10012,20012,30012,40012,501205,0.699972968661373,0.00997950176241796,0.00997950176241796,0.1,116.0607715,0.174534784986312,0.176265653964283,0.17126108749897
OLSTEC_70,12,0.7,successful,10012,20012,30012,40012,501206,0.699972968661373,0.00997950176241796,0.00997950176241796,0.1,140.4598382,0.0691496120581468,0.0786334704365807,0.0725185704833006
OLSTEC_80,12,0.7,successful,10012,20012,30012,40012,501207,0.699972968661373,0.00997950176241796,0.00997950176241796,0.1,145.9407631,0.0615806981813631,0.0712387544175529,0.0642373453405186
OLSTEC_90,12,0.7,successful,10012,20012,30012,40012,501208,0.699972968661373,0.00997950176241796,0.00997950176241796,0.1,145.154261,0.0559994532448353,0.0701870323750937,0.0578491365993448
OLSTEC_99,12,0.7,successful,10012,20012,30012,40012,501209,0.699972968661373,0.00997950176241796,0.00997950176241796,0.1,146.6709228,0.061357937930114,0.0944133248251082,0.0684966956419112
RSI_OLSTEC,12,0.7,successful,10012,20012,30012,40012,501210,0.699972968661373,0.00997950176241796,0.00997950176241796,0.1,174.1210596,0.0439867731181872,0.0511709986846559,0.0449922091730224
CP_WOPT,13,0.7,successful,10013,20013,30013,40013,501301,0.699875763461227,0.00999966448221376,0.00999966448221376,0.1,306.3960385,0.179339713591461,0.198483644126115,0.18720980073153
Petrels,13,0.7,successful,10013,20013,30013,40013,501302,0.699875763461227,0.00999966448221376,0.00999966448221376,0.1,217.0184608,0.111989436601766,0.153611588023682,0.131258419864165
Grasta,13,0.7,successful,10013,20013,30013,40013,40013,0.699875763461227,0.00999966448221376,0.00999966448221376,0.1,121.9322061,0.101155310458506,0.109352252277143,0.102495586099847
Grouse,13,0.7,successful,10013,20013,30013,40013,501304,0.699875763461227,0.00999966448221376,0.00999966448221376,0.1,118.5912805,0.999919172759109,0.99994763590639,0.999930080754221
TeCPSGD,13,0.7,successful,10013,20013,30013,40013,501305,0.699875763461227,0.00999966448221376,0.00999966448221376,0.1,118.5496372,0.174408237137377,0.17625924122098,0.171261979716467
OLSTEC_70,13,0.7,successful,10013,20013,30013,40013,501306,0.699875763461227,0.00999966448221376,0.00999966448221376,0.1,139.35768,0.0683837323517601,0.0759202340013203,0.0727414731114479
OLSTEC_80,13,0.7,successful,10013,20013,30013,40013,501307,0.699875763461227,0.00999966448221376,0.00999966448221376,0.1,139.7991229,0.0598998993723292,0.0703464508205159,0.0626202185582617
OLSTEC_90,13,0.7,successful,10013,20013,30013,40013,501308,0.699875763461227,0.00999966448221376,0.00999966448221376,0.1,139.7648824,0.0557951370430586,0.0697600422706568,0.058035848171882
OLSTEC_99,13,0.7,successful,10013,20013,30013,40013,501309,0.699875763461227,0.00999966448221376,0.00999966448221376,0.1,140.9758731,0.061459616145701,0.0926033725023365,0.0673748430871738
RSI_OLSTEC,13,0.7,successful,10013,20013,30013,40013,501310,0.699875763461227,0.00999966448221376,0.00999966448221376,0.1,166.6872454,0.0441257747179547,0.0511313103000543,0.0450250720771029
CP_WOPT,14,0.7,successful,10014,20014,30014,40014,501401,0.700034248136294,0.00999735384085568,0.00999735384085568,0.1,291.9035493,0.179634970655494,0.200032548335419,0.187521596045651
Petrels,14,0.7,successful,10014,20014,30014,40014,501402,0.700034248136294,0.00999735384085568,0.00999735384085568,0.1,222.898951,0.112126557927028,0.159794850769228,0.132575247962502
Grasta,14,0.7,successful,10014,20014,30014,40014,40014,0.700034248136294,0.00999735384085568,0.00999735384085568,0.1,126.0682138,0.101198282380333,0.10963308402232,0.102934311620738
Grouse,14,0.7,successful,10014,20014,30014,40014,501404,0.700034248136294,0.00999735384085568,0.00999735384085568,0.1,122.7204625,0.999907593340666,0.999926400152941,0.999913804427921
TeCPSGD,14,0.7,successful,10014,20014,30014,40014,501405,0.700034248136294,0.00999735384085568,0.00999735384085568,0.1,122.1355452,0.140769367245207,0.128218747184777,0.119714248649772
OLSTEC_70,14,0.7,successful,10014,20014,30014,40014,501406,0.700034248136294,0.00999735384085568,0.00999735384085568,0.1,145.9193383,0.0698994530558166,0.080733348009692,0.0731889693324353
OLSTEC_80,14,0.7,successful,10014,20014,30014,40014,501407,0.700034248136294,0.00999735384085568,0.00999735384085568,0.1,145.7612314,0.0619814668661955,0.0716207736024871,0.0640180426882049
OLSTEC_90,14,0.7,successful,10014,20014,30014,40014,501408,0.700034248136294,0.00999735384085568,0.00999735384085568,0.1,144.3777648,0.0562636697334913,0.0722483022406456,0.0583280997153691
OLSTEC_99,14,0.7,successful,10014,20014,30014,40014,501409,0.700034248136294,0.00999735384085568,0.00999735384085568,0.1,138.1176808,0.0614557436886784,0.0978382741186789,0.0681353530726773
RSI_OLSTEC,14,0.7,successful,10014,20014,30014,40014,501410,0.700034248136294,0.00999735384085568,0.00999735384085568,0.1,162.8424032,0.0439522419147562,0.0507101012430638,0.0448937905629314
CP_WOPT,15,0.7,successful,10015,20015,30015,40015,501501,0.699975627481565,0.00999757540920509,0.00999757540920509,0.1,274.1405949,0.176901171992277,0.197098013857944,0.185015022037225
Petrels,15,0.7,successful,10015,20015,30015,40015,501502,0.699975627481565,0.00999757540920509,0.00999757540920509,0.1,222.5745126,0.112008690198415,0.144356680877129,0.132274605036301
Grasta,15,0.7,successful,10015,20015,30015,40015,40015,0.699975627481565,0.00999757540920509,0.00999757540920509,0.1,126.7428241,0.101094798679164,0.108736710619334,0.103082009304179
Grouse,15,0.7,successful,10015,20015,30015,40015,501504,0.699975627481565,0.00999757540920509,0.00999757540920509,0.1,123.0825345,0.999994792866823,0.999949076490424,0.999986961612205
TeCPSGD,15,0.7,successful,10015,20015,30015,40015,501505,0.699975627481565,0.00999757540920509,0.00999757540920509,0.1,123.8480779,0.139829013231331,0.128181819692307,0.119742352930909
OLSTEC_70,15,0.7,successful,10015,20015,30015,40015,501506,0.699975627481565,0.00999757540920509,0.00999757540920509,0.1,146.8357386,0.0701858596396111,0.077674933096878,0.0735653403923415
OLSTEC_80,15,0.7,successful,10015,20015,30015,40015,501507,0.699975627481565,0.00999757540920509,0.00999757540920509,0.1,146.02637,0.0610331249275509,0.0698361485050894,0.0626929873294678
OLSTEC_90,15,0.7,successful,10015,20015,30015,40015,501508,0.699975627481565,0.00999757540920509,0.00999757540920509,0.1,146.5930691,0.0565709567163651,0.0698079881868306,0.0581149759999433
OLSTEC_99,15,0.7,successful,10015,20015,30015,40015,501509,0.699975627481565,0.00999757540920509,0.00999757540920509,0.1,146.7639111,0.0615817673755386,0.0963705806991418,0.0670440955222691
RSI_OLSTEC,15,0.7,successful,10015,20015,30015,40015,501510,0.699975627481565,0.00999757540920509,0.00999757540920509,0.1,174.9065227,0.0440305936389813,0.0510014825123404,0.0449400026967603
CP_WOPT,16,0.7,successful,10016,20016,30016,40016,501601,0.700084164320152,0.010005678480269,0.010005678480269,0.1,296.9142613,0.177652984937204,0.200480302321657,0.185983166010257
Petrels,16,0.7,successful,10016,20016,30016,40016,501602,0.700084164320152,0.010005678480269,0.010005678480269,0.1,220.1742829,0.112330691850567,0.152732688583847,0.132156047038913
Grasta,16,0.7,successful,10016,20016,30016,40016,40016,0.700084164320152,0.010005678480269,0.010005678480269,0.1,126.7152072,0.101242554552631,0.10920800564725,0.102934795595676
Grouse,16,0.7,successful,10016,20016,30016,40016,501604,0.700084164320152,0.010005678480269,0.010005678480269,0.1,123.1638073,0.999894347421308,0.999896110971611,0.999907807025541
TeCPSGD,16,0.7,successful,10016,20016,30016,40016,501605,0.700084164320152,0.010005678480269,0.010005678480269,0.1,122.6604414,0.174295485186015,0.176419570886632,0.17134285226729
OLSTEC_70,16,0.7,successful,10016,20016,30016,40016,501606,0.700084164320152,0.010005678480269,0.010005678480269,0.1,146.0983179,0.0699520368370688,0.0787627256719677,0.0734467549531223
OLSTEC_80,16,0.7,successful,10016,20016,30016,40016,501607,0.700084164320152,0.010005678480269,0.010005678480269,0.1,145.4511555,0.0616080298026732,0.0718227320339227,0.064196634096984
OLSTEC_90,16,0.7,successful,10016,20016,30016,40016,501608,0.700084164320152,0.010005678480269,0.010005678480269,0.1,145.9937426,0.0563233425140982,0.0711058363566607,0.0586321440129835
OLSTEC_99,16,0.7,successful,10016,20016,30016,40016,501609,0.700084164320152,0.010005678480269,0.010005678480269,0.1,147.5964232,0.0606247259790066,0.0918128895568834,0.0658134050140611
RSI_OLSTEC,16,0.7,successful,10016,20016,30016,40016,501610,0.700084164320152,0.010005678480269,0.010005678480269,0.1,172.8814791,0.0439975467824828,0.0509341711107172,0.0449382792332984
CP_WOPT,17,0.7,successful,10017,20017,30017,40017,501701,0.700020479246009,0.0100256196317154,0.0100256196317154,0.1,281.0667376,0.17693349880148,0.19777163793976,0.184949025312964
Petrels,17,0.7,successful,10017,20017,30017,40017,501702,0.700020479246009,0.0100256196317154,0.0100256196317154,0.1,214.8420785,0.11244181160959,0.166312078022568,0.132801545080307
Grasta,17,0.7,successful,10017,20017,30017,40017,40017,0.700020479246009,0.0100256196317154,0.0100256196317154,0.1,121.2835211,0.101200222553763,0.108077788787042,0.102962782568218
Grouse,17,0.7,successful,10017,20017,30017,40017,501704,0.700020479246009,0.0100256196317154,0.0100256196317154,0.1,117.9975349,0.999930733449188,0.999867692101212,0.9999156974137
TeCPSGD,17,0.7,successful,10017,20017,30017,40017,501705,0.700020479246009,0.0100256196317154,0.0100256196317154,0.1,115.7235682,0.14771061744356,0.12834603986222,0.119674898260351
OLSTEC_70,17,0.7,successful,10017,20017,30017,40017,501706,0.700020479246009,0.0100256196317154,0.0100256196317154,0.1,137.8447237,0.070182547934159,0.0817096219476884,0.0732236219457427
OLSTEC_80,17,0.7,successful,10017,20017,30017,40017,501707,0.700020479246009,0.0100256196317154,0.0100256196317154,0.1,137.9304719,0.0622785654758056,0.0740497261280383,0.0651379336517032
OLSTEC_90,17,0.7,successful,10017,20017,30017,40017,501708,0.700020479246009,0.0100256196317154,0.0100256196317154,0.1,137.8513626,0.056178496540891,0.0725050532601733,0.0583455687507984
OLSTEC_99,17,0.7,successful,10017,20017,30017,40017,501709,0.700020479246009,0.0100256196317154,0.0100256196317154,0.1,137.7652514,0.0609919384548081,0.0968201308679107,0.0677160629694658
RSI_OLSTEC,17,0.7,successful,10017,20017,30017,40017,501710,0.700020479246009,0.0100256196317154,0.0100256196317154,0.1,162.1037764,0.0439646513435128,0.0507953804200672,0.0448449137399891
CP_WOPT,18,0.7,successful,10018,20018,30018,40018,501801,0.699969486873025,0.010015079308808,0.010015079308808,0.1,296.8766824,0.177530892329124,0.198037964531066,0.18557023500785
Petrels,18,0.7,successful,10018,20018,30018,40018,501802,0.699969486873025,0.010015079308808,0.010015079308808,0.1,215.2455474,0.112259675800549,0.15461700891507,0.130604219160414
Grasta,18,0.7,successful,10018,20018,30018,40018,40018,0.699969486873025,0.010015079308808,0.010015079308808,0.1,121.4491096,0.10129058107738,0.108030071978901,0.102623546158058
Grouse,18,0.7,successful,10018,20018,30018,40018,501804,0.699969486873025,0.010015079308808,0.010015079308808,0.1,118.3518065,0.999925046422143,0.99995761377588,0.999949244834093
TeCPSGD,18,0.7,successful,10018,20018,30018,40018,501805,0.699969486873025,0.010015079308808,0.010015079308808,0.1,115.0674719,0.141806341883631,0.128249897804839,0.119739558690549
OLSTEC_70,18,0.7,successful,10018,20018,30018,40018,501806,0.699969486873025,0.010015079308808,0.010015079308808,0.1,136.0783842,0.0693345972993683,0.0799520951621806,0.0730315559587318
OLSTEC_80,18,0.7,successful,10018,20018,30018,40018,501807,0.699969486873025,0.010015079308808,0.010015079308808,0.1,136.0520406,0.0609539342650565,0.0711030990785262,0.0637824041472043
OLSTEC_90,18,0.7,successful,10018,20018,30018,40018,501808,0.699969486873025,0.010015079308808,0.010015079308808,0.1,136.3221943,0.0557853598613755,0.0708085225562138,0.0582087135808485
OLSTEC_99,18,0.7,successful,10018,20018,30018,40018,501809,0.699969486873025,0.010015079308808,0.010015079308808,0.1,136.3059685,0.0609117188909424,0.0955739217291828,0.0673925022536777
RSI_OLSTEC,18,0.7,successful,10018,20018,30018,40018,501810,0.699969486873025,0.010015079308808,0.010015079308808,0.1,161.7035006,0.0440821422442946,0.0508478110220707,0.0448992079626304
CP_WOPT,19,0.7,successful,10019,20019,30019,40019,501901,0.699894501813062,0.00999782863017584,0.00999782863017584,0.1,304.813235,0.178059546307745,0.195573274073213,0.186318692223765
Petrels,19,0.7,successful,10019,20019,30019,40019,501902,0.699894501813062,0.00999782863017584,0.00999782863017584,0.1,223.5157877,0.112119498997636,0.153996096324815,0.134080910158072
Grasta,19,0.7,successful,10019,20019,30019,40019,40019,0.699894501813062,0.00999782863017584,0.00999782863017584,0.1,121.9522046,0.101229089943727,0.110064415436931,0.103135699095424
Grouse,19,0.7,successful,10019,20019,30019,40019,501904,0.699894501813062,0.00999782863017584,0.00999782863017584,0.1,117.4783977,0.999914947013652,0.999898423826659,0.99992748840393
TeCPSGD,19,0.7,successful,10019,20019,30019,40019,501905,0.699894501813062,0.00999782863017584,0.00999782863017584,0.1,115.4146006,0.129956581015166,0.128641968776219,0.119734951343777
OLSTEC_70,19,0.7,successful,10019,20019,30019,40019,501906,0.699894501813062,0.00999782863017584,0.00999782863017584,0.1,136.4860978,0.0692220898512363,0.0853440115812667,0.0736503230471814
OLSTEC_80,19,0.7,successful,10019,20019,30019,40019,501907,0.699894501813062,0.00999782863017584,0.00999782863017584,0.1,136.2014586,0.0617413037684831,0.0736579328933617,0.0650950052025674
OLSTEC_90,19,0.7,successful,10019,20019,30019,40019,501908,0.699894501813062,0.00999782863017584,0.00999782863017584,0.1,135.8818075,0.0559151733895376,0.0706865776485525,0.0582444272871063
OLSTEC_99,19,0.7,successful,10019,20019,30019,40019,501909,0.699894501813062,0.00999782863017584,0.00999782863017584,0.1,136.2562011,0.0615103214294812,0.0957965605288148,0.0677278647866735
RSI_OLSTEC,19,0.7,successful,10019,20019,30019,40019,501910,0.699894501813062,0.00999782863017584,0.00999782863017584,0.1,161.3888804,0.0440227159764966,0.0509463251798452,0.044921437811762
CP_WOPT,20,0.7,successful,10020,20020,30020,40020,502001,0.700058367433757,0.00998934572765578,0.00998934572765578,0.1,296.6170093,0.176963758493969,0.197839010952751,0.185129023597685
Petrels,20,0.7,successful,10020,20020,30020,40020,502002,0.700058367433757,0.00998934572765578,0.00998934572765578,0.1,223.421843,0.112519289606162,0.146458781236726,0.135008250443349
Grasta,20,0.7,successful,10020,20020,30020,40020,40020,0.700058367433757,0.00998934572765578,0.00998934572765578,0.1,125.8379194,0.101172767553382,0.110288629784843,0.102792816252557
Grouse,20,0.7,successful,10020,20020,30020,40020,502004,0.700058367433757,0.00998934572765578,0.00998934572765578,0.1,122.5159148,0.999944093919578,0.999910597188454,0.999926555548558
TeCPSGD,20,0.7,successful,10020,20020,30020,40020,502005,0.700058367433757,0.00998934572765578,0.00998934572765578,0.1,122.7000003,0.17454592293706,0.17656244511351,0.171312959237778
OLSTEC_70,20,0.7,successful,10020,20020,30020,40020,502006,0.700058367433757,0.00998934572765578,0.00998934572765578,0.1,144.4696867,0.069800107261521,0.0841911813249812,0.0734889737302816
OLSTEC_80,20,0.7,successful,10020,20020,30020,40020,502007,0.700058367433757,0.00998934572765578,0.00998934572765578,0.1,144.7676698,0.0619276836070291,0.0723084421929891,0.0637885658752518
OLSTEC_90,20,0.7,successful,10020,20020,30020,40020,502008,0.700058367433757,0.00998934572765578,0.00998934572765578,0.1,144.9047073,0.0558313797190228,0.0716686280559974,0.0584752907879769
OLSTEC_99,20,0.7,successful,10020,20020,30020,40020,502009,0.700058367433757,0.00998934572765578,0.00998934572765578,0.1,145.202475,0.0611937786879588,0.094565598858848,0.0673921770541782
RSI_OLSTEC,20,0.7,successful,10020,20020,30020,40020,502010,0.700058367433757,0.00998934572765578,0.00998934572765578,0.1,170.5620837,0.0441221503714063,0.0508908981440914,0.045000435233361
CP_WOPT,21,0.7,successful,10021,20021,30021,40021,502101,0.699989364719229,0.00996288413621262,0.00996288413621262,0.1,312.7794911,0.177290403349038,0.198524519911819,0.185470293414937
Petrels,21,0.7,successful,10021,20021,30021,40021,502102,0.699989364719229,0.00996288413621262,0.00996288413621262,0.1,223.1839242,0.112015465891698,0.163843392965413,0.132158204413526
Grasta,21,0.7,successful,10021,20021,30021,40021,40021,0.699989364719229,0.00996288413621262,0.00996288413621262,0.1,125.6967179,0.101090028418853,0.108195438580989,0.102871594662968
Grouse,21,0.7,successful,10021,20021,30021,40021,502104,0.699989364719229,0.00996288413621262,0.00996288413621262,0.1,122.5997032,0.999940608692847,0.999928395644817,0.999946848377088
TeCPSGD,21,0.7,successful,10021,20021,30021,40021,502105,0.699989364719229,0.00996288413621262,0.00996288413621262,0.1,122.0978269,0.13664041953636,0.128342241366236,0.119662409409171
OLSTEC_70,21,0.7,successful,10021,20021,30021,40021,502106,0.699989364719229,0.00996288413621262,0.00996288413621262,0.1,144.2551905,0.0697679724045629,0.0764503639053417,0.0728476025220646
OLSTEC_80,21,0.7,successful,10021,20021,30021,40021,502107,0.699989364719229,0.00996288413621262,0.00996288413621262,0.1,144.8814557,0.0611222815710773,0.0703504966354491,0.0640172961669976
OLSTEC_90,21,0.7,successful,10021,20021,30021,40021,502108,0.699989364719229,0.00996288413621262,0.00996288413621262,0.1,144.5038698,0.0562334126643531,0.0704965973386204,0.05834613205106
OLSTEC_99,21,0.7,successful,10021,20021,30021,40021,502109,0.699989364719229,0.00996288413621262,0.00996288413621262,0.1,144.2224648,0.0616854220679081,0.0935495249235559,0.0674428619482277
RSI_OLSTEC,21,0.7,successful,10021,20021,30021,40021,502110,0.699989364719229,0.00996288413621262,0.00996288413621262,0.1,171.6695931,0.0439874770172314,0.0507262086234322,0.0448819300148393
CP_WOPT,22,0.7,successful,10022,20022,30022,40022,502201,0.699930427538287,0.00997336115387732,0.00997336115387732,0.1,295.1209313,0.177242424391233,0.197160132282835,0.185255657911591
Petrels,22,0.7,successful,10022,20022,30022,40022,502202,0.699930427538287,0.00997336115387732,0.00997336115387732,0.1,215.4443043,0.11196105587653,0.172321233323269,0.131675470036102
Grasta,22,0.7,successful,10022,20022,30022,40022,40022,0.699930427538287,0.00997336115387732,0.00997336115387732,0.1,121.4068008,0.101057227607579,0.110057184068046,0.102430124814239
Grouse,22,0.7,successful,10022,20022,30022,40022,502204,0.699930427538287,0.00997336115387732,0.00997336115387732,0.1,118.1028784,0.999934220618065,1.00002114680698,0.999959042705708
TeCPSGD,22,0.7,successful,10022,20022,30022,40022,502205,0.699930427538287,0.00997336115387732,0.00997336115387732,0.1,118.2413413,0.135512502919958,0.128629534181634,0.119632205343082
OLSTEC_70,22,0.7,successful,10022,20022,30022,40022,502206,0.699930427538287,0.00997336115387732,0.00997336115387732,0.1,145.6940424,0.0705564267123195,0.0799490255832626,0.0727054890855852
OLSTEC_80,22,0.7,successful,10022,20022,30022,40022,502207,0.699930427538287,0.00997336115387732,0.00997336115387732,0.1,146.0726877,0.0621503285191105,0.0735080253993286,0.0641953643272677
OLSTEC_90,22,0.7,successful,10022,20022,30022,40022,502208,0.699930427538287,0.00997336115387732,0.00997336115387732,0.1,145.4917501,0.0561994418486201,0.0724074493546544,0.0580033549837471
OLSTEC_99,22,0.7,successful,10022,20022,30022,40022,502209,0.699930427538287,0.00997336115387732,0.00997336115387732,0.1,145.4839655,0.060981281992496,0.0974314820342043,0.0667399065723462
RSI_OLSTEC,22,0.7,successful,10022,20022,30022,40022,502210,0.699930427538287,0.00997336115387732,0.00997336115387732,0.1,172.6859795,0.0438855256537478,0.0505524677399829,0.0448044744999287
CP_WOPT,23,0.7,successful,10023,20023,30023,40023,502301,0.700131738210032,0.00999789193541852,0.00999789193541852,0.1,303.953819,0.177339440251222,0.197657356586333,0.185606645021878
Petrels,23,0.7,successful,10023,20023,30023,40023,502302,0.700131738210032,0.00999789193541852,0.00999789193541852,0.1,216.9603013,0.1120558197888,0.154309870057775,0.132778664485486
Grasta,23,0.7,successful,10023,20023,30023,40023,40023,0.700131738210032,0.00999789193541852,0.00999789193541852,0.1,121.4570198,0.101169720476261,0.109646386997132,0.10313911951018
Grouse,23,0.7,successful,10023,20023,30023,40023,502304,0.700131738210032,0.00999789193541852,0.00999789193541852,0.1,118.0477001,0.999839883144398,0.999835071791458,0.999855226364556
TeCPSGD,23,0.7,successful,10023,20023,30023,40023,502305,0.700131738210032,0.00999789193541852,0.00999789193541852,0.1,115.61245,0.162137182909289,0.128471166744127,0.119799749170975
OLSTEC_70,23,0.7,successful,10023,20023,30023,40023,502306,0.700131738210032,0.00999789193541852,0.00999789193541852,0.1,136.477311,0.0704613094630412,0.082668767538777,0.0743913749886074
OLSTEC_80,23,0.7,successful,10023,20023,30023,40023,502307,0.700131738210032,0.00999789193541852,0.00999789193541852,0.1,136.8983604,0.0623511310758346,0.0737056022398968,0.0655500236478331
OLSTEC_90,23,0.7,successful,10023,20023,30023,40023,502308,0.700131738210032,0.00999789193541852,0.00999789193541852,0.1,136.4045399,0.0561598878882897,0.0720465085141509,0.0585523455008908
OLSTEC_99,23,0.7,successful,10023,20023,30023,40023,502309,0.700131738210032,0.00999789193541852,0.00999789193541852,0.1,136.8203385,0.0613967738576445,0.0923321754219806,0.0685846250578035
RSI_OLSTEC,23,0.7,successful,10023,20023,30023,40023,502310,0.700131738210032,0.00999789193541852,0.00999789193541852,0.1,162.5759804,0.0440380653962591,0.0508570424497018,0.0449247651839365
CP_WOPT,24,0.7,successful,10024,20024,30024,40024,502401,0.699982401142533,0.00995417966534316,0.00995417966534316,0.1,296.7993822,0.17682775361503,0.196963885699558,0.184936128010777
Petrels,24,0.7,successful,10024,20024,30024,40024,502402,0.699982401142533,0.00995417966534316,0.00995417966534316,0.1,216.242521,0.112057785345363,0.155524655490913,0.13150579948121
Grasta,24,0.7,successful,10024,20024,30024,40024,40024,0.699982401142533,0.00995417966534316,0.00995417966534316,0.1,121.4141714,0.101118079439542,0.108386932388732,0.102568223747795
Grouse,24,0.7,successful,10024,20024,30024,40024,502404,0.699982401142533,0.00995417966534316,0.00995417966534316,0.1,118.2529113,0.999710986804942,0.999747421893804,0.999705532835511
TeCPSGD,24,0.7,successful,10024,20024,30024,40024,502405,0.699982401142533,0.00995417966534316,0.00995417966534316,0.1,116.8023453,0.157252064465675,0.128350806955727,0.11972035764341
OLSTEC_70,24,0.7,successful,10024,20024,30024,40024,502406,0.699982401142533,0.00995417966534316,0.00995417966534316,0.1,137.74162,0.0701321394722236,0.0793271553193404,0.072947736508566
OLSTEC_80,24,0.7,successful,10024,20024,30024,40024,502407,0.699982401142533,0.00995417966534316,0.00995417966534316,0.1,137.881865,0.0625507302361632,0.0712735966151508,0.0645297495987475
OLSTEC_90,24,0.7,successful,10024,20024,30024,40024,502408,0.699982401142533,0.00995417966534316,0.00995417966534316,0.1,138.1201924,0.056107676744477,0.0702485836272821,0.0579263604947318
OLSTEC_99,24,0.7,successful,10024,20024,30024,40024,502409,0.699982401142533,0.00995417966534316,0.00995417966534316,0.1,138.1617653,0.061318775001239,0.0996636837680598,0.0670372622880982
RSI_OLSTEC,24,0.7,successful,10024,20024,30024,40024,502410,0.699982401142533,0.00995417966534316,0.00995417966534316,0.1,163.6373991,0.0440355549794811,0.0505697227942356,0.0448766231002702
CP_WOPT,25,0.7,successful,10025,20025,30025,40025,502501,0.700057892644437,0.00999086505348027,0.00999086505348027,0.1,294.9940027,0.176800458997879,0.197454172524498,0.185043729688915
Petrels,25,0.7,successful,10025,20025,30025,40025,502502,0.700057892644437,0.00999086505348027,0.00999086505348027,0.1,223.7201309,0.112038533203649,0.160921335789246,0.131929428195696
Grasta,25,0.7,successful,10025,20025,30025,40025,40025,0.700057892644437,0.00999086505348027,0.00999086505348027,0.1,126.5281435,0.101099487886868,0.108662674320032,0.102800106860538
Grouse,25,0.7,successful,10025,20025,30025,40025,502504,0.700057892644437,0.00999086505348027,0.00999086505348027,0.1,122.949023,0.999980310140615,0.999996737561426,0.999964602157205
TeCPSGD,25,0.7,successful,10025,20025,30025,40025,502505,0.700057892644437,0.00999086505348027,0.00999086505348027,0.1,117.6285086,0.174608004915863,0.176224349767302,0.171304332587817
OLSTEC_70,25,0.7,successful,10025,20025,30025,40025,502506,0.700057892644437,0.00999086505348027,0.00999086505348027,0.1,138.4837638,0.0703528382545263,0.0815482080117022,0.0746942577800985
OLSTEC_80,25,0.7,successful,10025,20025,30025,40025,502507,0.700057892644437,0.00999086505348027,0.00999086505348027,0.1,138.4072763,0.0625150423110482,0.0769043703415277,0.0649495190467527
OLSTEC_90,25,0.7,successful,10025,20025,30025,40025,502508,0.700057892644437,0.00999086505348027,0.00999086505348027,0.1,138.8374902,0.0563781670617944,0.0707039396147648,0.0584034642845436
OLSTEC_99,25,0.7,successful,10025,20025,30025,40025,502509,0.700057892644437,0.00999086505348027,0.00999086505348027,0.1,138.7427483,0.0616746954128763,0.0951602659344808,0.0677431237856528
RSI_OLSTEC,25,0.7,successful,10025,20025,30025,40025,502510,0.700057892644437,0.00999086505348027,0.00999086505348027,0.1,163.704905,0.0439181499538493,0.050789298984987,0.0448054934149736
CP_WOPT,26,0.7,successful,10026,20026,30026,40026,502601,0.700005317640386,0.0100041591544445,0.0100041591544445,0.1,284.5259244,0.17717659786837,0.197573315316231,0.185270298554599
Petrels,26,0.7,successful,10026,20026,30026,40026,502602,0.700005317640386,0.0100041591544445,0.0100041591544445,0.1,216.7355671,0.112084653596701,0.160088933769937,0.132878983128346
Grasta,26,0.7,successful,10026,20026,30026,40026,40026,0.700005317640386,0.0100041591544445,0.0100041591544445,0.1,121.3295414,0.101080585492148,0.108752253530451,0.10263759582997
Grouse,26,0.7,successful,10026,20026,30026,40026,502604,0.700005317640386,0.0100041591544445,0.0100041591544445,0.1,117.9222341,0.999971176340673,0.999957906210032,0.999969193335034
TeCPSGD,26,0.7,successful,10026,20026,30026,40026,502605,0.700005317640386,0.0100041591544445,0.0100041591544445,0.1,116.4951748,0.141683081777119,0.128315259182385,0.11968471715906
OLSTEC_70,26,0.7,successful,10026,20026,30026,40026,502606,0.700005317640386,0.0100041591544445,0.0100041591544445,0.1,138.6825053,0.0696447572541771,0.0789684014747083,0.0721599324977368
OLSTEC_80,26,0.7,successful,10026,20026,30026,40026,502607,0.700005317640386,0.0100041591544445,0.0100041591544445,0.1,139.198861,0.061286057460052,0.072832627794958,0.0639529598073036
OLSTEC_90,26,0.7,successful,10026,20026,30026,40026,502608,0.700005317640386,0.0100041591544445,0.0100041591544445,0.1,139.6849303,0.055799428097964,0.0703767408716935,0.0579966001812887
OLSTEC_99,26,0.7,successful,10026,20026,30026,40026,502609,0.700005317640386,0.0100041591544445,0.0100041591544445,0.1,139.539127,0.0612388131219676,0.0929056596488026,0.0673687489546779
RSI_OLSTEC,26,0.7,successful,10026,20026,30026,40026,502610,0.700005317640386,0.0100041591544445,0.0100041591544445,0.1,164.7723256,0.0440795013340703,0.050811874678499,0.0449633475029132
CP_WOPT,27,0.7,successful,10027,20027,30027,40027,502701,0.700006425482133,0.00998842780163682,0.00998842780163682,0.1,303.0534487,0.177825066468607,0.196259780272452,0.185921048519804
Petrels,27,0.7,successful,10027,20027,30027,40027,502702,0.700006425482133,0.00998842780163682,0.00998842780163682,0.1,218.2945027,0.112266939701868,0.169518863656231,0.132697127297945
Grasta,27,0.7,successful,10027,20027,30027,40027,40027,0.700006425482133,0.00998842780163682,0.00998842780163682,0.1,126.0401404,0.101109385887071,0.108350004551164,0.102442908805302
Grouse,27,0.7,successful,10027,20027,30027,40027,502704,0.700006425482133,0.00998842780163682,0.00998842780163682,0.1,122.3670902,0.99982403318735,0.999777659790243,0.999831653935716
TeCPSGD,27,0.7,successful,10027,20027,30027,40027,502705,0.700006425482133,0.00998842780163682,0.00998842780163682,0.1,123.2164742,0.140634515108583,0.128409923607092,0.119644860657625
OLSTEC_70,27,0.7,successful,10027,20027,30027,40027,502706,0.700006425482133,0.00998842780163682,0.00998842780163682,0.1,146.6520484,0.0699365769502295,0.0781290243675955,0.0728198226425398
OLSTEC_80,27,0.7,successful,10027,20027,30027,40027,502707,0.700006425482133,0.00998842780163682,0.00998842780163682,0.1,146.2266921,0.0621744715141247,0.0709369941012023,0.0640267399035908
OLSTEC_90,27,0.7,successful,10027,20027,30027,40027,502708,0.700006425482133,0.00998842780163682,0.00998842780163682,0.1,146.822073,0.0563347992104825,0.0710473367513776,0.0581626599774803
OLSTEC_99,27,0.7,successful,10027,20027,30027,40027,502709,0.700006425482133,0.00998842780163682,0.00998842780163682,0.1,146.6301416,0.061370759610484,0.0947665249824517,0.0678240634398964
RSI_OLSTEC,27,0.7,successful,10027,20027,30027,40027,502710,0.700006425482133,0.00998842780163682,0.00998842780163682,0.1,174.6542065,0.0439809474304863,0.0510519666226251,0.0449616063878089
CP_WOPT,28,0.7,successful,10028,20028,30028,40028,502801,0.699839932693866,0.0100136549408476,0.0100136549408476,0.1,294.2961974,0.176866104698316,0.198368947213904,0.184850188853818
Petrels,28,0.7,successful,10028,20028,30028,40028,502802,0.699839932693866,0.0100136549408476,0.0100136549408476,0.1,216.286641,0.112408232226065,0.147497784740777,0.132133242300091
Grasta,28,0.7,successful,10028,20028,30028,40028,40028,0.699839932693866,0.0100136549408476,0.0100136549408476,0.1,121.5591419,0.101148887303428,0.110090916782938,0.102861112217578
Grouse,28,0.7,successful,10028,20028,30028,40028,502804,0.699839932693866,0.0100136549408476,0.0100136549408476,0.1,118.2475116,0.999921830099254,0.999929938621207,0.999927535131089
TeCPSGD,28,0.7,successful,10028,20028,30028,40028,502805,0.699839932693866,0.0100136549408476,0.0100136549408476,0.1,117.0487547,0.125634154595554,0.128244251964505,0.11954263324014
OLSTEC_70,28,0.7,successful,10028,20028,30028,40028,502806,0.699839932693866,0.0100136549408476,0.0100136549408476,0.1,140.1332106,0.0697256973269099,0.0776455344445091,0.0727378930730685
OLSTEC_80,28,0.7,successful,10028,20028,30028,40028,502807,0.699839932693866,0.0100136549408476,0.0100136549408476,0.1,146.3146141,0.0621192798569822,0.0700480235958434,0.0637410883679531
OLSTEC_90,28,0.7,successful,10028,20028,30028,40028,502808,0.699839932693866,0.0100136549408476,0.0100136549408476,0.1,147.2741422,0.0560298060460902,0.0720342188709095,0.0585465751496394
OLSTEC_99,28,0.7,successful,10028,20028,30028,40028,502809,0.699839932693866,0.0100136549408476,0.0100136549408476,0.1,147.3563599,0.0612515863877511,0.0909178579434242,0.0666945194162074
RSI_OLSTEC,28,0.7,successful,10028,20028,30028,40028,502810,0.699839932693866,0.0100136549408476,0.0100136549408476,0.1,174.59053,0.0440096971210176,0.050948000364505,0.0449605504127134
CP_WOPT,29,0.7,successful,10029,20029,30029,40029,502901,0.699926217739648,0.0100014053763877,0.0100014053763877,0.1,295.7529122,0.177457780767948,0.196964016386262,0.185504085331872
Petrels,29,0.7,successful,10029,20029,30029,40029,502902,0.699926217739648,0.0100014053763877,0.0100014053763877,0.1,215.1213823,0.11224811837352,0.161654111251569,0.133061888509978
Grasta,29,0.7,successful,10029,20029,30029,40029,40029,0.699926217739648,0.0100014053763877,0.0100014053763877,0.1,121.3491733,0.101170623297581,0.107082241795673,0.102624834551411
Grouse,29,0.7,successful,10029,20029,30029,40029,502904,0.699926217739648,0.0100014053763877,0.0100014053763877,0.1,117.7998409,0.999865805205484,0.99989288717586,0.999879391538326
TeCPSGD,29,0.7,successful,10029,20029,30029,40029,502905,0.699926217739648,0.0100014053763877,0.0100014053763877,0.1,116.6968248,0.128535028944099,0.128247223773548,0.119674926839755
OLSTEC_70,29,0.7,successful,10029,20029,30029,40029,502906,0.699926217739648,0.0100014053763877,0.0100014053763877,0.1,139.2994619,0.0693591529675554,0.0774283265368924,0.0725541164121973
OLSTEC_80,29,0.7,successful,10029,20029,30029,40029,502907,0.699926217739648,0.0100014053763877,0.0100014053763877,0.1,138.5583087,0.0610970784720926,0.0711072593979596,0.0629921270884524
OLSTEC_90,29,0.7,successful,10029,20029,30029,40029,502908,0.699926217739648,0.0100014053763877,0.0100014053763877,0.1,139.2909611,0.0558808439949091,0.0712083855163447,0.0581541964563943
OLSTEC_99,29,0.7,successful,10029,20029,30029,40029,502909,0.699926217739648,0.0100014053763877,0.0100014053763877,0.1,139.3070991,0.0615659428584835,0.0974932639730721,0.0678845492999558
RSI_OLSTEC,29,0.7,successful,10029,20029,30029,40029,502910,0.699926217739648,0.0100014053763877,0.0100014053763877,0.1,163.876162,0.044002531813443,0.0506847564805238,0.0448582192523772
CP_WOPT,30,0.7,successful,10030,20030,30030,40030,503001,0.70005089741512,0.00997260149096508,0.00997260149096508,0.1,291.7918657,0.176951850252832,0.196895992625381,0.185159844913259
Petrels,30,0.7,successful,10030,20030,30030,40030,503002,0.70005089741512,0.00997260149096508,0.00997260149096508,0.1,218.3945194,0.111813082123259,0.167999990953575,0.131069628545318
Grasta,30,0.7,successful,10030,20030,30030,40030,40030,0.70005089741512,0.00997260149096508,0.00997260149096508,0.1,126.1388822,0.101035321537407,0.108278983266176,0.102608587802711
Grouse,30,0.7,successful,10030,20030,30030,40030,503004,0.70005089741512,0.00997260149096508,0.00997260149096508,0.1,122.7376513,0.999905181908968,0.999880582109004,0.999915821571346
TeCPSGD,30,0.7,successful,10030,20030,30030,40030,503005,0.70005089741512,0.00997260149096508,0.00997260149096508,0.1,123.2822523,0.174330190033969,0.176009522130787,0.17125850906471
OLSTEC_70,30,0.7,successful,10030,20030,30030,40030,503006,0.70005089741512,0.00997260149096508,0.00997260149096508,0.1,146.765163,0.0704706044867719,0.0780771925738384,0.0735948862929407
OLSTEC_80,30,0.7,successful,10030,20030,30030,40030,503007,0.70005089741512,0.00997260149096508,0.00997260149096508,0.1,146.8962926,0.0621030939030428,0.0711200096777687,0.0645093931383605
OLSTEC_90,30,0.7,successful,10030,20030,30030,40030,503008,0.70005089741512,0.00997260149096508,0.00997260149096508,0.1,146.8859968,0.0559992480628213,0.0713204742943908,0.0581643943240754
OLSTEC_99,30,0.7,successful,10030,20030,30030,40030,503009,0.70005089741512,0.00997260149096508,0.00997260149096508,0.1,147.060237,0.0613165912764657,0.0956616393743132,0.0676475040701343
RSI_OLSTEC,30,0.7,successful,10030,20030,30030,40030,503010,0.70005089741512,0.00997260149096508,0.00997260149096508,0.1,174.1809171,0.043995730829296,0.0511279755213108,0.0449693788782916
CP_WOPT,31,0.7,successful,10031,20031,30031,40031,503101,0.70004311087027,0.0100268540839478,0.0100268540839478,0.1,285.8647462,0.176899646147549,0.196292666033495,0.185130395423267
Petrels,31,0.7,successful,10031,20031,30031,40031,503102,0.70004311087027,0.0100268540839478,0.0100268540839478,0.1,217.1046849,0.112452536919999,0.145579631130346,0.133347128195943
Grasta,31,0.7,successful,10031,20031,30031,40031,40031,0.70004311087027,0.0100268540839478,0.0100268540839478,0.1,121.2040916,0.101335810489758,0.108061984042437,0.102644320035866
Grouse,31,0.7,successful,10031,20031,30031,40031,503104,0.70004311087027,0.0100268540839478,0.0100268540839478,0.1,117.9557851,0.999964590958979,0.999999386274766,0.999973317416235
TeCPSGD,31,0.7,successful,10031,20031,30031,40031,503105,0.70004311087027,0.0100268540839478,0.0100268540839478,0.1,116.8316927,0.174558575619054,0.176209985158507,0.171280631670175
OLSTEC_70,31,0.7,successful,10031,20031,30031,40031,503106,0.70004311087027,0.0100268540839478,0.0100268540839478,0.1,139.5099048,0.0694297528979766,0.0779605193748092,0.0726049101066047
OLSTEC_80,31,0.7,successful,10031,20031,30031,40031,503107,0.70004311087027,0.0100268540839478,0.0100268540839478,0.1,139.191639,0.0620038933178306,0.0717252556517652,0.0639199582295494
OLSTEC_90,31,0.7,successful,10031,20031,30031,40031,503108,0.70004311087027,0.0100268540839478,0.0100268540839478,0.1,139.3997041,0.0560379960900658,0.0705690097586176,0.0582185068051002
OLSTEC_99,31,0.7,successful,10031,20031,30031,40031,503109,0.70004311087027,0.0100268540839478,0.0100268540839478,0.1,139.333398,0.0613751111016633,0.0915130266717767,0.0658710202230217
RSI_OLSTEC,31,0.7,successful,10031,20031,30031,40031,503110,0.70004311087027,0.0100268540839478,0.0100268540839478,0.1,164.5942838,0.0441078043306338,0.0508846821992039,0.0449719550673655
CP_WOPT,32,0.7,successful,10032,20032,30032,40032,503201,0.70000069635767,0.0100359383862734,0.0100359383862734,0.1,284.5861715,0.17695414205676,0.197527813342898,0.185166741783917
Petrels,32,0.7,successful,10032,20032,30032,40032,503202,0.70000069635767,0.0100359383862734,0.0100359383862734,0.1,220.5550375,0.112285484524095,0.147211478394787,0.13052121282738
Grasta,32,0.7,successful,10032,20032,30032,40032,40032,0.70000069635767,0.0100359383862734,0.0100359383862734,0.1,127.1526211,0.101288955035459,0.10997931371605,0.102821897459449
Grouse,32,0.7,successful,10032,20032,30032,40032,503204,0.70000069635767,0.0100359383862734,0.0100359383862734,0.1,123.377393,0.999859725032165,0.999858286440197,0.999855930286639
TeCPSGD,32,0.7,successful,10032,20032,30032,40032,503205,0.70000069635767,0.0100359383862734,0.0100359383862734,0.1,123.921588,0.129449394271784,0.128258915122948,0.119699409022456
OLSTEC_70,32,0.7,successful,10032,20032,30032,40032,503206,0.70000069635767,0.0100359383862734,0.0100359383862734,0.1,147.2576271,0.0702133672945348,0.0812634414303288,0.0726148496933192
OLSTEC_80,32,0.7,successful,10032,20032,30032,40032,503207,0.70000069635767,0.0100359383862734,0.0100359383862734,0.1,146.7252407,0.0614133227122359,0.0712095510665369,0.0642520009860915
OLSTEC_90,32,0.7,successful,10032,20032,30032,40032,503208,0.70000069635767,0.0100359383862734,0.0100359383862734,0.1,146.3728761,0.0558630942176168,0.0698215662182232,0.0580071048742409
OLSTEC_99,32,0.7,successful,10032,20032,30032,40032,503209,0.70000069635767,0.0100359383862734,0.0100359383862734,0.1,147.0548347,0.0614132282365324,0.095269318295404,0.067740891438485
RSI_OLSTEC,32,0.7,successful,10032,20032,30032,40032,503210,0.70000069635767,0.0100359383862734,0.0100359383862734,0.1,176.1892127,0.0439919579044378,0.0509326937926694,0.0449445225804484
CP_WOPT,33,0.7,successful,10033,20033,30033,40033,503301,0.699998449021554,0.00998064125678632,0.00998064125678632,0.1,296.7543599,0.177086165846756,0.196429823461972,0.185088404205529
Petrels,33,0.7,successful,10033,20033,30033,40033,503302,0.699998449021554,0.00998064125678632,0.00998064125678632,0.1,225.0629356,0.112342748398531,0.150796096608931,0.133461851411786
Grasta,33,0.7,successful,10033,20033,30033,40033,40033,0.699998449021554,0.00998064125678632,0.00998064125678632,0.1,125.9670095,0.101235828078946,0.108403759147758,0.103108863147596
Grouse,33,0.7,successful,10033,20033,30033,40033,503304,0.699998449021554,0.00998064125678632,0.00998064125678632,0.1,122.5939963,0.999955490730691,0.999960826354181,0.999957029735455
TeCPSGD,33,0.7,successful,10033,20033,30033,40033,503305,0.699998449021554,0.00998064125678632,0.00998064125678632,0.1,122.2416891,0.138724635898963,0.128429622911971,0.119766696752952
OLSTEC_70,33,0.7,successful,10033,20033,30033,40033,503306,0.699998449021554,0.00998064125678632,0.00998064125678632,0.1,144.31096,0.0690842019480853,0.075340421287061,0.0726172928531234
OLSTEC_80,33,0.7,successful,10033,20033,30033,40033,503307,0.699998449021554,0.00998064125678632,0.00998064125678632,0.1,144.2327357,0.061578892620115,0.0714291759071046,0.0647445976056722
OLSTEC_90,33,0.7,successful,10033,20033,30033,40033,503308,0.699998449021554,0.00998064125678632,0.00998064125678632,0.1,144.3199602,0.0556904990979097,0.0701799450028967,0.0579813594351663
OLSTEC_99,33,0.7,successful,10033,20033,30033,40033,503309,0.699998449021554,0.00998064125678632,0.00998064125678632,0.1,144.6752399,0.0608894066003286,0.0976641918637162,0.0669988112889143
RSI_OLSTEC,33,0.7,successful,10033,20033,30033,40033,503310,0.699998449021554,0.00998064125678632,0.00998064125678632,0.1,171.5257338,0.044043017491823,0.0504659565594243,0.0449660659286227
CP_WOPT,34,0.7,successful,10034,20034,30034,40034,503401,0.699936093357508,0.00997583005834211,0.00997583005834211,0.1,292.5857093,0.177138580846201,0.198569926200091,0.185331026707327
Petrels,34,0.7,successful,10034,20034,30034,40034,503402,0.699936093357508,0.00997583005834211,0.00997583005834211,0.1,217.4535623,0.111907014334685,0.16581721476755,0.132027456918532
Grasta,34,0.7,successful,10034,20034,30034,40034,40034,0.699936093357508,0.00997583005834211,0.00997583005834211,0.1,121.4684446,0.101114899738196,0.110431649803872,0.102949858696452
Grouse,34,0.7,successful,10034,20034,30034,40034,503404,0.699936093357508,0.00997583005834211,0.00997583005834211,0.1,118.1905481,0.99989711130351,0.999885468313513,0.999908480643924
TeCPSGD,34,0.7,successful,10034,20034,30034,40034,503405,0.699936093357508,0.00997583005834211,0.00997583005834211,0.1,115.7557318,0.140758248583006,0.128519285650786,0.119729685114749
OLSTEC_70,34,0.7,successful,10034,20034,30034,40034,503406,0.699936093357508,0.00997583005834211,0.00997583005834211,0.1,136.2386583,0.0705450224667958,0.0805144576769641,0.0734358775734989
OLSTEC_80,34,0.7,successful,10034,20034,30034,40034,503407,0.699936093357508,0.00997583005834211,0.00997583005834211,0.1,136.4085882,0.06215678676185,0.0737892451552243,0.0644969772918132
OLSTEC_90,34,0.7,successful,10034,20034,30034,40034,503408,0.699936093357508,0.00997583005834211,0.00997583005834211,0.1,136.4881506,0.0567382881666536,0.0719420746346132,0.0586534765951565
OLSTEC_99,34,0.7,successful,10034,20034,30034,40034,503409,0.699936093357508,0.00997583005834211,0.00997583005834211,0.1,143.9752936,0.0612610795830032,0.0907858448732654,0.0673126134206654
RSI_OLSTEC,34,0.7,successful,10034,20034,30034,40034,503410,0.699936093357508,0.00997583005834211,0.00997583005834211,0.1,171.7046138,0.0438009016749168,0.0508716439316195,0.044953212336289
CP_WOPT,35,0.7,successful,10035,20035,30035,40035,503501,0.700104865134511,0.00999520146260433,0.00999520146260433,0.1,303.0400906,0.178295318711713,0.201048826851979,0.186717550420771
Petrels,35,0.7,successful,10035,20035,30035,40035,503502,0.700104865134511,0.00999520146260433,0.00999520146260433,0.1,216.5459336,0.112160213849367,0.180395332842812,0.131709424386572
Grasta,35,0.7,successful,10035,20035,30035,40035,40035,0.700104865134511,0.00999520146260433,0.00999520146260433,0.1,121.4390284,0.101217753651104,0.111279417807974,0.102894462333059
Grouse,35,0.7,successful,10035,20035,30035,40035,503504,0.700104865134511,0.00999520146260433,0.00999520146260433,0.1,118.0963182,0.999824790848567,0.999828077379101,0.999828696732462
TeCPSGD,35,0.7,successful,10035,20035,30035,40035,503505,0.700104865134511,0.00999520146260433,0.00999520146260433,0.1,115.4284343,0.125087549910115,0.128722107179712,0.119534621034126
OLSTEC_70,35,0.7,successful,10035,20035,30035,40035,503506,0.700104865134511,0.00999520146260433,0.00999520146260433,0.1,135.8227176,0.0700629284917375,0.0831266145998258,0.0726385977031951
OLSTEC_80,35,0.7,successful,10035,20035,30035,40035,503507,0.700104865134511,0.00999520146260433,0.00999520146260433,0.1,136.0843889,0.0622473064960498,0.0751559786963425,0.0640529971280472
OLSTEC_90,35,0.7,successful,10035,20035,30035,40035,503508,0.700104865134511,0.00999520146260433,0.00999520146260433,0.1,135.7672364,0.0561743460600637,0.0721836399987481,0.0583638903292415
OLSTEC_99,35,0.7,successful,10035,20035,30035,40035,503509,0.700104865134511,0.00999520146260433,0.00999520146260433,0.1,135.9249441,0.0615918126950824,0.094818206975177,0.067550809878814
RSI_OLSTEC,35,0.7,successful,10035,20035,30035,40035,503510,0.700104865134511,0.00999520146260433,0.00999520146260433,0.1,161.6445841,0.0440275650524599,0.0508143909095194,0.0449316180340902
CP_WOPT,36,0.7,successful,10036,20036,30036,40036,503601,0.700029247022121,0.0100197322441455,0.0100197322441455,0.1,300.9112275,0.177829206163303,0.198395228497966,0.186034333690511
Petrels,36,0.7,successful,10036,20036,30036,40036,503602,0.700029247022121,0.0100197322441455,0.0100197322441455,0.1,218.0495422,0.112376162612975,0.161147133888958,0.133998594246591
Grasta,36,0.7,successful,10036,20036,30036,40036,40036,0.700029247022121,0.0100197322441455,0.0100197322441455,0.1,121.4879684,0.101292040543696,0.108340447150892,0.103383454874443
Grouse,36,0.7,successful,10036,20036,30036,40036,503604,0.700029247022121,0.0100197322441455,0.0100197322441455,0.1,118.1609363,0.999908178092272,0.999914853799384,0.999923688100605
TeCPSGD,36,0.7,successful,10036,20036,30036,40036,503605,0.700029247022121,0.0100197322441455,0.0100197322441455,0.1,115.3668009,0.174288521057007,0.169208046166967,0.168797551397746
OLSTEC_70,36,0.7,successful,10036,20036,30036,40036,503606,0.700029247022121,0.0100197322441455,0.0100197322441455,0.1,135.7318984,0.0699050447866964,0.0755957314179131,0.0730821489579813
OLSTEC_80,36,0.7,successful,10036,20036,30036,40036,503607,0.700029247022121,0.0100197322441455,0.0100197322441455,0.1,135.5055122,0.0627421330084537,0.0709187093283022,0.0647701852638198
OLSTEC_90,36,0.7,successful,10036,20036,30036,40036,503608,0.700029247022121,0.0100197322441455,0.0100197322441455,0.1,135.5883826,0.0558746003356482,0.0698553932823077,0.058420269607135
OLSTEC_99,36,0.7,successful,10036,20036,30036,40036,503609,0.700029247022121,0.0100197322441455,0.0100197322441455,0.1,135.7473238,0.0612014660591932,0.096045974997472,0.0675102190842289
RSI_OLSTEC,36,0.7,successful,10036,20036,30036,40036,503610,0.700029247022121,0.0100197322441455,0.0100197322441455,0.1,163.5769599,0.0440090316409429,0.0507261248241332,0.0448626798467102
CP_WOPT,37,0.7,successful,10037,20037,30037,40037,503701,0.699993574517867,0.010032488250547,0.010032488250547,0.1,297.9142162,0.176931691355616,0.197855040904806,0.185036049602381
Petrels,37,0.7,successful,10037,20037,30037,40037,503702,0.699993574517867,0.010032488250547,0.010032488250547,0.1,224.3431053,0.112327919726962,0.14390274797782,0.131635085100205
Grasta,37,0.7,successful,10037,20037,30037,40037,40037,0.699993574517867,0.010032488250547,0.010032488250547,0.1,125.840812,0.101220097802298,0.109679212391481,0.103023803036158
Grouse,37,0.7,successful,10037,20037,30037,40037,503704,0.699993574517867,0.010032488250547,0.010032488250547,0.1,122.4709801,0.999858744753944,0.999912208099344,0.999877261115583
TeCPSGD,37,0.7,successful,10037,20037,30037,40037,503705,0.699993574517867,0.010032488250547,0.010032488250547,0.1,122.5336779,0.133997664677563,0.128753523229614,0.119756586119791
OLSTEC_70,37,0.7,successful,10037,20037,30037,40037,503706,0.699993574517867,0.010032488250547,0.010032488250547,0.1,144.5884176,0.0695068183842342,0.085392762179833,0.0733398521749665
OLSTEC_80,37,0.7,successful,10037,20037,30037,40037,503707,0.699993574517867,0.010032488250547,0.010032488250547,0.1,144.257776,0.0622754896145253,0.0752092690390769,0.0645401333668581
OLSTEC_90,37,0.7,successful,10037,20037,30037,40037,503708,0.699993574517867,0.010032488250547,0.010032488250547,0.1,145.3774619,0.0559015774977247,0.0714506812752318,0.0579366774179978
OLSTEC_99,37,0.7,successful,10037,20037,30037,40037,503709,0.699993574517867,0.010032488250547,0.010032488250547,0.1,142.526772,0.0610616439352225,0.0974860001259237,0.0683445796450564
RSI_OLSTEC,37,0.7,successful,10037,20037,30037,40037,503710,0.699993574517867,0.010032488250547,0.010032488250547,0.1,164.3489928,0.0440605855757373,0.0509923280450778,0.0448843112380424
CP_WOPT,38,0.7,successful,10038,20038,30038,40038,503801,0.700107618912568,0.00999732218823434,0.00999732218823434,0.1,297.0219477,0.177051424355259,0.1997305028267,0.185165539542847
Petrels,38,0.7,successful,10038,20038,30038,40038,503802,0.700107618912568,0.00999732218823434,0.00999732218823434,0.1,224.0878799,0.112199514554825,0.167740511836305,0.131374933307529
Grasta,38,0.7,successful,10038,20038,30038,40038,40038,0.700107618912568,0.00999732218823434,0.00999732218823434,0.1,125.9227424,0.101227095910387,0.110744283134242,0.102455081825281
Grouse,38,0.7,successful,10038,20038,30038,40038,503804,0.700107618912568,0.00999732218823434,0.00999732218823434,0.1,122.6282446,0.999944575858816,0.999930594038493,0.999946199810598
TeCPSGD,38,0.7,successful,10038,20038,30038,40038,503805,0.700107618912568,0.00999732218823434,0.00999732218823434,0.1,122.8984028,0.129898219328062,0.121593200279788,0.109993329920808
OLSTEC_70,38,0.7,successful,10038,20038,30038,40038,503806,0.700107618912568,0.00999732218823434,0.00999732218823434,0.1,145.1494768,0.0701283567141863,0.079958191926217,0.0728558798993811
OLSTEC_80,38,0.7,successful,10038,20038,30038,40038,503807,0.700107618912568,0.00999732218823434,0.00999732218823434,0.1,144.6733541,0.0619223746410032,0.073788443231559,0.0644243227068009
OLSTEC_90,38,0.7,successful,10038,20038,30038,40038,503808,0.700107618912568,0.00999732218823434,0.00999732218823434,0.1,144.4733638,0.0561588950454541,0.0713859655778073,0.0582953756719687
OLSTEC_99,38,0.7,successful,10038,20038,30038,40038,503809,0.700107618912568,0.00999732218823434,0.00999732218823434,0.1,144.2279622,0.0615661834313708,0.0955661701938758,0.0667578620601991
RSI_OLSTEC,38,0.7,successful,10038,20038,30038,40038,503810,0.700107618912568,0.00999732218823434,0.00999732218823434,0.1,171.6135458,0.0439877796024358,0.0506518201925229,0.0449096582405386
CP_WOPT,39,0.7,successful,10039,20039,30039,40039,503901,0.699924730066445,0.0100159339295843,0.0100159339295843,0.1,303.5361401,0.177408432019676,0.197389610905659,0.185392408137373
Petrels,39,0.7,successful,10039,20039,30039,40039,503902,0.699924730066445,0.0100159339295843,0.0100159339295843,0.1,221.4582593,0.112310697387991,0.166010530560392,0.132070235032443
Grasta,39,0.7,successful,10039,20039,30039,40039,40039,0.699924730066445,0.0100159339295843,0.0100159339295843,0.1,125.9835208,0.101208301526137,0.109827193762428,0.102559621321365
Grouse,39,0.7,successful,10039,20039,30039,40039,503904,0.699924730066445,0.0100159339295843,0.0100159339295843,0.1,122.8145282,0.999886928204603,0.999835907177874,0.999873441811695
TeCPSGD,39,0.7,successful,10039,20039,30039,40039,503905,0.699924730066445,0.0100159339295843,0.0100159339295843,0.1,124.1734693,0.13768233275305,0.125013819323145,0.116709782753996
OLSTEC_70,39,0.7,successful,10039,20039,30039,40039,503906,0.699924730066445,0.0100159339295843,0.0100159339295843,0.1,148.6667251,0.0702613281453646,0.0817754249077463,0.07255936235546
OLSTEC_80,39,0.7,successful,10039,20039,30039,40039,503907,0.699924730066445,0.0100159339295843,0.0100159339295843,0.1,147.7655702,0.0625778136017956,0.0730027005329284,0.064400260538033
OLSTEC_90,39,0.7,successful,10039,20039,30039,40039,503908,0.699924730066445,0.0100159339295843,0.0100159339295843,0.1,146.7773694,0.0561448697605634,0.070395813726571,0.0578085596139873
OLSTEC_99,39,0.7,successful,10039,20039,30039,40039,503909,0.699924730066445,0.0100159339295843,0.0100159339295843,0.1,147.9717376,0.0614434666754491,0.0940191629080092,0.0670688751980649
RSI_OLSTEC,39,0.7,successful,10039,20039,30039,40039,503910,0.699924730066445,0.0100159339295843,0.0100159339295843,0.1,176.4712291,0.0439046802836709,0.0508239740475961,0.0448555624272188
CP_WOPT,40,0.7,successful,10040,20040,30040,40040,504001,0.700055771918807,0.0100077359006563,0.0100077359006563,0.1,317.5507613,0.182080481469373,0.201457329319381,0.190029773587961
Petrels,40,0.7,successful,10040,20040,30040,40040,504002,0.700055771918807,0.0100077359006563,0.0100077359006563,0.1,217.0347147,0.112466411594241,0.17788577126731,0.133440394188862
Grasta,40,0.7,successful,10040,20040,30040,40040,40040,0.700055771918807,0.0100077359006563,0.0100077359006563,0.1,126.3964463,0.101309808477205,0.10963796200397,0.102532188138839
Grouse,40,0.7,successful,10040,20040,30040,40040,504004,0.700055771918807,0.0100077359006563,0.0100077359006563,0.1,122.9426641,0.999915781549967,0.999925746969112,0.999919072545368
TeCPSGD,40,0.7,successful,10040,20040,30040,40040,504005,0.700055771918807,0.0100077359006563,0.0100077359006563,0.1,122.4410798,0.127599708134419,0.117176316933348,0.107719777756502
OLSTEC_70,40,0.7,successful,10040,20040,30040,40040,504006,0.700055771918807,0.0100077359006563,0.0100077359006563,0.1,146.2567234,0.0707083340892541,0.0792527881571109,0.0732151202110253
OLSTEC_80,40,0.7,successful,10040,20040,30040,40040,504007,0.700055771918807,0.0100077359006563,0.0100077359006563,0.1,145.6326244,0.0625890199388208,0.0746529251952976,0.0646260600806181
OLSTEC_90,40,0.7,successful,10040,20040,30040,40040,504008,0.700055771918807,0.0100077359006563,0.0100077359006563,0.1,145.9505235,0.0560476109324635,0.0710994861444658,0.0578409060954
OLSTEC_99,40,0.7,successful,10040,20040,30040,40040,504009,0.700055771918807,0.0100077359006563,0.0100077359006563,0.1,146.078903,0.0612428210723646,0.0984556784317483,0.0679036012886207
RSI_OLSTEC,40,0.7,successful,10040,20040,30040,40040,504010,0.700055771918807,0.0100077359006563,0.0100077359006563,0.1,173.4996588,0.0439347288755196,0.0510002722526121,0.0449831690877126
CP_WOPT,41,0.7,successful,10041,20041,30041,40041,504101,0.700050929067742,0.0100115025625962,0.0100115025625962,0.1,318.2520842,0.178950082790127,0.197102749629961,0.187235085181557
Petrels,41,0.7,successful,10041,20041,30041,40041,504102,0.700050929067742,0.0100115025625962,0.0100115025625962,0.1,224.0770636,0.112097397648063,0.147008615194448,0.131755142213404
Grasta,41,0.7,successful,10041,20041,30041,40041,40041,0.700050929067742,0.0100115025625962,0.0100115025625962,0.1,125.7839472,0.101112793376743,0.108808159062715,0.102598216755844
Grouse,41,0.7,successful,10041,20041,30041,40041,504104,0.700050929067742,0.0100115025625962,0.0100115025625962,0.1,123.0848513,0.999799323673629,0.999801484911286,0.999794669289657
TeCPSGD,41,0.7,successful,10041,20041,30041,40041,504105,0.700050929067742,0.0100115025625962,0.0100115025625962,0.1,122.8581355,0.138580625856371,0.128138620117264,0.119643577637351
OLSTEC_70,41,0.7,successful,10041,20041,30041,40041,504106,0.700050929067742,0.0100115025625962,0.0100115025625962,0.1,146.3717184,0.0697850584389619,0.073750319299641,0.072465006868962
OLSTEC_80,41,0.7,successful,10041,20041,30041,40041,504107,0.700050929067742,0.0100115025625962,0.0100115025625962,0.1,145.5161144,0.0620070887381875,0.0715094377200796,0.0644693942940378
OLSTEC_90,41,0.7,successful,10041,20041,30041,40041,504108,0.700050929067742,0.0100115025625962,0.0100115025625962,0.1,145.0955758,0.0561326133598198,0.0704865070420381,0.0582568052985601
OLSTEC_99,41,0.7,successful,10041,20041,30041,40041,504109,0.700050929067742,0.0100115025625962,0.0100115025625962,0.1,145.8716974,0.0614606259407288,0.0963456563306107,0.0676618944936068
RSI_OLSTEC,41,0.7,successful,10041,20041,30041,40041,504110,0.700050929067742,0.0100115025625962,0.0100115025625962,0.1,172.9257755,0.0439970096446251,0.0504129663570454,0.044869780367122
CP_WOPT,42,0.7,successful,10042,20042,30042,40042,504201,0.699857499898712,0.0100148260878373,0.0100148260878373,0.1,305.5006746,0.17785984819969,0.198981656813057,0.185997572894201
Petrels,42,0.7,successful,10042,20042,30042,40042,504202,0.699857499898712,0.0100148260878373,0.0100148260878373,0.1,216.9257433,0.112349790829718,0.160749357422014,0.131717746356786
Grasta,42,0.7,successful,10042,20042,30042,40042,40042,0.699857499898712,0.0100148260878373,0.0100148260878373,0.1,121.4085318,0.101194901507028,0.10944545640636,0.102389630097593
Grouse,42,0.7,successful,10042,20042,30042,40042,504204,0.699857499898712,0.0100148260878373,0.0100148260878373,0.1,117.8999863,0.999971010440227,1.00001374512658,0.999970696551434
TeCPSGD,42,0.7,successful,10042,20042,30042,40042,504205,0.699857499898712,0.0100148260878373,0.0100148260878373,0.1,116.5700736,0.140345126424558,0.128504357045861,0.119682497854999
OLSTEC_70,42,0.7,successful,10042,20042,30042,40042,504206,0.699857499898712,0.0100148260878373,0.0100148260878373,0.1,138.96947,0.0698007312018059,0.0829161325754777,0.0723000520436787
OLSTEC_80,42,0.7,successful,10042,20042,30042,40042,504207,0.699857499898712,0.0100148260878373,0.0100148260878373,0.1,139.1287078,0.0624845851960463,0.0718942351246115,0.0637479031868399
OLSTEC_90,42,0.7,successful,10042,20042,30042,40042,504208,0.699857499898712,0.0100148260878373,0.0100148260878373,0.1,138.7362081,0.0564068140333853,0.0715254881188118,0.0582020573278084
OLSTEC_99,42,0.7,successful,10042,20042,30042,40042,504209,0.699857499898712,0.0100148260878373,0.0100148260878373,0.1,138.5907811,0.0612957036886207,0.095999357020719,0.0676882244410365
RSI_OLSTEC,42,0.7,successful,10042,20042,30042,40042,504210,0.699857499898712,0.0100148260878373,0.0100148260878373,0.1,163.7547929,0.0439864281346977,0.0507977646423175,0.0448952495144423
CP_WOPT,43,0.7,successful,10043,20043,30043,40043,504301,0.699892919181995,0.0100447694676282,0.0100447694676282,0.1,296.1506461,0.177144990916282,0.197576547818796,0.185211363029178
Petrels,43,0.7,successful,10043,20043,30043,40043,504302,0.699892919181995,0.0100447694676282,0.0100447694676282,0.1,221.338343,0.112352943377937,0.144303715709937,0.13213262732161
Grasta,43,0.7,successful,10043,20043,30043,40043,40043,0.699892919181995,0.0100447694676282,0.0100447694676282,0.1,126.8434051,0.10128960062627,0.108612033454306,0.102693223180948
Grouse,43,0.7,successful,10043,20043,30043,40043,504304,0.699892919181995,0.0100447694676282,0.0100447694676282,0.1,123.1975922,0.999950339743071,0.999902614524473,0.999944790001214
TeCPSGD,43,0.7,successful,10043,20043,30043,40043,504305,0.699892919181995,0.0100447694676282,0.0100447694676282,0.1,123.5614123,0.130842621218481,0.128328644447075,0.119659788548283
OLSTEC_70,43,0.7,successful,10043,20043,30043,40043,504306,0.699892919181995,0.0100447694676282,0.0100447694676282,0.1,147.1649476,0.0697456873832767,0.0815623914584182,0.0730126783389377
OLSTEC_80,43,0.7,successful,10043,20043,30043,40043,504307,0.699892919181995,0.0100447694676282,0.0100447694676282,0.1,146.3087279,0.0614364056581437,0.071477913651966,0.0648562458337723
OLSTEC_90,43,0.7,successful,10043,20043,30043,40043,504308,0.699892919181995,0.0100447694676282,0.0100447694676282,0.1,147.0623368,0.0561292585107335,0.0716644912022183,0.0584522011063328
OLSTEC_99,43,0.7,successful,10043,20043,30043,40043,504309,0.699892919181995,0.0100447694676282,0.0100447694676282,0.1,147.2259598,0.0610263341851111,0.0930937755218461,0.0670544119232183
RSI_OLSTEC,43,0.7,successful,10043,20043,30043,40043,504310,0.699892919181995,0.0100447694676282,0.0100447694676282,0.1,174.8041706,0.0440511628720708,0.0508028565300572,0.0448989924690482
CP_WOPT,44,0.7,successful,10044,20044,30044,40044,504401,0.699901655305486,0.00999852498784539,0.00999852498784539,0.1,311.5529236,0.178205963210626,0.199238962891217,0.186347090423285
Petrels,44,0.7,successful,10044,20044,30044,40044,504402,0.699901655305486,0.00999852498784539,0.00999852498784539,0.1,219.2033867,0.112077298078392,0.153522112926607,0.132371267415007
Grasta,44,0.7,successful,10044,20044,30044,40044,40044,0.699901655305486,0.00999852498784539,0.00999852498784539,0.1,126.1884423,0.101297847892719,0.110778279210666,0.10329757260763
Grouse,44,0.7,successful,10044,20044,30044,40044,504404,0.699901655305486,0.00999852498784539,0.00999852498784539,0.1,123.1197848,0.999936806875602,0.999939865271266,0.999944519101234
TeCPSGD,44,0.7,successful,10044,20044,30044,40044,504405,0.699901655305486,0.00999852498784539,0.00999852498784539,0.1,123.6671664,0.141657394186337,0.128591359790657,0.119744669349279
OLSTEC_70,44,0.7,successful,10044,20044,30044,40044,504406,0.699901655305486,0.00999852498784539,0.00999852498784539,0.1,148.3109635,0.0695756322775976,0.0828064979991946,0.073426586867114
OLSTEC_80,44,0.7,successful,10044,20044,30044,40044,504407,0.699901655305486,0.00999852498784539,0.00999852498784539,0.1,147.5832655,0.0620042360962156,0.075529322259752,0.0645739254485926
OLSTEC_90,44,0.7,successful,10044,20044,30044,40044,504408,0.699901655305486,0.00999852498784539,0.00999852498784539,0.1,147.8609254,0.0562288322050962,0.0725811592500212,0.0585436016103858
OLSTEC_99,44,0.7,successful,10044,20044,30044,40044,504409,0.699901655305486,0.00999852498784539,0.00999852498784539,0.1,147.1210841,0.061520293010795,0.094985888477316,0.0679803911861835
RSI_OLSTEC,44,0.7,successful,10044,20044,30044,40044,504410,0.699901655305486,0.00999852498784539,0.00999852498784539,0.1,174.2460648,0.0439783449753677,0.0515120499777179,0.0450155288610645
CP_WOPT,45,0.7,successful,10045,20045,30045,40045,504501,0.699974867818653,0.0100073560692002,0.0100073560692002,0.1,307.3691674,0.178484264386004,0.199695058466103,0.186527844192377
Petrels,45,0.7,successful,10045,20045,30045,40045,504502,0.699974867818653,0.0100073560692002,0.0100073560692002,0.1,222.9722961,0.112452094507783,0.156926055770756,0.132514231480468
Grasta,45,0.7,successful,10045,20045,30045,40045,40045,0.699974867818653,0.0100073560692002,0.0100073560692002,0.1,127.0775514,0.10126788919178,0.108766061778935,0.103017954691722
Grouse,45,0.7,successful,10045,20045,30045,40045,504504,0.699974867818653,0.0100073560692002,0.0100073560692002,0.1,123.1910928,0.999936464342721,0.99991203855823,0.999940866410815
TeCPSGD,45,0.7,successful,10045,20045,30045,40045,504505,0.699974867818653,0.0100073560692002,0.0100073560692002,0.1,123.3528597,0.143157102752887,0.128185523169221,0.119710025208296
OLSTEC_70,45,0.7,successful,10045,20045,30045,40045,504506,0.699974867818653,0.0100073560692002,0.0100073560692002,0.1,146.7422761,0.0700175917150033,0.0843512486013128,0.0733430552270793
OLSTEC_80,45,0.7,successful,10045,20045,30045,40045,504507,0.699974867818653,0.0100073560692002,0.0100073560692002,0.1,146.5687091,0.0622772096702208,0.0728643366321121,0.0644237882152927
OLSTEC_90,45,0.7,successful,10045,20045,30045,40045,504508,0.699974867818653,0.0100073560692002,0.0100073560692002,0.1,145.7121061,0.0560996933449351,0.0721795917062224,0.0586374923568808
OLSTEC_99,45,0.7,successful,10045,20045,30045,40045,504509,0.699974867818653,0.0100073560692002,0.0100073560692002,0.1,146.6563238,0.0614881968090766,0.0992418749574953,0.0684858376048092
RSI_OLSTEC,45,0.7,successful,10045,20045,30045,40045,504510,0.699974867818653,0.0100073560692002,0.0100073560692002,0.1,175.5872045,0.0440162981751884,0.0506837717746089,0.0449755979671477
CP_WOPT,46,0.7,successful,10046,20046,30046,40046,504601,0.700063495158415,0.0100052669961916,0.0100052669961916,0.1,300.036606,0.178325153842654,0.201888695468486,0.186866627743022
Petrels,46,0.7,successful,10046,20046,30046,40046,504602,0.700063495158415,0.0100052669961916,0.0100052669961916,0.1,219.5431197,0.11255366671542,0.155852409706212,0.131934704770901
Grasta,46,0.7,successful,10046,20046,30046,40046,40046,0.700063495158415,0.0100052669961916,0.0100052669961916,0.1,126.0630124,0.101231700377574,0.10801210385298,0.102725388965657
Grouse,46,0.7,successful,10046,20046,30046,40046,504604,0.700063495158415,0.0100052669961916,0.0100052669961916,0.1,122.6274635,0.999871133199958,0.999829805593564,0.999851615331805
TeCPSGD,46,0.7,successful,10046,20046,30046,40046,504605,0.700063495158415,0.0100052669961916,0.0100052669961916,0.1,123.4276296,0.139610827893039,0.12837020458574,0.119746244549826
OLSTEC_70,46,0.7,successful,10046,20046,30046,40046,504606,0.700063495158415,0.0100052669961916,0.0100052669961916,0.1,146.5532639,0.07002284496736,0.0787361669377296,0.0730184751875368
OLSTEC_80,46,0.7,successful,10046,20046,30046,40046,504607,0.700063495158415,0.0100052669961916,0.0100052669961916,0.1,146.6342815,0.0622358922979466,0.0740620711341679,0.0643519216711477
OLSTEC_90,46,0.7,successful,10046,20046,30046,40046,504608,0.700063495158415,0.0100052669961916,0.0100052669961916,0.1,146.3553097,0.056145309856719,0.071559317817589,0.058205217875129
OLSTEC_99,46,0.7,successful,10046,20046,30046,40046,504609,0.700063495158415,0.0100052669961916,0.0100052669961916,0.1,146.0148351,0.0607419841164714,0.087781618174996,0.0667653771391357
RSI_OLSTEC,46,0.7,successful,10046,20046,30046,40046,504610,0.700063495158415,0.0100052669961916,0.0100052669961916,0.1,173.3556663,0.0439977454970933,0.0507977288715747,0.0449874694329171
CP_WOPT,47,0.7,successful,10047,20047,30047,40047,504701,0.699901845221214,0.00997481717445912,0.00997481717445912,0.1,305.2236238,0.178025046238374,0.198612417917442,0.186116507071028
Petrels,47,0.7,successful,10047,20047,30047,40047,504702,0.699901845221214,0.00997481717445912,0.00997481717445912,0.1,217.4728656,0.111893449766191,0.163930740135014,0.132235150689549
Grasta,47,0.7,successful,10047,20047,30047,40047,40047,0.699901845221214,0.00997481717445912,0.00997481717445912,0.1,121.558934,0.10106507642968,0.109531966147444,0.102400435957104
Grouse,47,0.7,successful,10047,20047,30047,40047,504704,0.699901845221214,0.00997481717445912,0.00997481717445912,0.1,118.2128196,0.999953820909385,0.999927987620727,0.999947975825385
TeCPSGD,47,0.7,successful,10047,20047,30047,40047,504705,0.699901845221214,0.00997481717445912,0.00997481717445912,0.1,116.5981108,0.143653814025923,0.128398473403617,0.119702505404134
OLSTEC_70,47,0.7,successful,10047,20047,30047,40047,504706,0.699901845221214,0.00997481717445912,0.00997481717445912,0.1,137.9814252,0.0699751462850482,0.0815428818359613,0.0723856252042292
OLSTEC_80,47,0.7,successful,10047,20047,30047,40047,504707,0.699901845221214,0.00997481717445912,0.00997481717445912,0.1,138.0864773,0.0620393251623652,0.0738275972408367,0.0641851281939403
OLSTEC_90,47,0.7,successful,10047,20047,30047,40047,504708,0.699901845221214,0.00997481717445912,0.00997481717445912,0.1,138.0695776,0.0562127500759478,0.0713277234552481,0.05797811368524
OLSTEC_99,47,0.7,successful,10047,20047,30047,40047,504709,0.699901845221214,0.00997481717445912,0.00997481717445912,0.1,138.692711,0.0614081147663472,0.0963242201752135,0.0677993847340057
RSI_OLSTEC,47,0.7,successful,10047,20047,30047,40047,504710,0.699901845221214,0.00997481717445912,0.00997481717445912,0.1,164.1423057,0.0440032272458017,0.0506170137969748,0.0448921126455132
CP_WOPT,48,0.7,successful,10048,20048,30048,40048,504801,0.699999271989709,0.00994392421602787,0.00994392421602787,0.1,290.3674077,0.176951506826207,0.196741707667988,0.185027669103352
Petrels,48,0.7,successful,10048,20048,30048,40048,504802,0.699999271989709,0.00994392421602787,0.00994392421602787,0.1,222.6036148,0.11186620714489,0.146603944910194,0.131033294059834
Grasta,48,0.7,successful,10048,20048,30048,40048,40048,0.699999271989709,0.00994392421602787,0.00994392421602787,0.1,121.1946474,0.101097405893188,0.108108217689994,0.102255441201377
Grouse,48,0.7,successful,10048,20048,30048,40048,504804,0.699999271989709,0.00994392421602787,0.00994392421602787,0.1,117.8455653,1.00001989296848,1.00003755712503,1.00003251326692
TeCPSGD,48,0.7,successful,10048,20048,30048,40048,504805,0.699999271989709,0.00994392421602787,0.00994392421602787,0.1,114.772571,0.13359431001923,0.12845434574234,0.119613942702858
OLSTEC_70,48,0.7,successful,10048,20048,30048,40048,504806,0.699999271989709,0.00994392421602787,0.00994392421602787,0.1,136.0082562,0.0698750497542021,0.0788793556867691,0.0727320821830078
OLSTEC_80,48,0.7,successful,10048,20048,30048,40048,504807,0.699999271989709,0.00994392421602787,0.00994392421602787,0.1,136.3235749,0.0628194281719723,0.0729620270664557,0.0640272612016967
OLSTEC_90,48,0.7,successful,10048,20048,30048,40048,504808,0.699999271989709,0.00994392421602787,0.00994392421602787,0.1,135.64426,0.0562627406445746,0.0699574774824313,0.0578335030629705
OLSTEC_99,48,0.7,successful,10048,20048,30048,40048,504809,0.699999271989709,0.00994392421602787,0.00994392421602787,0.1,136.1306215,0.0614330694985645,0.0957298457768085,0.0669795709613753
RSI_OLSTEC,48,0.7,successful,10048,20048,30048,40048,504810,0.699999271989709,0.00994392421602787,0.00994392421602787,0.1,162.011515,0.0439506494572183,0.0509538994450007,0.0448265887821059
CP_WOPT,49,0.7,successful,10049,20049,30049,40049,504901,0.700018706699214,0.0100194473705534,0.0100194473705534,0.1,294.8377098,0.17691585858405,0.196646166196024,0.185014032033427
Petrels,49,0.7,successful,10049,20049,30049,40049,504902,0.700018706699214,0.0100194473705534,0.0100194473705534,0.1,224.1242672,0.112425593086775,0.167275011152669,0.132529650528295
Grasta,49,0.7,successful,10049,20049,30049,40049,40049,0.700018706699214,0.0100194473705534,0.0100194473705534,0.1,126.091778,0.101260801521789,0.107875825399466,0.102849122291782
Grouse,49,0.7,successful,10049,20049,30049,40049,504904,0.700018706699214,0.0100194473705534,0.0100194473705534,0.1,122.5589161,0.9999724698728,0.999977314824892,0.999972289411173
TeCPSGD,49,0.7,successful,10049,20049,30049,40049,504905,0.700018706699214,0.0100194473705534,0.0100194473705534,0.1,121.8525425,0.174597272209214,0.176425793140621,0.171293195891391
OLSTEC_70,49,0.7,successful,10049,20049,30049,40049,504906,0.700018706699214,0.0100194473705534,0.0100194473705534,0.1,144.8873358,0.0709444616884977,0.0801842312153485,0.0732244044200199
OLSTEC_80,49,0.7,successful,10049,20049,30049,40049,504907,0.700018706699214,0.0100194473705534,0.0100194473705534,0.1,144.1146475,0.0620162444398191,0.0723591633997531,0.0642173547189158
OLSTEC_90,49,0.7,successful,10049,20049,30049,40049,504908,0.700018706699214,0.0100194473705534,0.0100194473705534,0.1,144.448287,0.0562581641180524,0.0696424532337226,0.0578671464048195
OLSTEC_99,49,0.7,successful,10049,20049,30049,40049,504909,0.700018706699214,0.0100194473705534,0.0100194473705534,0.1,143.890963,0.0610344767339116,0.0904939600545032,0.0670724639058423
RSI_OLSTEC,49,0.7,successful,10049,20049,30049,40049,504910,0.700018706699214,0.0100194473705534,0.0100194473705534,0.1,170.9554512,0.0439790272075599,0.0505605948709295,0.044923606565656
CP_WOPT,50,0.7,successful,10050,20050,30050,40050,505001,0.699968315726035,0.0100006457134754,0.0100006457134754,0.1,299.3744745,0.177044883543715,0.196206161593296,0.185042094373824
Petrels,50,0.7,successful,10050,20050,30050,40050,505002,0.699968315726035,0.0100006457134754,0.0100006457134754,0.1,223.7679247,0.112174702742711,0.158312910809959,0.133103994819832
Grasta,50,0.7,successful,10050,20050,30050,40050,40050,0.699968315726035,0.0100006457134754,0.0100006457134754,0.1,125.7451817,0.10117712416582,0.109284823222652,0.103218806756428
Grouse,50,0.7,successful,10050,20050,30050,40050,505004,0.699968315726035,0.0100006457134754,0.0100006457134754,0.1,122.6608027,0.999938168242593,0.999937881773371,0.999945498053749
TeCPSGD,50,0.7,successful,10050,20050,30050,40050,505005,0.699968315726035,0.0100006457134754,0.0100006457134754,0.1,121.5088318,0.128820186645637,0.122186886058936,0.111961718575413
OLSTEC_70,50,0.7,successful,10050,20050,30050,40050,505006,0.699968315726035,0.0100006457134754,0.0100006457134754,0.1,144.0758262,0.0690783819074587,0.0740303123372986,0.072923720755379
OLSTEC_80,50,0.7,successful,10050,20050,30050,40050,505007,0.699968315726035,0.0100006457134754,0.0100006457134754,0.1,144.3378902,0.0614564991654947,0.0712653312455618,0.0641828890085297
OLSTEC_90,50,0.7,successful,10050,20050,30050,40050,505008,0.699968315726035,0.0100006457134754,0.0100006457134754,0.1,144.609146,0.0560346384857217,0.0703537009969132,0.0583945172594131
OLSTEC_99,50,0.7,successful,10050,20050,30050,40050,505009,0.699968315726035,0.0100006457134754,0.0100006457134754,0.1,143.8570018,0.0612482927051303,0.096003207468815,0.0672020499462601
RSI_OLSTEC,50,0.7,successful,10050,20050,30050,40050,505010,0.699968315726035,0.0100006457134754,0.0100006457134754,0.1,173.1335979,0.0439638283892796,0.0507429341271164,0.0448638721829581
CP_WOPT,1,0.5,successful,10001,20001,30001,40001,500101,0.500047953721335,0.0100093501843449,0.0100093501843449,0.1,276.7784291,0.176848209743049,0.197660084706569,0.184975869418252
Petrels,1,0.5,successful,10001,20001,30001,40001,500102,0.500047953721335,0.0100093501843449,0.0100093501843449,0.1,206.9170019,0.116766447696175,0.17018420089579,0.137034260314647
Grasta,1,0.5,successful,10001,20001,30001,40001,40001,0.500047953721335,0.0100093501843449,0.0100093501843449,0.1,151.9730906,0.111349397292624,0.120467815230894,0.112652788675379
Grouse,1,0.5,successful,10001,20001,30001,40001,500104,0.500047953721335,0.0100093501843449,0.0100093501843449,0.1,139.359184,0.999881337386759,0.999877102378448,0.999886172469741
TeCPSGD,1,0.5,successful,10001,20001,30001,40001,500105,0.500047953721335,0.0100093501843449,0.0100093501843449,0.1,138.7683279,0.165419282155986,0.130710710623563,0.121753765546936
OLSTEC_70,1,0.5,successful,10001,20001,30001,40001,500106,0.500047953721335,0.0100093501843449,0.0100093501843449,0.1,148.9281121,0.0796887305319448,0.0947465970901672,0.0832976834674834
OLSTEC_80,1,0.5,successful,10001,20001,30001,40001,500107,0.500047953721335,0.0100093501843449,0.0100093501843449,0.1,147.1811523,0.0705339564014202,0.0783336354053548,0.0734224948530346
OLSTEC_90,1,0.5,successful,10001,20001,30001,40001,500108,0.500047953721335,0.0100093501843449,0.0100093501843449,0.1,146.2127782,0.0592393030419818,0.0745367596540924,0.0609055078641098
OLSTEC_99,1,0.5,successful,10001,20001,30001,40001,500109,0.500047953721335,0.0100093501843449,0.0100093501843449,0.1,145.2327603,0.0617925945624585,0.093839263054466,0.0668835188445902
RSI_OLSTEC,1,0.5,successful,10001,20001,30001,40001,500110,0.500047953721335,0.0100093501843449,0.0100093501843449,0.1,163.6834418,0.0443723261954454,0.0510811024232788,0.0453666404032651
CP_WOPT,2,0.5,successful,10002,20002,30002,40002,500201,0.50012911104246,0.0100109961206547,0.0100109961206547,0.1,256.0789602,0.176629810712454,0.194245691931109,0.184508103554665
Petrels,2,0.5,successful,10002,20002,30002,40002,500202,0.50012911104246,0.0100109961206547,0.0100109961206547,0.1,188.0113585,0.116689492059221,0.157784159285069,0.136980772136238
Grasta,2,0.5,successful,10002,20002,30002,40002,40002,0.50012911104246,0.0100109961206547,0.0100109961206547,0.1,119.8068583,0.111175871403535,0.118366703673419,0.112698841423849
Grouse,2,0.5,successful,10002,20002,30002,40002,500204,0.50012911104246,0.0100109961206547,0.0100109961206547,0.1,116.2771417,0.9998547297385,0.999953715735406,0.999849534875349
TeCPSGD,2,0.5,successful,10002,20002,30002,40002,500205,0.50012911104246,0.0100109961206547,0.0100109961206547,0.1,116.1118667,0.142606618978387,0.130031085130728,0.120573221926423
OLSTEC_70,2,0.5,successful,10002,20002,30002,40002,500206,0.50012911104246,0.0100109961206547,0.0100109961206547,0.1,135.3951838,0.0796530851874204,0.0853557251811916,0.0828582555918919
OLSTEC_80,2,0.5,successful,10002,20002,30002,40002,500207,0.50012911104246,0.0100109961206547,0.0100109961206547,0.1,135.3008428,0.0703699278038631,0.0774694465187847,0.072608420310999
OLSTEC_90,2,0.5,successful,10002,20002,30002,40002,500208,0.50012911104246,0.0100109961206547,0.0100109961206547,0.1,135.2515367,0.0595736791734681,0.0752013651955136,0.061395671395322
OLSTEC_99,2,0.5,successful,10002,20002,30002,40002,500209,0.50012911104246,0.0100109961206547,0.0100109961206547,0.1,135.165647,0.0620659333517285,0.0932716663742682,0.0675200111809783
RSI_OLSTEC,2,0.5,successful,10002,20002,30002,40002,500210,0.50012911104246,0.0100109961206547,0.0100109961206547,0.1,151.8132865,0.0445603052846624,0.0515376765917492,0.0454266762386856
CP_WOPT,3,0.5,successful,10003,20003,30003,40003,500301,0.499986009541366,0.00999156141114983,0.00999156141114983,0.1,269.1443156,0.176731891535172,0.197736687682714,0.184590768920228
Petrels,3,0.5,successful,10003,20003,30003,40003,500302,0.499986009541366,0.00999156141114983,0.00999156141114983,0.1,194.0099648,0.116616763370978,0.155464800320781,0.13519263236221
Grasta,3,0.5,successful,10003,20003,30003,40003,40003,0.499986009541366,0.00999156141114983,0.00999156141114983,0.1,125.534424,0.111218607783517,0.117931609543013,0.112033189496597
Grouse,3,0.5,successful,10003,20003,30003,40003,500304,0.499986009541366,0.00999156141114983,0.00999156141114983,0.1,121.1719637,0.999936494744118,0.999974018518164,0.999931388565103
TeCPSGD,3,0.5,successful,10003,20003,30003,40003,500305,0.499986009541366,0.00999156141114983,0.00999156141114983,0.1,117.8193977,0.145378881975183,0.129628199970721,0.120447983205292
OLSTEC_70,3,0.5,successful,10003,20003,30003,40003,500306,0.499986009541366,0.00999156141114983,0.00999156141114983,0.1,131.7279069,0.0804256519016785,0.0923736220458938,0.0829176668086491
OLSTEC_80,3,0.5,successful,10003,20003,30003,40003,500307,0.499986009541366,0.00999156141114983,0.00999156141114983,0.1,131.9904988,0.0697178337790194,0.0783365176384045,0.0721633081636304
OLSTEC_90,3,0.5,successful,10003,20003,30003,40003,500308,0.499986009541366,0.00999156141114983,0.00999156141114983,0.1,132.1130877,0.059649764141865,0.0729426236615202,0.0608576310829704
OLSTEC_99,3,0.5,successful,10003,20003,30003,40003,500309,0.499986009541366,0.00999156141114983,0.00999156141114983,0.1,131.8374314,0.0621617404386291,0.0962959383979795,0.0669275517361841
RSI_OLSTEC,3,0.5,successful,10003,20003,30003,40003,500310,0.499986009541366,0.00999156141114983,0.00999156141114983,0.1,149.977819,0.0445116251468259,0.0512568497353596,0.0453566076848305
CP_WOPT,4,0.5,successful,10004,20004,30004,40004,500401,0.499842243335224,0.00999877820881614,0.00999877820881614,0.1,297.9340792,0.177273550292537,0.198051469519113,0.185155666243342
Petrels,4,0.5,successful,10004,20004,30004,40004,500402,0.499842243335224,0.00999877820881614,0.00999877820881614,0.1,195.3576114,0.11673402625845,0.168879611450027,0.135947049947495
Grasta,4,0.5,successful,10004,20004,30004,40004,40004,0.499842243335224,0.00999877820881614,0.00999877820881614,0.1,125.4227384,0.111423988854348,0.123873481862206,0.112859124845344
Grouse,4,0.5,successful,10004,20004,30004,40004,500404,0.499842243335224,0.00999877820881614,0.00999877820881614,0.1,121.3227103,1.00007424032637,1.00002985136765,1.00008349452047
TeCPSGD,4,0.5,successful,10004,20004,30004,40004,500405,0.499842243335224,0.00999877820881614,0.00999877820881614,0.1,121.5205506,0.17400319497567,0.177222010455643,0.171395741521918
OLSTEC_70,4,0.5,successful,10004,20004,30004,40004,500406,0.499842243335224,0.00999877820881614,0.00999877820881614,0.1,139.4712558,0.0790917664759293,0.0933769336243646,0.0831063186409382
OLSTEC_80,4,0.5,successful,10004,20004,30004,40004,500407,0.499842243335224,0.00999877820881614,0.00999877820881614,0.1,140.1210822,0.0690209910139407,0.0786186738722061,0.0716622537852861
OLSTEC_90,4,0.5,successful,10004,20004,30004,40004,500408,0.499842243335224,0.00999877820881614,0.00999877820881614,0.1,140.0613386,0.0595881025735555,0.0741621103704095,0.0606261119456045
OLSTEC_99,4,0.5,successful,10004,20004,30004,40004,500409,0.499842243335224,0.00999877820881614,0.00999877820881614,0.1,139.4453319,0.062196215534053,0.0872449134252764,0.0672245261497429
RSI_OLSTEC,4,0.5,successful,10004,20004,30004,40004,500410,0.499842243335224,0.00999877820881614,0.00999877820881614,0.1,159.092418,0.0446057441150976,0.0514316913204366,0.0454609863011425
CP_WOPT,5,0.5,successful,10005,20005,30005,40005,500501,0.500120121697999,0.0100233089903573,0.0100233089903573,0.1,293.7010473,0.177695468840002,0.197653290520506,0.185540030774808
Petrels,5,0.5,successful,10005,20005,30005,40005,500502,0.500120121697999,0.0100233089903573,0.0100233089903573,0.1,195.1221695,0.116740488539687,0.153370905747192,0.135388629971167
Grasta,5,0.5,successful,10005,20005,30005,40005,40005,0.500120121697999,0.0100233089903573,0.0100233089903573,0.1,125.9141107,0.111320041200232,0.119324722597219,0.112449402632581
Grouse,5,0.5,successful,10005,20005,30005,40005,500504,0.500120121697999,0.0100233089903573,0.0100233089903573,0.1,121.2840717,1.00004534435061,1.00004778833247,1.00004652893504
TeCPSGD,5,0.5,successful,10005,20005,30005,40005,500505,0.500120121697999,0.0100233089903573,0.0100233089903573,0.1,122.0817287,0.172194407883736,0.152092540566848,0.160060967397547
OLSTEC_70,5,0.5,successful,10005,20005,30005,40005,500506,0.500120121697999,0.0100233089903573,0.0100233089903573,0.1,140.1839648,0.0793079511681602,0.093819281588488,0.0841409267732596
OLSTEC_80,5,0.5,successful,10005,20005,30005,40005,500507,0.500120121697999,0.0100233089903573,0.0100233089903573,0.1,140.1813836,0.0686973180358551,0.0815270126828899,0.073217349302751
OLSTEC_90,5,0.5,successful,10005,20005,30005,40005,500508,0.500120121697999,0.0100233089903573,0.0100233089903573,0.1,139.988938,0.0594981525704875,0.075135574097364,0.0614976607251603
OLSTEC_99,5,0.5,successful,10005,20005,30005,40005,500509,0.500120121697999,0.0100233089903573,0.0100233089903573,0.1,140.4258322,0.0618124715213463,0.0925483284685738,0.0669059741524464
RSI_OLSTEC,5,0.5,successful,10005,20005,30005,40005,500510,0.500120121697999,0.0100233089903573,0.0100233089903573,0.1,161.1863338,0.0444350954234668,0.0510715100205981,0.0454124707952352
CP_WOPT,6,0.5,successful,10006,20006,30006,40006,500601,0.500079194858601,0.00999333395794506,0.00999333395794506,0.1,263.1106867,0.176931821975908,0.198413203501854,0.185072899382137
Petrels,6,0.5,successful,10006,20006,30006,40006,500602,0.500079194858601,0.00999333395794506,0.00999333395794506,0.1,188.1188766,0.116564913772845,0.164626423708377,0.136559158607413
Grasta,6,0.5,successful,10006,20006,30006,40006,40006,0.500079194858601,0.00999333395794506,0.00999333395794506,0.1,120.1315358,0.111254476687183,0.119296441010839,0.112282433152971
Grouse,6,0.5,successful,10006,20006,30006,40006,500604,0.500079194858601,0.00999333395794506,0.00999333395794506,0.1,116.4870711,1.00006549164545,0.999988252606013,1.00006750009986
TeCPSGD,6,0.5,successful,10006,20006,30006,40006,500605,0.500079194858601,0.00999333395794506,0.00999333395794506,0.1,115.0267497,0.173542940149899,0.177222402723948,0.171398852266226
OLSTEC_70,6,0.5,successful,10006,20006,30006,40006,500606,0.500079194858601,0.00999333395794506,0.00999333395794506,0.1,131.6326672,0.0786626416075459,0.094261928409406,0.0828384229189441
OLSTEC_80,6,0.5,successful,10006,20006,30006,40006,500607,0.500079194858601,0.00999333395794506,0.00999333395794506,0.1,139.1802224,0.0681880768071705,0.0806548482165286,0.0719037776325741
OLSTEC_90,6,0.5,successful,10006,20006,30006,40006,500608,0.500079194858601,0.00999333395794506,0.00999333395794506,0.1,140.0853448,0.0584948929727745,0.0747467174274616,0.0610104545125448
OLSTEC_99,6,0.5,successful,10006,20006,30006,40006,500609,0.500079194858601,0.00999333395794506,0.00999333395794506,0.1,139.7856632,0.062375001574663,0.0949332582817216,0.0674272250055663
RSI_OLSTEC,6,0.5,successful,10006,20006,30006,40006,500610,0.500079194858601,0.00999333395794506,0.00999333395794506,0.1,158.8078327,0.0445274262156195,0.0514313803372847,0.0455413618378042
CP_WOPT,7,0.5,successful,10007,20007,30007,40007,500701,0.500019403056884,0.00999016869581071,0.00999016869581071,0.1,266.9211591,0.176938661255237,0.199844155053411,0.185118646895676
Petrels,7,0.5,successful,10007,20007,30007,40007,500702,0.500019403056884,0.00999016869581071,0.00999016869581071,0.1,188.1586329,0.116743494216147,0.163107243803888,0.137744659031782
Grasta,7,0.5,successful,10007,20007,30007,40007,40007,0.500019403056884,0.00999016869581071,0.00999016869581071,0.1,120.1819044,0.111492992907314,0.118547287352161,0.113648366684323
Grouse,7,0.5,successful,10007,20007,30007,40007,500704,0.500019403056884,0.00999016869581071,0.00999016869581071,0.1,116.7217761,1.00009210049547,1.00010687614969,1.00007244070186
TeCPSGD,7,0.5,successful,10007,20007,30007,40007,500705,0.500019403056884,0.00999016869581071,0.00999016869581071,0.1,115.1123217,0.173758275882899,0.177192222142197,0.171420235082147
OLSTEC_70,7,0.5,successful,10007,20007,30007,40007,500706,0.500019403056884,0.00999016869581071,0.00999016869581071,0.1,131.7794981,0.0793955179594921,0.0927629715070785,0.0840848933192618
OLSTEC_80,7,0.5,successful,10007,20007,30007,40007,500707,0.500019403056884,0.00999016869581071,0.00999016869581071,0.1,132.1068778,0.069790979934104,0.0794800234933135,0.0731961099989399
OLSTEC_90,7,0.5,successful,10007,20007,30007,40007,500708,0.500019403056884,0.00999016869581071,0.00999016869581071,0.1,131.781884,0.0588073659964864,0.0734578047099844,0.0617226091494564
OLSTEC_99,7,0.5,successful,10007,20007,30007,40007,500709,0.500019403056884,0.00999016869581071,0.00999016869581071,0.1,132.0764574,0.0620982670143109,0.0941171200572785,0.0664879440622346
RSI_OLSTEC,7,0.5,successful,10007,20007,30007,40007,500710,0.500019403056884,0.00999016869581071,0.00999016869581071,0.1,150.0730571,0.0444282197251796,0.0514051182542283,0.0453719005993418
CP_WOPT,8,0.5,successful,10008,20008,30008,40008,500801,0.500072895986954,0.00999551798881776,0.00999551798881776,0.1,282.6014058,0.14492283931909,0.169704662362193,0.155999067810357
Petrels,8,0.5,successful,10008,20008,30008,40008,500802,0.500072895986954,0.00999551798881776,0.00999551798881776,0.1,188.5226636,0.116655275887798,0.164186785629389,0.136826281145948
Grasta,8,0.5,successful,10008,20008,30008,40008,40008,0.500072895986954,0.00999551798881776,0.00999551798881776,0.1,120.0606112,0.111308380510094,0.121068037764959,0.112414610187366
Grouse,8,0.5,successful,10008,20008,30008,40008,500804,0.500072895986954,0.00999551798881776,0.00999551798881776,0.1,116.7813696,1.00010444520459,1.00018841213802,1.00008993243348
TeCPSGD,8,0.5,successful,10008,20008,30008,40008,500805,0.500072895986954,0.00999551798881776,0.00999551798881776,0.1,116.2109818,0.139516938100978,0.130252221591911,0.120563585876066
OLSTEC_70,8,0.5,successful,10008,20008,30008,40008,500806,0.500072895986954,0.00999551798881776,0.00999551798881776,0.1,133.2980501,0.0795420682383892,0.0984253272400182,0.0835192724239419
OLSTEC_80,8,0.5,successful,10008,20008,30008,40008,500807,0.500072895986954,0.00999551798881776,0.00999551798881776,0.1,133.2498096,0.0690764985905889,0.0813433721203414,0.0720243195819063
OLSTEC_90,8,0.5,successful,10008,20008,30008,40008,500808,0.500072895986954,0.00999551798881776,0.00999551798881776,0.1,133.7655541,0.059774048517492,0.0754374386817279,0.0608247300020563
OLSTEC_99,8,0.5,successful,10008,20008,30008,40008,500809,0.500072895986954,0.00999551798881776,0.00999551798881776,0.1,133.126668,0.0620861688019958,0.0947962953391727,0.0674303974881714
RSI_OLSTEC,8,0.5,successful,10008,20008,30008,40008,500810,0.500072895986954,0.00999551798881776,0.00999551798881776,0.1,151.4632852,0.0444808733367732,0.0514758513089957,0.0454185112354385
CP_WOPT,9,0.5,successful,10009,20009,30009,40009,500901,0.499966511526619,0.0100065331010453,0.0100065331010453,0.1,299.9567187,0.13888145356618,0.162900490245703,0.150410706711414
Petrels,9,0.5,successful,10009,20009,30009,40009,500902,0.499966511526619,0.0100065331010453,0.0100065331010453,0.1,194.7396046,0.11674246405027,0.167389103513101,0.137116359777479
Grasta,9,0.5,successful,10009,20009,30009,40009,40009,0.499966511526619,0.0100065331010453,0.0100065331010453,0.1,124.9971296,0.111355812174253,0.119605267148866,0.112665757951678
Grouse,9,0.5,successful,10009,20009,30009,40009,500904,0.499966511526619,0.0100065331010453,0.0100065331010453,0.1,120.8245208,1.00007468209989,1.00025622880221,1.00008829186267
TeCPSGD,9,0.5,successful,10009,20009,30009,40009,500905,0.499966511526619,0.0100065331010453,0.0100065331010453,0.1,121.6547934,0.125578202927691,0.129173288566068,0.119872249106345
OLSTEC_70,9,0.5,successful,10009,20009,30009,40009,500906,0.499966511526619,0.0100065331010453,0.0100065331010453,0.1,139.3861873,0.0796008683288979,0.0933950008650696,0.0839781142140585
OLSTEC_80,9,0.5,successful,10009,20009,30009,40009,500907,0.499966511526619,0.0100065331010453,0.0100065331010453,0.1,132.4171634,0.0699392716080234,0.0827749812530266,0.0737687302189181
OLSTEC_90,9,0.5,successful,10009,20009,30009,40009,500908,0.499966511526619,0.0100065331010453,0.0100065331010453,0.1,136.6139665,0.0598502180606312,0.0785140409453521,0.0622028465695007
OLSTEC_99,9,0.5,successful,10009,20009,30009,40009,500909,0.499966511526619,0.0100065331010453,0.0100065331010453,0.1,132.1700535,0.0622197867420426,0.0950171920073847,0.0685693054415408
RSI_OLSTEC,9,0.5,successful,10009,20009,30009,40009,500910,0.499966511526619,0.0100065331010453,0.0100065331010453,0.1,151.6488675,0.044519734578127,0.0518506378255093,0.0454387527006097
CP_WOPT,10,0.5,successful,10010,20010,30010,40010,501001,0.500097015284418,0.0100114076047322,0.0100114076047322,0.1,287.8167335,0.176349634247433,0.197671336184828,0.18421030266823
Petrels,10,0.5,successful,10010,20010,30010,40010,501002,0.500097015284418,0.0100114076047322,0.0100114076047322,0.1,195.0753997,0.116597268730317,0.171598373105533,0.135742886692404
Grasta,10,0.5,successful,10010,20010,30010,40010,40010,0.500097015284418,0.0100114076047322,0.0100114076047322,0.1,125.7284565,0.111385932815827,0.120857329974975,0.112973855493742
Grouse,10,0.5,successful,10010,20010,30010,40010,501004,0.500097015284418,0.0100114076047322,0.0100114076047322,0.1,121.6060721,0.999996350228596,1.00006948848867,1.0000167095976
TeCPSGD,10,0.5,successful,10010,20010,30010,40010,501005,0.500097015284418,0.0100114076047322,0.0100114076047322,0.1,121.5967769,0.173938883410205,0.177483557872007,0.171409903430988
OLSTEC_70,10,0.5,successful,10010,20010,30010,40010,501006,0.500097015284418,0.0100114076047322,0.0100114076047322,0.1,140.0902069,0.0786828445239933,0.0986061030879913,0.0834816735775566
OLSTEC_80,10,0.5,successful,10010,20010,30010,40010,501007,0.500097015284418,0.0100114076047322,0.0100114076047322,0.1,139.9462972,0.0691895667420463,0.0802233448342822,0.0719228470408963
OLSTEC_90,10,0.5,successful,10010,20010,30010,40010,501008,0.500097015284418,0.0100114076047322,0.0100114076047322,0.1,139.6834088,0.0605613559305436,0.0769712071343956,0.0626301195608589
OLSTEC_99,10,0.5,successful,10010,20010,30010,40010,501009,0.500097015284418,0.0100114076047322,0.0100114076047322,0.1,139.8909118,0.0618818723572895,0.0961609956474448,0.0661808424860049
RSI_OLSTEC,10,0.5,successful,10010,20010,30010,40010,501010,0.500097015284418,0.0100114076047322,0.0100114076047322,0.1,159.3680865,0.0444756749420527,0.0512948066445436,0.0453698486736269
CP_WOPT,11,0.5,successful,10011,20011,30011,40011,501101,0.499849808311725,0.00999333395794506,0.00999333395794506,0.1,298.1683724,0.166328609760979,0.169165126614074,0.174138486114397
Petrels,11,0.5,successful,10011,20011,30011,40011,501102,0.499849808311725,0.00999333395794506,0.00999333395794506,0.1,194.4253751,0.116561709545992,0.151816349955558,0.134804227800855
Grasta,11,0.5,successful,10011,20011,30011,40011,40011,0.499849808311725,0.00999333395794506,0.00999333395794506,0.1,124.7368971,0.111365854233327,0.120582436184825,0.112917158451225
Grouse,11,0.5,successful,10011,20011,30011,40011,501104,0.499849808311725,0.00999333395794506,0.00999333395794506,0.1,120.8940642,0.999973550346268,0.999946022070271,0.999991745237137
TeCPSGD,11,0.5,successful,10011,20011,30011,40011,501105,0.499849808311725,0.00999333395794506,0.00999333395794506,0.1,121.2727743,0.149110337261649,0.129726598338849,0.12055358855628
OLSTEC_70,11,0.5,successful,10011,20011,30011,40011,501106,0.499849808311725,0.00999333395794506,0.00999333395794506,0.1,139.3572733,0.0797911776546261,0.0958643940139291,0.0833515592658993
OLSTEC_80,11,0.5,successful,10011,20011,30011,40011,501107,0.499849808311725,0.00999333395794506,0.00999333395794506,0.1,139.5054592,0.0699793155246181,0.0872300284399872,0.0729149290074509
OLSTEC_90,11,0.5,successful,10011,20011,30011,40011,501108,0.499849808311725,0.00999333395794506,0.00999333395794506,0.1,139.6416774,0.0606443212453459,0.0761544373174504,0.062888303401516
OLSTEC_99,11,0.5,successful,10011,20011,30011,40011,501109,0.499849808311725,0.00999333395794506,0.00999333395794506,0.1,139.449575,0.0620594610372696,0.0973936657379652,0.0685602183516614
RSI_OLSTEC,11,0.5,successful,10011,20011,30011,40011,501110,0.499849808311725,0.00999333395794506,0.00999333395794506,0.1,159.5716595,0.0444734856313002,0.0517195215217227,0.0454275838545707
CP_WOPT,12,0.5,successful,10012,20012,30012,40012,501201,0.499882062332874,0.00997950176241796,0.00997950176241796,0.1,281.2400717,0.177149530493361,0.194374431624119,0.185109321641593
Petrels,12,0.5,successful,10012,20012,30012,40012,501202,0.499882062332874,0.00997950176241796,0.00997950176241796,0.1,194.9554883,0.116432338373302,0.15697905881889,0.135564366101063
Grasta,12,0.5,successful,10012,20012,30012,40012,40012,0.499882062332874,0.00997950176241796,0.00997950176241796,0.1,125.4410788,0.111199740290613,0.119465127503709,0.112373729085518
Grouse,12,0.5,successful,10012,20012,30012,40012,501204,0.499882062332874,0.00997950176241796,0.00997950176241796,0.1,121.5469136,1.00007950223892,1.00003073868723,1.00009181878907
TeCPSGD,12,0.5,successful,10012,20012,30012,40012,501205,0.499882062332874,0.00997950176241796,0.00997950176241796,0.1,122.1020428,0.134766595201466,0.129289036641642,0.120410635864226
OLSTEC_70,12,0.5,successful,10012,20012,30012,40012,501206,0.499882062332874,0.00997950176241796,0.00997950176241796,0.1,140.0182725,0.0800532494679178,0.0980677471782968,0.0843174882203204
OLSTEC_80,12,0.5,successful,10012,20012,30012,40012,501207,0.499882062332874,0.00997950176241796,0.00997950176241796,0.1,140.4627954,0.0695956410296117,0.0772044799818599,0.0731593802331932
OLSTEC_90,12,0.5,successful,10012,20012,30012,40012,501208,0.499882062332874,0.00997950176241796,0.00997950176241796,0.1,142.751249,0.0599768849862663,0.0747338945259244,0.0617274393280454
OLSTEC_99,12,0.5,successful,10012,20012,30012,40012,501209,0.499882062332874,0.00997950176241796,0.00997950176241796,0.1,142.067606,0.0621530550655949,0.094123038460112,0.067888887931857
RSI_OLSTEC,12,0.5,successful,10012,20012,30012,40012,501210,0.499882062332874,0.00997950176241796,0.00997950176241796,0.1,161.2212473,0.0444759544493888,0.0512999999954097,0.045441630802094
CP_WOPT,13,0.5,successful,10013,20013,30013,40013,501301,0.499908460619075,0.00999966448221376,0.00999966448221376,0.1,291.8779139,0.167845324713843,0.168134172940453,0.172680693861151
Petrels,13,0.5,successful,10013,20013,30013,40013,501302,0.499908460619075,0.00999966448221376,0.00999966448221376,0.1,189.4756838,0.11655815151748,0.157152740602837,0.135266283066171
Grasta,13,0.5,successful,10013,20013,30013,40013,40013,0.499908460619075,0.00999966448221376,0.00999966448221376,0.1,120.6788299,0.111341101027342,0.119631817245884,0.112286206081474
Grouse,13,0.5,successful,10013,20013,30013,40013,501304,0.499908460619075,0.00999966448221376,0.00999966448221376,0.1,117.3292368,1.00003084184261,1.000103416997,1.00004677478823
TeCPSGD,13,0.5,successful,10013,20013,30013,40013,501305,0.499908460619075,0.00999966448221376,0.00999966448221376,0.1,118.609585,0.173868793210661,0.176844413360023,0.171344607008722
OLSTEC_70,13,0.5,successful,10013,20013,30013,40013,501306,0.499908460619075,0.00999966448221376,0.00999966448221376,0.1,136.7857061,0.0792582647429219,0.0933391377319007,0.0834259127977788
OLSTEC_80,13,0.5,successful,10013,20013,30013,40013,501307,0.499908460619075,0.00999966448221376,0.00999966448221376,0.1,136.8875126,0.0694052200731191,0.0777285778691767,0.0721748647965698
OLSTEC_90,13,0.5,successful,10013,20013,30013,40013,501308,0.499908460619075,0.00999966448221376,0.00999966448221376,0.1,136.9585893,0.0596165166746927,0.0738592635428237,0.0608664605266593
OLSTEC_99,13,0.5,successful,10013,20013,30013,40013,501309,0.499908460619075,0.00999966448221376,0.00999966448221376,0.1,137.5114904,0.0617090032251513,0.0905310569196963,0.0670289341896921
RSI_OLSTEC,13,0.5,successful,10013,20013,30013,40013,501310,0.499908460619075,0.00999966448221376,0.00999966448221376,0.1,154.5108888,0.0444162279101846,0.0514357948542674,0.0454043223527179
CP_WOPT,14,0.5,successful,10014,20014,30014,40014,501401,0.500046371090268,0.00999735384085568,0.00999735384085568,0.1,251.1847944,0.176979942765221,0.197923612383397,0.185044494168214
Petrels,14,0.5,successful,10014,20014,30014,40014,501402,0.500046371090268,0.00999735384085568,0.00999735384085568,0.1,188.0184667,0.116794316203088,0.160640621120924,0.136447430450691
Grasta,14,0.5,successful,10014,20014,30014,40014,40014,0.500046371090268,0.00999735384085568,0.00999735384085568,0.1,119.7299981,0.111271153664048,0.120539343335392,0.113045935421368
Grouse,14,0.5,successful,10014,20014,30014,40014,501404,0.500046371090268,0.00999735384085568,0.00999735384085568,0.1,116.2217165,1.00002069636462,0.999991030534446,1.00003117245078
TeCPSGD,14,0.5,successful,10014,20014,30014,40014,501405,0.500046371090268,0.00999735384085568,0.00999735384085568,0.1,115.516645,0.173963384417407,0.176991901389454,0.17141043080906
OLSTEC_70,14,0.5,successful,10014,20014,30014,40014,501406,0.500046371090268,0.00999735384085568,0.00999735384085568,0.1,133.7933514,0.0793521095136759,0.0936951211074099,0.0836332097506298
OLSTEC_80,14,0.5,successful,10014,20014,30014,40014,501407,0.500046371090268,0.00999735384085568,0.00999735384085568,0.1,133.6231585,0.0697705914871127,0.0817346972511493,0.0720115965706244
OLSTEC_90,14,0.5,successful,10014,20014,30014,40014,501408,0.500046371090268,0.00999735384085568,0.00999735384085568,0.1,134.180134,0.0602296651643105,0.0748063126894937,0.0612232803250279
OLSTEC_99,14,0.5,successful,10014,20014,30014,40014,501409,0.500046371090268,0.00999735384085568,0.00999735384085568,0.1,133.6851768,0.0620829239766669,0.096754156457004,0.0677982801352306
RSI_OLSTEC,14,0.5,successful,10014,20014,30014,40014,501410,0.500046371090268,0.00999735384085568,0.00999735384085568,0.1,151.4636052,0.0445159331894679,0.0516384455137623,0.0453165983333407
CP_WOPT,15,0.5,successful,10015,20015,30015,40015,501501,0.500064096558221,0.00999757540920509,0.00999757540920509,0.1,260.9143329,0.17692469004419,0.196633751050738,0.185076076956787
Petrels,15,0.5,successful,10015,20015,30015,40015,501502,0.500064096558221,0.00999757540920509,0.00999757540920509,0.1,194.8601017,0.116794714007631,0.168867900165356,0.137958417425614
Grasta,15,0.5,successful,10015,20015,30015,40015,40015,0.500064096558221,0.00999757540920509,0.00999757540920509,0.1,125.6056379,0.111205934733348,0.119777556897035,0.112723801227914
Grouse,15,0.5,successful,10015,20015,30015,40015,501504,0.500064096558221,0.00999757540920509,0.00999757540920509,0.1,121.5537274,1.00010762441186,1.00007351076025,1.0000998217824
TeCPSGD,15,0.5,successful,10015,20015,30015,40015,501505,0.500064096558221,0.00999757540920509,0.00999757540920509,0.1,123.3244319,0.173955519426085,0.177202247544512,0.17139127362465
OLSTEC_70,15,0.5,successful,10015,20015,30015,40015,501506,0.500064096558221,0.00999757540920509,0.00999757540920509,0.1,140.7139112,0.0791606721897211,0.089087387477296,0.0832024116304636
OLSTEC_80,15,0.5,successful,10015,20015,30015,40015,501507,0.500064096558221,0.00999757540920509,0.00999757540920509,0.1,135.5387043,0.0684707295020456,0.0859411047705679,0.071765995922119
OLSTEC_90,15,0.5,successful,10015,20015,30015,40015,501508,0.500064096558221,0.00999757540920509,0.00999757540920509,0.1,133.2476658,0.0591665886777945,0.0723792580279064,0.0601917169670441
OLSTEC_99,15,0.5,successful,10015,20015,30015,40015,501509,0.500064096558221,0.00999757540920509,0.00999757540920509,0.1,133.371331,0.0620913615657775,0.0958666728471646,0.0672747647684027
RSI_OLSTEC,15,0.5,successful,10015,20015,30015,40015,501510,0.500064096558221,0.00999757540920509,0.00999757540920509,0.1,150.5434602,0.0445743326808105,0.0509541628882519,0.0453048667980365
CP_WOPT,16,0.5,successful,10016,20016,30016,40016,501601,0.500042066333765,0.010005678480269,0.010005678480269,0.1,274.9621167,0.176947851223766,0.196823851246198,0.185022260646086
Petrels,16,0.5,successful,10016,20016,30016,40016,501602,0.500042066333765,0.010005678480269,0.010005678480269,0.1,194.7157593,0.116610631790643,0.157997487172246,0.136165776978896
Grasta,16,0.5,successful,10016,20016,30016,40016,40016,0.500042066333765,0.010005678480269,0.010005678480269,0.1,125.5257164,0.111368755285706,0.118095417874276,0.112613332128608
Grouse,16,0.5,successful,10016,20016,30016,40016,501604,0.500042066333765,0.010005678480269,0.010005678480269,0.1,121.2062098,1.00000974482237,0.999994755639987,1.00003196543762
TeCPSGD,16,0.5,successful,10016,20016,30016,40016,501605,0.500042066333765,0.010005678480269,0.010005678480269,0.1,122.4632188,0.173646574585756,0.177164445859245,0.171424901435303
OLSTEC_70,16,0.5,successful,10016,20016,30016,40016,501606,0.500042066333765,0.010005678480269,0.010005678480269,0.1,141.6083266,0.0790336769864886,0.0907336930722068,0.0827192249418865
OLSTEC_80,16,0.5,successful,10016,20016,30016,40016,501607,0.500042066333765,0.010005678480269,0.010005678480269,0.1,141.7285994,0.0695977690757433,0.0782694557719046,0.0723219786424061
OLSTEC_90,16,0.5,successful,10016,20016,30016,40016,501608,0.500042066333765,0.010005678480269,0.010005678480269,0.1,140.8573376,0.0605446211153314,0.0744128457758694,0.0625342843285947
OLSTEC_99,16,0.5,successful,10016,20016,30016,40016,501609,0.500042066333765,0.010005678480269,0.010005678480269,0.1,141.2263497,0.0625077131314851,0.0932952143231773,0.0679425340090008
RSI_OLSTEC,16,0.5,successful,10016,20016,30016,40016,501610,0.500042066333765,0.010005678480269,0.010005678480269,0.1,159.8172782,0.0445948506090161,0.051237798727483,0.0453970527090043
CP_WOPT,17,0.5,successful,10017,20017,30017,40017,501701,0.500058335781136,0.0100256196317154,0.0100256196317154,0.1,276.1756951,0.177102499608565,0.199750166452817,0.185302258576229
Petrels,17,0.5,successful,10017,20017,30017,40017,501702,0.500058335781136,0.0100256196317154,0.0100256196317154,0.1,194.6395155,0.116889214284326,0.164271753543206,0.135683827781194
Grasta,17,0.5,successful,10017,20017,30017,40017,40017,0.500058335781136,0.0100256196317154,0.0100256196317154,0.1,125.0033986,0.111399720268561,0.118241528850136,0.112880181088335
Grouse,17,0.5,successful,10017,20017,30017,40017,501704,0.500058335781136,0.0100256196317154,0.0100256196317154,0.1,120.9786617,1.00004590409944,0.999989445567492,1.00004540950789
TeCPSGD,17,0.5,successful,10017,20017,30017,40017,501705,0.500058335781136,0.0100256196317154,0.0100256196317154,0.1,122.1124505,0.173996596777876,0.177087964684729,0.171385720546163
OLSTEC_70,17,0.5,successful,10017,20017,30017,40017,501706,0.500058335781136,0.0100256196317154,0.0100256196317154,0.1,140.2259251,0.0804185036156137,0.0934445912763635,0.083778807407431
OLSTEC_80,17,0.5,successful,10017,20017,30017,40017,501707,0.500058335781136,0.0100256196317154,0.0100256196317154,0.1,139.8903169,0.0697525751672852,0.080607948892774,0.0727062868949773
OLSTEC_90,17,0.5,successful,10017,20017,30017,40017,501708,0.500058335781136,0.0100256196317154,0.0100256196317154,0.1,139.868144,0.0605102977799196,0.0784724428090804,0.0626620626451077
OLSTEC_99,17,0.5,successful,10017,20017,30017,40017,501709,0.500058335781136,0.0100256196317154,0.0100256196317154,0.1,139.7855807,0.0621712857247892,0.0965462920723128,0.0678512925985429
RSI_OLSTEC,17,0.5,successful,10017,20017,30017,40017,501710,0.500058335781136,0.0100256196317154,0.0100256196317154,0.1,158.6826637,0.0445136776081028,0.0517988032221326,0.0454048411781739
CP_WOPT,18,0.5,successful,10018,20018,30018,40018,501801,0.500060393201523,0.010015079308808,0.010015079308808,0.1,260.1358749,0.176872173196223,0.19800697905979,0.185042077941715
Petrels,18,0.5,successful,10018,20018,30018,40018,501802,0.500060393201523,0.010015079308808,0.010015079308808,0.1,188.0982109,0.116726002273369,0.156584243025566,0.136575240380853
Grasta,18,0.5,successful,10018,20018,30018,40018,40018,0.500060393201523,0.010015079308808,0.010015079308808,0.1,120.0462824,0.11129561586432,0.119621811460605,0.112426186116716
Grouse,18,0.5,successful,10018,20018,30018,40018,501804,0.500060393201523,0.010015079308808,0.010015079308808,0.1,116.7001733,1.00004093338783,1.00008980334135,1.00007968597472
TeCPSGD,18,0.5,successful,10018,20018,30018,40018,501805,0.500060393201523,0.010015079308808,0.010015079308808,0.1,114.9356952,0.173917162256633,0.177275599123287,0.171398771165384
OLSTEC_70,18,0.5,successful,10018,20018,30018,40018,501806,0.500060393201523,0.010015079308808,0.010015079308808,0.1,131.4577138,0.0795116188484814,0.0834080821783982,0.0834742761143312
OLSTEC_80,18,0.5,successful,10018,20018,30018,40018,501807,0.500060393201523,0.010015079308808,0.010015079308808,0.1,131.6254233,0.0698867073226119,0.0758084279145866,0.0724625732511794
OLSTEC_90,18,0.5,successful,10018,20018,30018,40018,501808,0.500060393201523,0.010015079308808,0.010015079308808,0.1,132.1032971,0.0588674190133032,0.0753805717706052,0.0614421208881542
OLSTEC_99,18,0.5,successful,10018,20018,30018,40018,501809,0.500060393201523,0.010015079308808,0.010015079308808,0.1,137.1330614,0.0622145577917209,0.0944942077203135,0.0676625641794528
RSI_OLSTEC,18,0.5,successful,10018,20018,30018,40018,501810,0.500060393201523,0.010015079308808,0.010015079308808,0.1,160.7726083,0.044475445121593,0.0517645131149939,0.0454439608064724
CP_WOPT,19,0.5,successful,10019,20019,30019,40019,501901,0.499888392857143,0.00999782863017584,0.00999782863017584,0.1,265.9404258,0.176788269533274,0.196481895742445,0.185310597229739
Petrels,19,0.5,successful,10019,20019,30019,40019,501902,0.499888392857143,0.00999782863017584,0.00999782863017584,0.1,188.1439555,0.116518035318237,0.15955746434144,0.137477575619827
Grasta,19,0.5,successful,10019,20019,30019,40019,40019,0.499888392857143,0.00999782863017584,0.00999782863017584,0.1,120.252557,0.111303089541909,0.121559785597616,0.112703680849172
Grouse,19,0.5,successful,10019,20019,30019,40019,501904,0.499888392857143,0.00999782863017584,0.00999782863017584,0.1,116.7304799,1.00003112762928,1.00006753091821,1.00005116073919
TeCPSGD,19,0.5,successful,10019,20019,30019,40019,501905,0.499888392857143,0.00999782863017584,0.00999782863017584,0.1,115.3403037,0.137917890040546,0.130029050046267,0.120541952643994
OLSTEC_70,19,0.5,successful,10019,20019,30019,40019,501906,0.499888392857143,0.00999782863017584,0.00999782863017584,0.1,131.6099048,0.0791619962984225,0.0951770927987058,0.0839352859926438
OLSTEC_80,19,0.5,successful,10019,20019,30019,40019,501907,0.499888392857143,0.00999782863017584,0.00999782863017584,0.1,131.4580888,0.0696073668766242,0.0854786747630915,0.0726523425818898
OLSTEC_90,19,0.5,successful,10019,20019,30019,40019,501908,0.499888392857143,0.00999782863017584,0.00999782863017584,0.1,131.8381564,0.0594627685024914,0.0752573427280085,0.0612841743203364
OLSTEC_99,19,0.5,successful,10019,20019,30019,40019,501909,0.499888392857143,0.00999782863017584,0.00999782863017584,0.1,131.5258309,0.0622082157361251,0.0958232994998811,0.0677903630106921
RSI_OLSTEC,19,0.5,successful,10019,20019,30019,40019,501910,0.499888392857143,0.00999782863017584,0.00999782863017584,0.1,150.2735849,0.0444738952283902,0.0516082519732177,0.0453844765697069
CP_WOPT,20,0.5,successful,10020,20020,30020,40020,502001,0.500006140608541,0.00998934572765578,0.00998934572765578,0.1,288.5145846,0.176775021547269,0.197713373156625,0.184983181388773
Petrels,20,0.5,successful,10020,20020,30020,40020,502002,0.500006140608541,0.00998934572765578,0.00998934572765578,0.1,188.1332442,0.116840426845979,0.156134111453446,0.136851385699026
Grasta,20,0.5,successful,10020,20020,30020,40020,40020,0.500006140608541,0.00998934572765578,0.00998934572765578,0.1,119.9483284,0.111415503660207,0.120713642621526,0.112838885608908
Grouse,20,0.5,successful,10020,20020,30020,40020,502004,0.500006140608541,0.00998934572765578,0.00998934572765578,0.1,116.3788701,1.00006148143373,1.00008629960789,1.00004785335995
TeCPSGD,20,0.5,successful,10020,20020,30020,40020,502005,0.500006140608541,0.00998934572765578,0.00998934572765578,0.1,114.8872363,0.17394913726239,0.177272668151089,0.171434222326081
OLSTEC_70,20,0.5,successful,10020,20020,30020,40020,502006,0.500006140608541,0.00998934572765578,0.00998934572765578,0.1,131.7028085,0.0795244670779056,0.0844792446390501,0.0839187176326339
OLSTEC_80,20,0.5,successful,10020,20020,30020,40020,502007,0.500006140608541,0.00998934572765578,0.00998934572765578,0.1,131.656158,0.0695636959534344,0.0791936817800965,0.0724962268206424
OLSTEC_90,20,0.5,successful,10020,20020,30020,40020,502008,0.500006140608541,0.00998934572765578,0.00998934572765578,0.1,131.1624715,0.0606000378727882,0.073657808822799,0.0621501748102486
OLSTEC_99,20,0.5,successful,10020,20020,30020,40020,502009,0.500006140608541,0.00998934572765578,0.00998934572765578,0.1,131.3105388,0.0622933320406061,0.0923259034208384,0.0672025452757488
RSI_OLSTEC,20,0.5,successful,10020,20020,30020,40020,502010,0.500006140608541,0.00998934572765578,0.00998934572765578,0.1,149.3457139,0.0444938904078883,0.0513729607335341,0.0454572333043134
CP_WOPT,21,0.5,successful,10021,20021,30021,40021,502101,0.499974709555547,0.00996288413621262,0.00996288413621262,0.1,279.7826639,0.176890883165082,0.19805490213588,0.185134558541308
Petrels,21,0.5,successful,10021,20021,30021,40021,502102,0.499974709555547,0.00996288413621262,0.00996288413621262,0.1,194.6409804,0.116494889310134,0.151285937599877,0.136950341389677
Grasta,21,0.5,successful,10021,20021,30021,40021,40021,0.499974709555547,0.00996288413621262,0.00996288413621262,0.1,124.9747269,0.111295720220972,0.117692079414809,0.112794488354549
Grouse,21,0.5,successful,10021,20021,30021,40021,502104,0.499974709555547,0.00996288413621262,0.00996288413621262,0.1,120.7554587,1.00005599565468,1.000007487076,1.0000553486235
TeCPSGD,21,0.5,successful,10021,20021,30021,40021,502105,0.499974709555547,0.00996288413621262,0.00996288413621262,0.1,121.7619341,0.1549845502964,0.129574904010379,0.120503712783255
OLSTEC_70,21,0.5,successful,10021,20021,30021,40021,502106,0.499974709555547,0.00996288413621262,0.00996288413621262,0.1,139.7443235,0.0794681845588685,0.0822351410640137,0.0834201041664022
OLSTEC_80,21,0.5,successful,10021,20021,30021,40021,502107,0.499974709555547,0.00996288413621262,0.00996288413621262,0.1,139.6945961,0.0698247295436911,0.0788876601325345,0.0738610479689926
OLSTEC_90,21,0.5,successful,10021,20021,30021,40021,502108,0.499974709555547,0.00996288413621262,0.00996288413621262,0.1,139.4941202,0.059529326428191,0.0733192609011942,0.0614998324950614
OLSTEC_99,21,0.5,successful,10021,20021,30021,40021,502109,0.499974709555547,0.00996288413621262,0.00996288413621262,0.1,139.3870239,0.0619476309316761,0.0891469701010513,0.0674221381042551
RSI_OLSTEC,21,0.5,successful,10021,20021,30021,40021,502110,0.499974709555547,0.00996288413621262,0.00996288413621262,0.1,155.279484,0.0445135104235263,0.0509364116886896,0.0453309758179083
CP_WOPT,22,0.5,successful,10022,20022,30022,40022,502201,0.499981641479621,0.00997336115387732,0.00997336115387732,0.1,296.1198737,0.177142345139634,0.197551009932696,0.185281161723197
Petrels,22,0.5,successful,10022,20022,30022,40022,502202,0.499981641479621,0.00997336115387732,0.00997336115387732,0.1,195.2274944,0.116442285267641,0.170465631863884,0.134962912523092
Grasta,22,0.5,successful,10022,20022,30022,40022,40022,0.499981641479621,0.00997336115387732,0.00997336115387732,0.1,125.4262401,0.111135422735596,0.121604976015167,0.112027159734554
Grouse,22,0.5,successful,10022,20022,30022,40022,502204,0.499981641479621,0.00997336115387732,0.00997336115387732,0.1,121.2030606,1.00004980697096,1.00026746943924,1.00008582662084
TeCPSGD,22,0.5,successful,10022,20022,30022,40022,502205,0.499981641479621,0.00997336115387732,0.00997336115387732,0.1,121.9557885,0.145904611083786,0.129886055504904,0.120339049152819
OLSTEC_70,22,0.5,successful,10022,20022,30022,40022,502206,0.499981641479621,0.00997336115387732,0.00997336115387732,0.1,140.0249005,0.080156583615373,0.0938157551852992,0.0828447342596073
OLSTEC_80,22,0.5,successful,10022,20022,30022,40022,502207,0.499981641479621,0.00997336115387732,0.00997336115387732,0.1,140.1884229,0.0706338318955296,0.0815118718180197,0.0728498971643226
OLSTEC_90,22,0.5,successful,10022,20022,30022,40022,502208,0.499981641479621,0.00997336115387732,0.00997336115387732,0.1,139.182455,0.0599658591784695,0.0770068311911264,0.0612483153532847
OLSTEC_99,22,0.5,successful,10022,20022,30022,40022,502209,0.499981641479621,0.00997336115387732,0.00997336115387732,0.1,139.7073749,0.0619245482421535,0.0979455242143089,0.0677637282870646
RSI_OLSTEC,22,0.5,successful,10022,20022,30022,40022,502210,0.499981641479621,0.00997336115387732,0.00997336115387732,0.1,158.5645939,0.0444180636139162,0.0513899780583964,0.0454107319370826
CP_WOPT,23,0.5,successful,10023,20023,30023,40023,502301,0.500070711956081,0.00999789193541852,0.00999789193541852,0.1,286.9198603,0.13088335566599,0.158875002213557,0.143730429505291
Petrels,23,0.5,successful,10023,20023,30023,40023,502302,0.500070711956081,0.00999789193541852,0.00999789193541852,0.1,191.0691215,0.116574881756185,0.160481351412096,0.136819001845034
Grasta,23,0.5,successful,10023,20023,30023,40023,40023,0.500070711956081,0.00999789193541852,0.00999789193541852,0.1,126.4979542,0.111265423233954,0.119551972458754,0.112988490583289
Grouse,23,0.5,successful,10023,20023,30023,40023,502304,0.500070711956081,0.00999789193541852,0.00999789193541852,0.1,121.9371167,0.999952460557822,0.9999427035779,0.999968616159179
TeCPSGD,23,0.5,successful,10023,20023,30023,40023,502305,0.500070711956081,0.00999789193541852,0.00999789193541852,0.1,135.2873096,0.173697158186643,0.177068584886777,0.171371116521299
OLSTEC_70,23,0.5,successful,10023,20023,30023,40023,502306,0.500070711956081,0.00999789193541852,0.00999789193541852,0.1,147.6407089,0.0796259946760294,0.089819532005146,0.0840168215803181
OLSTEC_80,23,0.5,successful,10023,20023,30023,40023,502307,0.500070711956081,0.00999789193541852,0.00999789193541852,0.1,145.9264135,0.0694806778570993,0.0879499378222988,0.0735147763957332
OLSTEC_90,23,0.5,successful,10023,20023,30023,40023,502308,0.500070711956081,0.00999789193541852,0.00999789193541852,0.1,144.9614571,0.059596913435272,0.0751173782181992,0.061414476399835
OLSTEC_99,23,0.5,successful,10023,20023,30023,40023,502309,0.500070711956081,0.00999789193541852,0.00999789193541852,0.1,143.9461814,0.0624421494955883,0.0919776293828175,0.0680087676954018
RSI_OLSTEC,23,0.5,successful,10023,20023,30023,40023,502310,0.500070711956081,0.00999789193541852,0.00999789193541852,0.1,163.08477,0.0445127341031688,0.0512668555255699,0.0453275542266701
CP_WOPT,24,0.5,successful,10024,20024,30024,40024,502401,0.499999335294952,0.00995417966534316,0.00995417966534316,0.1,275.2123517,0.176787543571719,0.197331271789045,0.184897099972017
Petrels,24,0.5,successful,10024,20024,30024,40024,502402,0.499999335294952,0.00995417966534316,0.00995417966534316,0.1,189.5177547,0.116251635425295,0.156844504710219,0.1353680985249
Grasta,24,0.5,successful,10024,20024,30024,40024,40024,0.499999335294952,0.00995417966534316,0.00995417966534316,0.1,120.2326537,0.11122876394499,0.118409982006087,0.112025257285719
Grouse,24,0.5,successful,10024,20024,30024,40024,502404,0.499999335294952,0.00995417966534316,0.00995417966534316,0.1,116.8051843,0.999826489939144,0.999964777843492,0.999832285831098
TeCPSGD,24,0.5,successful,10024,20024,30024,40024,502405,0.499999335294952,0.00995417966534316,0.00995417966534316,0.1,116.977228,0.173493186262172,0.177031073409482,0.171356945806737
OLSTEC_70,24,0.5,successful,10024,20024,30024,40024,502406,0.499999335294952,0.00995417966534316,0.00995417966534316,0.1,134.2229533,0.0796813742456504,0.0897079357635463,0.0831710712371174
OLSTEC_80,24,0.5,successful,10024,20024,30024,40024,502407,0.499999335294952,0.00995417966534316,0.00995417966534316,0.1,134.1439298,0.069024928013932,0.0793547246196594,0.0716238862236939
OLSTEC_90,24,0.5,successful,10024,20024,30024,40024,502408,0.499999335294952,0.00995417966534316,0.00995417966534316,0.1,134.4164413,0.0598675616383216,0.0762233173496357,0.0614724406118689
OLSTEC_99,24,0.5,successful,10024,20024,30024,40024,502409,0.499999335294952,0.00995417966534316,0.00995417966534316,0.1,134.2815517,0.0625488174910314,0.0907938549178803,0.0675542417110276
RSI_OLSTEC,24,0.5,successful,10024,20024,30024,40024,502410,0.499999335294952,0.00995417966534316,0.00995417966534316,0.1,152.5353862,0.0445391927105119,0.0513070866974375,0.0453631521453718
CP_WOPT,25,0.5,successful,10025,20025,30025,40025,502501,0.500029183716879,0.00999086505348027,0.00999086505348027,0.1,263.4645028,0.17680092410873,0.198013182614568,0.185123800457908
Petrels,25,0.5,successful,10025,20025,30025,40025,502502,0.500029183716879,0.00999086505348027,0.00999086505348027,0.1,188.5596264,0.116845539486242,0.163644518475601,0.136048332842773
Grasta,25,0.5,successful,10025,20025,30025,40025,40025,0.500029183716879,0.00999086505348027,0.00999086505348027,0.1,119.8094667,0.111385919323456,0.119972632227019,0.112666922009618
Grouse,25,0.5,successful,10025,20025,30025,40025,502504,0.500029183716879,0.00999086505348027,0.00999086505348027,0.1,116.4090859,1.00009500290768,1.00009594574803,1.00007749451146
TeCPSGD,25,0.5,successful,10025,20025,30025,40025,502505,0.500029183716879,0.00999086505348027,0.00999086505348027,0.1,115.854762,0.174018705717482,0.177094898563846,0.171438865941402
OLSTEC_70,25,0.5,successful,10025,20025,30025,40025,502506,0.500029183716879,0.00999086505348027,0.00999086505348027,0.1,134.0380694,0.0788859270900844,0.0932349178008014,0.0831573521546664
OLSTEC_80,25,0.5,successful,10025,20025,30025,40025,502507,0.500029183716879,0.00999086505348027,0.00999086505348027,0.1,134.1771265,0.0690731191374978,0.0791408605503793,0.0722588116336834
OLSTEC_90,25,0.5,successful,10025,20025,30025,40025,502508,0.500029183716879,0.00999086505348027,0.00999086505348027,0.1,134.0551374,0.0609530751528916,0.0779964139221649,0.063765601114026
OLSTEC_99,25,0.5,successful,10025,20025,30025,40025,502509,0.500029183716879,0.00999086505348027,0.00999086505348027,0.1,134.0145206,0.0616968473798049,0.0959413186565511,0.0671751807645846
RSI_OLSTEC,25,0.5,successful,10025,20025,30025,40025,502510,0.500029183716879,0.00999086505348027,0.00999086505348027,0.1,151.3732091,0.044538456407817,0.0514485792911485,0.0454400973680933
CP_WOPT,26,0.5,successful,10026,20026,30026,40026,502601,0.500041749807552,0.0100041591544445,0.0100041591544445,0.1,267.1947706,0.176717238275499,0.197314283774327,0.184861276435178
Petrels,26,0.5,successful,10026,20026,30026,40026,502602,0.500041749807552,0.0100041591544445,0.0100041591544445,0.1,187.8249243,0.116298752851187,0.166002761637722,0.1356956675239
Grasta,26,0.5,successful,10026,20026,30026,40026,40026,0.500041749807552,0.0100041591544445,0.0100041591544445,0.1,119.8086454,0.111186746142469,0.119506040326684,0.112137755479444
Grouse,26,0.5,successful,10026,20026,30026,40026,502604,0.500041749807552,0.0100041591544445,0.0100041591544445,0.1,116.410071,1.00009049239938,1.00008995132166,1.00009187084242
TeCPSGD,26,0.5,successful,10026,20026,30026,40026,502605,0.500041749807552,0.0100041591544445,0.0100041591544445,0.1,116.6195992,0.173804523678815,0.177063841054262,0.171378020211625
OLSTEC_70,26,0.5,successful,10026,20026,30026,40026,502606,0.500041749807552,0.0100041591544445,0.0100041591544445,0.1,134.9328248,0.0798185761308862,0.0882183613991692,0.0829619694753247
OLSTEC_80,26,0.5,successful,10026,20026,30026,40026,502607,0.500041749807552,0.0100041591544445,0.0100041591544445,0.1,135.0376318,0.0698445224828973,0.078451045516654,0.0729049135544513
OLSTEC_90,26,0.5,successful,10026,20026,30026,40026,502608,0.500041749807552,0.0100041591544445,0.0100041591544445,0.1,134.8104923,0.0595794303489851,0.0735453263453527,0.0612495507432807
OLSTEC_99,26,0.5,successful,10026,20026,30026,40026,502609,0.500041749807552,0.0100041591544445,0.0100041591544445,0.1,135.2390277,0.0623613449894148,0.0941201931206617,0.0670288985734833
RSI_OLSTEC,26,0.5,successful,10026,20026,30026,40026,502610,0.500041749807552,0.0100041591544445,0.0100041591544445,0.1,151.6801596,0.0444511042951523,0.051289307284281,0.0453411855188231
CP_WOPT,27,0.5,successful,10027,20027,30027,40027,502701,0.500013642279799,0.00998842780163682,0.00998842780163682,0.1,289.2786689,0.168036434479667,0.165375678423265,0.178768906879619
Petrels,27,0.5,successful,10027,20027,30027,40027,502702,0.500013642279799,0.00998842780163682,0.00998842780163682,0.1,194.9812274,0.116762814944022,0.158502338835579,0.135009423358248
Grasta,27,0.5,successful,10027,20027,30027,40027,40027,0.500013642279799,0.00998842780163682,0.00998842780163682,0.1,125.0339024,0.111159780273953,0.118222876008138,0.111812698192961
Grouse,27,0.5,successful,10027,20027,30027,40027,502704,0.500013642279799,0.00998842780163682,0.00998842780163682,0.1,120.8397135,0.999937595079262,0.999856080399384,0.999942851607008
TeCPSGD,27,0.5,successful,10027,20027,30027,40027,502705,0.500013642279799,0.00998842780163682,0.00998842780163682,0.1,122.1068817,0.173974614667132,0.177151386489831,0.171357431767109
OLSTEC_70,27,0.5,successful,10027,20027,30027,40027,502706,0.500013642279799,0.00998842780163682,0.00998842780163682,0.1,140.3498348,0.0796005700262113,0.0909561563981491,0.0829760074553814
OLSTEC_80,27,0.5,successful,10027,20027,30027,40027,502707,0.500013642279799,0.00998842780163682,0.00998842780163682,0.1,140.1834444,0.0692837125393972,0.0771682403388306,0.0713444066594199
OLSTEC_90,27,0.5,successful,10027,20027,30027,40027,502708,0.500013642279799,0.00998842780163682,0.00998842780163682,0.1,140.4239367,0.0590218959034141,0.0731270557130355,0.0606585717704059
OLSTEC_99,27,0.5,successful,10027,20027,30027,40027,502709,0.500013642279799,0.00998842780163682,0.00998842780163682,0.1,140.8742461,0.0620556884759193,0.0956847195456055,0.0681308569442504
RSI_OLSTEC,27,0.5,successful,10027,20027,30027,40027,502710,0.500013642279799,0.00998842780163682,0.00998842780163682,0.1,159.531094,0.044480114442847,0.0519260224084594,0.0454264221331173
CP_WOPT,28,0.5,successful,10028,20028,30028,40028,502801,0.499933118011101,0.0100136549408476,0.0100136549408476,0.1,290.5598958,0.162988818202461,0.181227707879511,0.170809496335097
Petrels,28,0.5,successful,10028,20028,30028,40028,502802,0.499933118011101,0.0100136549408476,0.0100136549408476,0.1,195.0276187,0.116893902613279,0.159802810171815,0.137258174548976
Grasta,28,0.5,successful,10028,20028,30028,40028,40028,0.499933118011101,0.0100136549408476,0.0100136549408476,0.1,125.2499035,0.11134473941744,0.12102725538646,0.112653582998145
Grouse,28,0.5,successful,10028,20028,30028,40028,502804,0.499933118011101,0.0100136549408476,0.0100136549408476,0.1,121.083101,1.0000380114166,1.00012839334908,1.000048343306
TeCPSGD,28,0.5,successful,10028,20028,30028,40028,502805,0.499933118011101,0.0100136549408476,0.0100136549408476,0.1,122.2542726,0.173936978195426,0.177336419296528,0.171424610136834
OLSTEC_70,28,0.5,successful,10028,20028,30028,40028,502806,0.499933118011101,0.0100136549408476,0.0100136549408476,0.1,141.0532761,0.0789392607685412,0.089127513160304,0.083347339879646
OLSTEC_80,28,0.5,successful,10028,20028,30028,40028,502807,0.499933118011101,0.0100136549408476,0.0100136549408476,0.1,140.9504055,0.070345789057002,0.0770943603833316,0.072372162946696
OLSTEC_90,28,0.5,successful,10028,20028,30028,40028,502808,0.499933118011101,0.0100136549408476,0.0100136549408476,0.1,141.4073807,0.0598763129554712,0.0752708215148842,0.0612213343751727
OLSTEC_99,28,0.5,successful,10028,20028,30028,40028,502809,0.499933118011101,0.0100136549408476,0.0100136549408476,0.1,141.1369653,0.0621173513154045,0.0905119369843396,0.0665439176456215
RSI_OLSTEC,28,0.5,successful,10028,20028,30028,40028,502810,0.499933118011101,0.0100136549408476,0.0100136549408476,0.1,158.9270571,0.0444364961800666,0.051835987417821,0.045389492258687
CP_WOPT,29,0.5,successful,10029,20029,30029,40029,502901,0.499925141550523,0.0100014053763877,0.0100014053763877,0.1,271.8711269,0.176684633218072,0.196310808294781,0.184887323914471
Petrels,29,0.5,successful,10029,20029,30029,40029,502902,0.499925141550523,0.0100014053763877,0.0100014053763877,0.1,187.7883154,0.117035925333981,0.155224905845503,0.136893898753885
Grasta,29,0.5,successful,10029,20029,30029,40029,40029,0.499925141550523,0.0100014053763877,0.0100014053763877,0.1,119.8800417,0.11144110507405,0.117342692771324,0.112886350707667
Grouse,29,0.5,successful,10029,20029,30029,40029,502904,0.499925141550523,0.0100014053763877,0.0100014053763877,0.1,120.1681441,0.999984294808263,1.00001119870031,0.999995577338888
TeCPSGD,29,0.5,successful,10029,20029,30029,40029,502905,0.499925141550523,0.0100014053763877,0.0100014053763877,0.1,123.2507522,0.136050814793239,0.129364274596,0.120484245940052
OLSTEC_70,29,0.5,successful,10029,20029,30029,40029,502906,0.499925141550523,0.0100014053763877,0.0100014053763877,0.1,142.440155,0.0796952036785414,0.0894753209293584,0.0826247907151769
OLSTEC_80,29,0.5,successful,10029,20029,30029,40029,502907,0.499925141550523,0.0100014053763877,0.0100014053763877,0.1,143.1411643,0.0702478028172332,0.0773540631976422,0.0724815412948148
OLSTEC_90,29,0.5,successful,10029,20029,30029,40029,502908,0.499925141550523,0.0100014053763877,0.0100014053763877,0.1,142.5002951,0.0598101838602858,0.0748234269993922,0.0612984812506898
OLSTEC_99,29,0.5,successful,10029,20029,30029,40029,502909,0.499925141550523,0.0100014053763877,0.0100014053763877,0.1,141.9878771,0.061974101010127,0.0916591109448969,0.0671979612300694
RSI_OLSTEC,29,0.5,successful,10029,20029,30029,40029,502910,0.499925141550523,0.0100014053763877,0.0100014053763877,0.1,160.2515771,0.0445391353536815,0.0515712524113356,0.0454232670220657
CP_WOPT,30,0.5,successful,10030,20030,30030,40030,503001,0.499972937008751,0.00997260149096508,0.00997260149096508,0.1,299.7852241,0.164954602954001,0.180815995525351,0.177002066594578
Petrels,30,0.5,successful,10030,20030,30030,40030,503002,0.499972937008751,0.00997260149096508,0.00997260149096508,0.1,194.9471698,0.11646715897382,0.157416294188806,0.135963354941617
Grasta,30,0.5,successful,10030,20030,30030,40030,40030,0.499972937008751,0.00997260149096508,0.00997260149096508,0.1,124.8744847,0.111160839804609,0.118977989134922,0.112285099142434
Grouse,30,0.5,successful,10030,20030,30030,40030,503004,0.499972937008751,0.00997260149096508,0.00997260149096508,0.1,120.851246,1.00002241496415,1.0000047024191,1.00003207828345
TeCPSGD,30,0.5,successful,10030,20030,30030,40030,503005,0.499972937008751,0.00997260149096508,0.00997260149096508,0.1,122.7398427,0.173806989898003,0.176881824792974,0.171362437159334
OLSTEC_70,30,0.5,successful,10030,20030,30030,40030,503006,0.499972937008751,0.00997260149096508,0.00997260149096508,0.1,141.6826794,0.0788354295081824,0.0905836786414834,0.0829005160545877
OLSTEC_80,30,0.5,successful,10030,20030,30030,40030,503007,0.499972937008751,0.00997260149096508,0.00997260149096508,0.1,141.7879004,0.0692989417018272,0.0856046633377832,0.072856530756757
OLSTEC_90,30,0.5,successful,10030,20030,30030,40030,503008,0.499972937008751,0.00997260149096508,0.00997260149096508,0.1,141.4408749,0.060172575053588,0.0758804918468552,0.0613137491039303
OLSTEC_99,30,0.5,successful,10030,20030,30030,40030,503009,0.499972937008751,0.00997260149096508,0.00997260149096508,0.1,142.0382312,0.0622902236020491,0.0960478278591014,0.0684499359831537
RSI_OLSTEC,30,0.5,successful,10030,20030,30030,40030,503010,0.499972937008751,0.00997260149096508,0.00997260149096508,0.1,160.1280638,0.0444279374107521,0.0515185531630444,0.0453968194301434
CP_WOPT,31,0.5,successful,10031,20031,30031,40031,503101,0.500157250222834,0.0100268540839478,0.0100268540839478,0.1,275.0942573,0.176984000221234,0.196763260702398,0.185101679669151
Petrels,31,0.5,successful,10031,20031,30031,40031,503102,0.500157250222834,0.0100268540839478,0.0100268540839478,0.1,188.3395018,0.116931473600677,0.154280211103267,0.136386738757812
Grasta,31,0.5,successful,10031,20031,30031,40031,40031,0.500157250222834,0.0100268540839478,0.0100268540839478,0.1,119.8951749,0.111601479311182,0.117953568138229,0.112381888081056
Grouse,31,0.5,successful,10031,20031,30031,40031,503104,0.500157250222834,0.0100268540839478,0.0100268540839478,0.1,116.4529028,1.00008117112049,1.00010569220696,1.00009029188172
TeCPSGD,31,0.5,successful,10031,20031,30031,40031,503105,0.500157250222834,0.0100268540839478,0.0100268540839478,0.1,116.5518049,0.173815542826742,0.176881382991049,0.171379350392494
OLSTEC_70,31,0.5,successful,10031,20031,30031,40031,503106,0.500157250222834,0.0100268540839478,0.0100268540839478,0.1,134.6218082,0.0786895580480428,0.0861221377230914,0.0827466355567373
OLSTEC_80,31,0.5,successful,10031,20031,30031,40031,503107,0.500157250222834,0.0100268540839478,0.0100268540839478,0.1,134.8028055,0.0688408358386127,0.0797775164568583,0.072489425567643
OLSTEC_90,31,0.5,successful,10031,20031,30031,40031,503108,0.500157250222834,0.0100268540839478,0.0100268540839478,0.1,134.7033603,0.0603846877834489,0.0740555018167537,0.0620478061260803
OLSTEC_99,31,0.5,successful,10031,20031,30031,40031,503109,0.500157250222834,0.0100268540839478,0.0100268540839478,0.1,134.9575528,0.0621255677446171,0.0941979356477376,0.0676257837837065
RSI_OLSTEC,31,0.5,successful,10031,20031,30031,40031,503110,0.500157250222834,0.0100268540839478,0.0100268540839478,0.1,153.0819438,0.0445831095996426,0.0518383686173122,0.0454518280143713
CP_WOPT,32,0.5,successful,10032,20032,30032,40032,503201,0.499907067903736,0.0100359383862734,0.0100359383862734,0.1,264.0078313,0.176794429281258,0.198467256482715,0.185004560763311
Petrels,32,0.5,successful,10032,20032,30032,40032,503202,0.499907067903736,0.0100359383862734,0.0100359383862734,0.1,194.7448042,0.116789056970899,0.158367108782446,0.135845910306771
Grasta,32,0.5,successful,10032,20032,30032,40032,40032,0.499907067903736,0.0100359383862734,0.0100359383862734,0.1,126.3522404,0.11137572217101,0.121902775810879,0.112608112746091
Grouse,32,0.5,successful,10032,20032,30032,40032,503204,0.499907067903736,0.0100359383862734,0.0100359383862734,0.1,121.5878045,0.99997361568801,0.99991328549132,0.999977539866097
TeCPSGD,32,0.5,successful,10032,20032,30032,40032,503205,0.499907067903736,0.0100359383862734,0.0100359383862734,0.1,123.4153766,0.173780108042596,0.177219953233691,0.171384899286823
OLSTEC_70,32,0.5,successful,10032,20032,30032,40032,503206,0.499907067903736,0.0100359383862734,0.0100359383862734,0.1,141.6584179,0.0791419364544557,0.0921413285501688,0.0825119205738238
OLSTEC_80,32,0.5,successful,10032,20032,30032,40032,503207,0.499907067903736,0.0100359383862734,0.0100359383862734,0.1,141.3101177,0.0697566263476165,0.0836265857051369,0.0723511095782415
OLSTEC_90,32,0.5,successful,10032,20032,30032,40032,503208,0.499907067903736,0.0100359383862734,0.0100359383862734,0.1,141.099812,0.0591425282660987,0.075171077824927,0.0612327204095318
OLSTEC_99,32,0.5,successful,10032,20032,30032,40032,503209,0.499907067903736,0.0100359383862734,0.0100359383862734,0.1,140.7244828,0.0623758416705668,0.0983383439675909,0.068726664716316
RSI_OLSTEC,32,0.5,successful,10032,20032,30032,40032,503210,0.499907067903736,0.0100359383862734,0.0100359383862734,0.1,160.4393573,0.0445664273213618,0.0514102172772245,0.0454507152697905
CP_WOPT,33,0.5,successful,10033,20033,30033,40033,503301,0.499994239222915,0.00998064125678632,0.00998064125678632,0.1,278.3518611,0.177048625011963,0.197416433834655,0.185028583741202
Petrels,33,0.5,successful,10033,20033,30033,40033,503302,0.499994239222915,0.00998064125678632,0.00998064125678632,0.1,195.2600471,0.117007144247142,0.166468154852313,0.13886704740335
Grasta,33,0.5,successful,10033,20033,30033,40033,40033,0.499994239222915,0.00998064125678632,0.00998064125678632,0.1,125.309403,0.111328490590325,0.119799302401097,0.11292195298076
Grouse,33,0.5,successful,10033,20033,30033,40033,503304,0.499994239222915,0.00998064125678632,0.00998064125678632,0.1,120.9198125,1.00007135749933,1.00002705851575,1.0000846799066
TeCPSGD,33,0.5,successful,10033,20033,30033,40033,503305,0.499994239222915,0.00998064125678632,0.00998064125678632,0.1,122.0031785,0.173779658981883,0.177212881626583,0.171439959851959
OLSTEC_70,33,0.5,successful,10033,20033,30033,40033,503306,0.499994239222915,0.00998064125678632,0.00998064125678632,0.1,139.5736679,0.0793589121552963,0.0920413611541293,0.0835356473803996
OLSTEC_80,33,0.5,successful,10033,20033,30033,40033,503307,0.499994239222915,0.00998064125678632,0.00998064125678632,0.1,139.6200154,0.0699798960371859,0.0783963707605595,0.0723554249929583
OLSTEC_90,33,0.5,successful,10033,20033,30033,40033,503308,0.499994239222915,0.00998064125678632,0.00998064125678632,0.1,139.3197532,0.0604356688770521,0.0765132346759987,0.0620806796300787
OLSTEC_99,33,0.5,successful,10033,20033,30033,40033,503309,0.499994239222915,0.00998064125678632,0.00998064125678632,0.1,139.7141113,0.0631369728124981,0.0932420024482144,0.0687124033618732
RSI_OLSTEC,33,0.5,successful,10033,20033,30033,40033,503310,0.499994239222915,0.00998064125678632,0.00998064125678632,0.1,158.5500527,0.0445295639687111,0.0513311207435053,0.0454221356349253
CP_WOPT,34,0.5,successful,10034,20034,30034,40034,503401,0.499855410825703,0.00997583005834211,0.00997583005834211,0.1,282.0579946,0.177135599458872,0.195802612885053,0.185442374990947
Petrels,34,0.5,successful,10034,20034,30034,40034,503402,0.499855410825703,0.00997583005834211,0.00997583005834211,0.1,194.7607358,0.116466396506114,0.159372598213241,0.13666375142328
Grasta,34,0.5,successful,10034,20034,30034,40034,40034,0.499855410825703,0.00997583005834211,0.00997583005834211,0.1,124.859087,0.111328964100371,0.120842196395594,0.112727715735011
Grouse,34,0.5,successful,10034,20034,30034,40034,503404,0.499855410825703,0.00997583005834211,0.00997583005834211,0.1,120.5547337,1.00001307907745,0.99999183031059,1.00002695213081
TeCPSGD,34,0.5,successful,10034,20034,30034,40034,503405,0.499855410825703,0.00997583005834211,0.00997583005834211,0.1,121.2345736,0.174122290787064,0.17722844611398,0.171378835887837
OLSTEC_70,34,0.5,successful,10034,20034,30034,40034,503406,0.499855410825703,0.00997583005834211,0.00997583005834211,0.1,139.100506,0.0793019987385957,0.0888820671311394,0.0827555444801966
OLSTEC_80,34,0.5,successful,10034,20034,30034,40034,503407,0.499855410825703,0.00997583005834211,0.00997583005834211,0.1,139.1681731,0.0698380620127541,0.0856518259854595,0.0720221883762247
OLSTEC_90,34,0.5,successful,10034,20034,30034,40034,503408,0.499855410825703,0.00997583005834211,0.00997583005834211,0.1,138.8652573,0.0601448994807772,0.0760673725484441,0.0620845785694878
OLSTEC_99,34,0.5,successful,10034,20034,30034,40034,503409,0.499855410825703,0.00997583005834211,0.00997583005834211,0.1,139.4963743,0.062339515937724,0.0944557518912445,0.0682672805682428
RSI_OLSTEC,34,0.5,successful,10034,20034,30034,40034,503410,0.499855410825703,0.00997583005834211,0.00997583005834211,0.1,158.3226795,0.0444925165742106,0.0516956393828366,0.0454131662075999
CP_WOPT,35,0.5,successful,10035,20035,30035,40035,503501,0.500131200115469,0.00999520146260433,0.00999520146260433,0.1,270.3721304,0.17662099232003,0.198206190848986,0.184784722614824
Petrels,35,0.5,successful,10035,20035,30035,40035,503502,0.500131200115469,0.00999520146260433,0.00999520146260433,0.1,189.2660684,0.116532272847749,0.160402612069261,0.135908357821609
Grasta,35,0.5,successful,10035,20035,30035,40035,40035,0.500131200115469,0.00999520146260433,0.00999520146260433,0.1,120.080386,0.111235459215888,0.121515503396974,0.112537626193963
Grouse,35,0.5,successful,10035,20035,30035,40035,503504,0.500131200115469,0.00999520146260433,0.00999520146260433,0.1,116.4013139,0.999944386180656,1.00001180514818,0.999940111972208
TeCPSGD,35,0.5,successful,10035,20035,30035,40035,503505,0.500131200115469,0.00999520146260433,0.00999520146260433,0.1,115.1825521,0.173913976915615,0.177349937536353,0.171402901062953
OLSTEC_70,35,0.5,successful,10035,20035,30035,40035,503506,0.500131200115469,0.00999520146260433,0.00999520146260433,0.1,131.9462901,0.0800337611219337,0.0919561304882476,0.0822056316604817
OLSTEC_80,35,0.5,successful,10035,20035,30035,40035,503507,0.500131200115469,0.00999520146260433,0.00999520146260433,0.1,139.3876339,0.0701766363266394,0.0867371524888076,0.0731315466316521
OLSTEC_90,35,0.5,successful,10035,20035,30035,40035,503508,0.500131200115469,0.00999520146260433,0.00999520146260433,0.1,139.4162638,0.0598527500307927,0.0742180205337031,0.0620656524506993
OLSTEC_99,35,0.5,successful,10035,20035,30035,40035,503509,0.500131200115469,0.00999520146260433,0.00999520146260433,0.1,139.693363,0.0618573826396266,0.0960415234581293,0.0671942123803771
RSI_OLSTEC,35,0.5,successful,10035,20035,30035,40035,503510,0.500131200115469,0.00999520146260433,0.00999520146260433,0.1,158.3409986,0.0445299911453061,0.0512308870825331,0.0454314946084736
CP_WOPT,36,0.5,successful,10036,20036,30036,40036,503601,0.500053904414148,0.0100197322441455,0.0100197322441455,0.1,274.6669263,0.176994434312692,0.197314380307664,0.184957078481706
Petrels,36,0.5,successful,10036,20036,30036,40036,503602,0.500053904414148,0.0100197322441455,0.0100197322441455,0.1,188.6748787,0.116880181416627,0.15714023436245,0.138866538289342
Grasta,36,0.5,successful,10036,20036,30036,40036,40036,0.500053904414148,0.0100197322441455,0.0100197322441455,0.1,120.0937373,0.111619972080971,0.120041930615241,0.113622631447322
Grouse,36,0.5,successful,10036,20036,30036,40036,503604,0.500053904414148,0.0100197322441455,0.0100197322441455,0.1,116.4868273,1.00002099965903,1.00000821789297,1.00004639645174
TeCPSGD,36,0.5,successful,10036,20036,30036,40036,503605,0.500053904414148,0.0100197322441455,0.0100197322441455,0.1,114.8749393,0.173706390383392,0.177185106266213,0.17141777457098
OLSTEC_70,36,0.5,successful,10036,20036,30036,40036,503606,0.500053904414148,0.0100197322441455,0.0100197322441455,0.1,131.3561783,0.0801020472781932,0.0931982927325086,0.0846084903263874
OLSTEC_80,36,0.5,successful,10036,20036,30036,40036,503607,0.500053904414148,0.0100197322441455,0.0100197322441455,0.1,131.4384772,0.0704083265282581,0.0794625386976392,0.0742529694390332
OLSTEC_90,36,0.5,successful,10036,20036,30036,40036,503608,0.500053904414148,0.0100197322441455,0.0100197322441455,0.1,131.3415421,0.0591374933812128,0.0755312005971455,0.0617666717785883
OLSTEC_99,36,0.5,successful,10036,20036,30036,40036,503609,0.500053904414148,0.0100197322441455,0.0100197322441455,0.1,131.4474829,0.0617958262474431,0.0974109396316906,0.0677444030278966
RSI_OLSTEC,36,0.5,successful,10036,20036,30036,40036,503610,0.500053904414148,0.0100197322441455,0.0100197322441455,0.1,149.6450525,0.0444624482256554,0.0515864807307302,0.0453883268572892
CP_WOPT,37,0.5,successful,10037,20037,30037,40037,503701,0.500007153492424,0.010032488250547,0.010032488250547,0.1,276.4898649,0.177018010961158,0.198754005136462,0.185054000484075
Petrels,37,0.5,successful,10037,20037,30037,40037,503702,0.500007153492424,0.010032488250547,0.010032488250547,0.1,189.2622301,0.116930797795519,0.153124611816866,0.136399364288724
Grasta,37,0.5,successful,10037,20037,30037,40037,40037,0.500007153492424,0.010032488250547,0.010032488250547,0.1,120.2045102,0.111402908790531,0.121241105492403,0.11289737936964
Grouse,37,0.5,successful,10037,20037,30037,40037,503704,0.500007153492424,0.010032488250547,0.010032488250547,0.1,116.4954774,0.999977573086939,0.999942605304974,0.999998354736691
TeCPSGD,37,0.5,successful,10037,20037,30037,40037,503705,0.500007153492424,0.010032488250547,0.010032488250547,0.1,115.3495061,0.138977450040677,0.130278454513892,0.120570889823552
OLSTEC_70,37,0.5,successful,10037,20037,30037,40037,503706,0.500007153492424,0.010032488250547,0.010032488250547,0.1,131.5048393,0.0788519529499061,0.096617724285825,0.083436231418531
OLSTEC_80,37,0.5,successful,10037,20037,30037,40037,503707,0.500007153492424,0.010032488250547,0.010032488250547,0.1,131.8432057,0.0692648484795255,0.0811797627557902,0.0727490221370536
OLSTEC_90,37,0.5,successful,10037,20037,30037,40037,503708,0.500007153492424,0.010032488250547,0.010032488250547,0.1,131.7002853,0.060159666572055,0.0767591557033308,0.0621104182905394
OLSTEC_99,37,0.5,successful,10037,20037,30037,40037,503709,0.500007153492424,0.010032488250547,0.010032488250547,0.1,131.7817937,0.0624183354527782,0.0953721948691412,0.0681252114323024
RSI_OLSTEC,37,0.5,successful,10037,20037,30037,40037,503710,0.500007153492424,0.010032488250547,0.010032488250547,0.1,150.3169715,0.0444889600886085,0.0517280593769296,0.0454222380329963
CP_WOPT,38,0.5,successful,10038,20038,30038,40038,503801,0.500092710527915,0.00999732218823434,0.00999732218823434,0.1,275.801069,0.176564765911123,0.196308892097461,0.183484803940543
Petrels,38,0.5,successful,10038,20038,30038,40038,503802,0.500092710527915,0.00999732218823434,0.00999732218823434,0.1,195.0946749,0.117161223384448,0.17113588712726,0.136766413521455
Grasta,38,0.5,successful,10038,20038,30038,40038,40038,0.500092710527915,0.00999732218823434,0.00999732218823434,0.1,125.0454642,0.111493628976433,0.12107232546236,0.11279183440713
Grouse,38,0.5,successful,10038,20038,30038,40038,503804,0.500092710527915,0.00999732218823434,0.00999732218823434,0.1,120.953936,1.00005931164741,1.00011937438776,1.00005203924906
TeCPSGD,38,0.5,successful,10038,20038,30038,40038,503805,0.500092710527915,0.00999732218823434,0.00999732218823434,0.1,121.8510305,0.173961648897788,0.177287816162907,0.171370688868478
OLSTEC_70,38,0.5,successful,10038,20038,30038,40038,503806,0.500092710527915,0.00999732218823434,0.00999732218823434,0.1,139.4228645,0.0791134629364311,0.0920890398538449,0.0834354170950942
OLSTEC_80,38,0.5,successful,10038,20038,30038,40038,503807,0.500092710527915,0.00999732218823434,0.00999732218823434,0.1,136.7351821,0.0691909848228056,0.0820001949559722,0.0722815338799221
OLSTEC_90,38,0.5,successful,10038,20038,30038,40038,503808,0.500092710527915,0.00999732218823434,0.00999732218823434,0.1,134.3557944,0.0600918035382972,0.0743814406990314,0.0612747088620162
OLSTEC_99,38,0.5,successful,10038,20038,30038,40038,503809,0.500092710527915,0.00999732218823434,0.00999732218823434,0.1,133.4918422,0.0621726711433382,0.0982502077942727,0.0686317825872416
RSI_OLSTEC,38,0.5,successful,10038,20038,30038,40038,503810,0.500092710527915,0.00999732218823434,0.00999732218823434,0.1,151.0678741,0.0444961844979415,0.0513670272852287,0.0453713970299551
CP_WOPT,39,0.5,successful,10039,20039,30039,40039,503901,0.49986617271696,0.0100159339295843,0.0100159339295843,0.1,288.939188,0.130860160539358,0.160529172438569,0.143971381944279
Petrels,39,0.5,successful,10039,20039,30039,40039,503902,0.49986617271696,0.0100159339295843,0.0100159339295843,0.1,194.5079483,0.116813443413601,0.163668966131054,0.136542877788267
Grasta,39,0.5,successful,10039,20039,30039,40039,40039,0.49986617271696,0.0100159339295843,0.0100159339295843,0.1,124.874868,0.111327016774016,0.121571545901447,0.112582916771677
Grouse,39,0.5,successful,10039,20039,30039,40039,503904,0.49986617271696,0.0100159339295843,0.0100159339295843,0.1,120.7957603,1.0000050491149,1.00002536778545,0.999984319036651
TeCPSGD,39,0.5,successful,10039,20039,30039,40039,503905,0.49986617271696,0.0100159339295843,0.0100159339295843,0.1,122.0508958,0.17391142305084,0.177173950041831,0.171354952975071
OLSTEC_70,39,0.5,successful,10039,20039,30039,40039,503906,0.49986617271696,0.0100159339295843,0.0100159339295843,0.1,140.7885928,0.0799931122915063,0.0947669976875539,0.0837204950923073
OLSTEC_80,39,0.5,successful,10039,20039,30039,40039,503907,0.49986617271696,0.0100159339295843,0.0100159339295843,0.1,140.8975907,0.0702452678425708,0.0906405881564065,0.0732533570813602
OLSTEC_90,39,0.5,successful,10039,20039,30039,40039,503908,0.49986617271696,0.0100159339295843,0.0100159339295843,0.1,140.6263413,0.0605090013482628,0.0784778740216195,0.0623346826234538
OLSTEC_99,39,0.5,successful,10039,20039,30039,40039,503909,0.49986617271696,0.0100159339295843,0.0100159339295843,0.1,140.7755214,0.062496344086132,0.0965126338642595,0.0688506064489924
RSI_OLSTEC,39,0.5,successful,10039,20039,30039,40039,503910,0.49986617271696,0.0100159339295843,0.0100159339295843,0.1,159.4799726,0.0444694373789447,0.0512192670309323,0.045325219396219
CP_WOPT,40,0.5,successful,10040,20040,30040,40040,504001,0.500067799914918,0.0100077359006563,0.0100077359006563,0.1,287.2879369,0.156271665245388,0.177483839580117,0.167033799047126
Petrels,40,0.5,successful,10040,20040,30040,40040,504002,0.500067799914918,0.0100077359006563,0.0100077359006563,0.1,195.1043699,0.116742760359463,0.166619506686,0.13555006556002
Grasta,40,0.5,successful,10040,20040,30040,40040,40040,0.500067799914918,0.0100077359006563,0.0100077359006563,0.1,124.7818777,0.111433802785423,0.120335139675959,0.112017646896409
Grouse,40,0.5,successful,10040,20040,30040,40040,504004,0.500067799914918,0.0100077359006563,0.0100077359006563,0.1,120.9627046,1.00003154688456,1.00009839758331,1.00003456211566
TeCPSGD,40,0.5,successful,10040,20040,30040,40040,504005,0.500067799914918,0.0100077359006563,0.0100077359006563,0.1,121.3305196,0.14204821326689,0.130003036902269,0.120457250138593
OLSTEC_70,40,0.5,successful,10040,20040,30040,40040,504006,0.500067799914918,0.0100077359006563,0.0100077359006563,0.1,140.4247975,0.0787042642276596,0.0909438088309179,0.0821918377726156
OLSTEC_80,40,0.5,successful,10040,20040,30040,40040,504007,0.500067799914918,0.0100077359006563,0.0100077359006563,0.1,140.8111864,0.069727061540117,0.0860741749664832,0.0724994768417666
OLSTEC_90,40,0.5,successful,10040,20040,30040,40040,504008,0.500067799914918,0.0100077359006563,0.0100077359006563,0.1,140.4407418,0.0597339140180857,0.0747953109452617,0.0610386760122919
OLSTEC_99,40,0.5,successful,10040,20040,30040,40040,504009,0.500067799914918,0.0100077359006563,0.0100077359006563,0.1,140.5248281,0.0620460040689446,0.0956238740852701,0.0674817330292075
RSI_OLSTEC,40,0.5,successful,10040,20040,30040,40040,504010,0.500067799914918,0.0100077359006563,0.0100077359006563,0.1,159.3319594,0.0444832176811673,0.0515503612269049,0.0454191572310508
CP_WOPT,41,0.5,successful,10041,20041,30041,40041,504101,0.500024878960376,0.0100115025625962,0.0100115025625962,0.1,287.3151599,0.177327976790826,0.19752974351798,0.185541796834181
Petrels,41,0.5,successful,10041,20041,30041,40041,504102,0.500024878960376,0.0100115025625962,0.0100115025625962,0.1,194.4707999,0.116697068274369,0.157237998061751,0.136533885546543
Grasta,41,0.5,successful,10041,20041,30041,40041,40041,0.500024878960376,0.0100115025625962,0.0100115025625962,0.1,124.8023291,0.111195348608603,0.11945935074547,0.112214379878182
Grouse,41,0.5,successful,10041,20041,30041,40041,504104,0.500024878960376,0.0100115025625962,0.0100115025625962,0.1,120.5631945,0.999914314340988,0.999912114334563,0.999895102439982
TeCPSGD,41,0.5,successful,10041,20041,30041,40041,504105,0.500024878960376,0.0100115025625962,0.0100115025625962,0.1,121.9711371,0.173902639523479,0.177029790897622,0.171334222285755
OLSTEC_70,41,0.5,successful,10041,20041,30041,40041,504106,0.500024878960376,0.0100115025625962,0.0100115025625962,0.1,141.0191454,0.0795870823844906,0.0890558603622193,0.083640725472075
OLSTEC_80,41,0.5,successful,10041,20041,30041,40041,504107,0.500024878960376,0.0100115025625962,0.0100115025625962,0.1,140.9966966,0.0693851029557173,0.0797141570498297,0.0724145965049977
OLSTEC_90,41,0.5,successful,10041,20041,30041,40041,504108,0.500024878960376,0.0100115025625962,0.0100115025625962,0.1,138.2702972,0.0595484370307038,0.0742243260734905,0.0612258319417647
OLSTEC_99,41,0.5,successful,10041,20041,30041,40041,504109,0.500024878960376,0.0100115025625962,0.0100115025625962,0.1,133.3734993,0.062068835449652,0.0934062992424187,0.0680665129225217
RSI_OLSTEC,41,0.5,successful,10041,20041,30041,40041,504110,0.500024878960376,0.0100115025625962,0.0100115025625962,0.1,150.2797179,0.0445309272091048,0.0511806775047368,0.0453806549595307
CP_WOPT,42,0.5,successful,10042,20042,30042,40042,504201,0.4999123538915,0.0100148260878373,0.0100148260878373,0.1,258.9372866,0.176552949573826,0.195921078665714,0.184502448294752
Petrels,42,0.5,successful,10042,20042,30042,40042,504202,0.4999123538915,0.0100148260878373,0.0100148260878373,0.1,188.2367207,0.116724487157173,0.166205849912493,0.13653254028124
Grasta,42,0.5,successful,10042,20042,30042,40042,40042,0.4999123538915,0.0100148260878373,0.0100148260878373,0.1,119.9728088,0.111351393708794,0.121024646907211,0.112783763982617
Grouse,42,0.5,successful,10042,20042,30042,40042,504204,0.4999123538915,0.0100148260878373,0.0100148260878373,0.1,116.4923465,1.00008711959108,1.00009752971098,1.00010234440136
TeCPSGD,42,0.5,successful,10042,20042,30042,40042,504205,0.4999123538915,0.0100148260878373,0.0100148260878373,0.1,116.2589196,0.173959897559375,0.17720518272573,0.171385159040534
OLSTEC_70,42,0.5,successful,10042,20042,30042,40042,504206,0.4999123538915,0.0100148260878373,0.0100148260878373,0.1,134.248552,0.080246889356648,0.0917597333318211,0.0830707705462349
OLSTEC_80,42,0.5,successful,10042,20042,30042,40042,504207,0.4999123538915,0.0100148260878373,0.0100148260878373,0.1,134.2855371,0.0704442053633402,0.0782117009688917,0.0722153856261065
OLSTEC_90,42,0.5,successful,10042,20042,30042,40042,504208,0.4999123538915,0.0100148260878373,0.0100148260878373,0.1,134.5358141,0.0606865586402081,0.0755452136309408,0.0616470720120372
OLSTEC_99,42,0.5,successful,10042,20042,30042,40042,504209,0.4999123538915,0.0100148260878373,0.0100148260878373,0.1,134.3369098,0.0627335104399033,0.0985823324011195,0.0676619324533631
RSI_OLSTEC,42,0.5,successful,10042,20042,30042,40042,504210,0.4999123538915,0.0100148260878373,0.0100148260878373,0.1,151.7009348,0.0444693438615839,0.051512414250646,0.0454261607822232
CP_WOPT,43,0.5,successful,10043,20043,30043,40043,504301,0.500024594086784,0.0100447694676282,0.0100447694676282,0.1,271.5444138,0.176845104155406,0.195976339951318,0.184794595171817
Petrels,43,0.5,successful,10043,20043,30043,40043,504302,0.500024594086784,0.0100447694676282,0.0100447694676282,0.1,195.9569145,0.116902827993025,0.159679462422264,0.137358512007964
Grasta,43,0.5,successful,10043,20043,30043,40043,40043,0.500024594086784,0.0100447694676282,0.0100447694676282,0.1,125.6056505,0.111527346030676,0.120908514557373,0.112605811998936
Grouse,43,0.5,successful,10043,20043,30043,40043,504304,0.500024594086784,0.0100447694676282,0.0100447694676282,0.1,121.3704706,1.00006768823993,0.999950503308471,1.00004976300325
TeCPSGD,43,0.5,successful,10043,20043,30043,40043,504305,0.500024594086784,0.0100447694676282,0.0100447694676282,0.1,121.8026454,0.138199679794859,0.129751292912955,0.120457271998317
OLSTEC_70,43,0.5,successful,10043,20043,30043,40043,504306,0.500024594086784,0.0100447694676282,0.0100447694676282,0.1,141.0038489,0.0785796091600425,0.095495166952055,0.0837540263543362
OLSTEC_80,43,0.5,successful,10043,20043,30043,40043,504307,0.500024594086784,0.0100447694676282,0.0100447694676282,0.1,141.7160756,0.0689769634252528,0.0873449205752182,0.072387212990369
OLSTEC_90,43,0.5,successful,10043,20043,30043,40043,504308,0.500024594086784,0.0100447694676282,0.0100447694676282,0.1,140.8141953,0.0595233288409416,0.0738723055051163,0.0613079047484451
OLSTEC_99,43,0.5,successful,10043,20043,30043,40043,504309,0.500024594086784,0.0100447694676282,0.0100447694676282,0.1,141.0634528,0.0622121008652683,0.0921366959281488,0.0677148776795104
RSI_OLSTEC,43,0.5,successful,10043,20043,30043,40043,504310,0.500024594086784,0.0100447694676282,0.0100447694676282,0.1,159.7998056,0.0445573693941346,0.0514249339887597,0.0454049504888559
CP_WOPT,44,0.5,successful,10044,20044,30044,40044,504401,0.499990409255733,0.00999852498784539,0.00999852498784539,0.1,290.407072,0.176802520280576,0.197327967221178,0.185027592594598
Petrels,44,0.5,successful,10044,20044,30044,40044,504402,0.499990409255733,0.00999852498784539,0.00999852498784539,0.1,195.3710173,0.116795398770257,0.16922317168632,0.136779761456771
Grasta,44,0.5,successful,10044,20044,30044,40044,40044,0.499990409255733,0.00999852498784539,0.00999852498784539,0.1,124.9241983,0.111484976581114,0.121832719471626,0.113286397444569
Grouse,44,0.5,successful,10044,20044,30044,40044,504404,0.499990409255733,0.00999852498784539,0.00999852498784539,0.1,120.7947675,1.00005108982744,1.00003116981227,1.00005285240313
TeCPSGD,44,0.5,successful,10044,20044,30044,40044,504405,0.499990409255733,0.00999852498784539,0.00999852498784539,0.1,122.5677165,0.173977838983334,0.177320655057261,0.17141383932905
OLSTEC_70,44,0.5,successful,10044,20044,30044,40044,504406,0.499990409255733,0.00999852498784539,0.00999852498784539,0.1,142.0319021,0.0793232590526545,0.0959413845482982,0.0840524827932056
OLSTEC_80,44,0.5,successful,10044,20044,30044,40044,504407,0.499990409255733,0.00999852498784539,0.00999852498784539,0.1,141.3189394,0.0696830909498727,0.092163447219935,0.0735051445612355
OLSTEC_90,44,0.5,successful,10044,20044,30044,40044,504408,0.499990409255733,0.00999852498784539,0.00999852498784539,0.1,141.5126236,0.0590544439482203,0.0771437867747098,0.0610513361681505
OLSTEC_99,44,0.5,successful,10044,20044,30044,40044,504409,0.499990409255733,0.00999852498784539,0.00999852498784539,0.1,141.9191661,0.0617551256502956,0.0930954207411113,0.0684410230603717
RSI_OLSTEC,44,0.5,successful,10044,20044,30044,40044,504410,0.499990409255733,0.00999852498784539,0.00999852498784539,0.1,161.3483632,0.0444820965930234,0.0518317922452251,0.0454039105863659
CP_WOPT,45,0.5,successful,10045,20045,30045,40045,504501,0.500023106413581,0.0100073560692002,0.0100073560692002,0.1,261.7764955,0.176809624991445,0.197080700284263,0.184732473288969
Petrels,45,0.5,successful,10045,20045,30045,40045,504502,0.500023106413581,0.0100073560692002,0.0100073560692002,0.1,191.1030006,0.116546078470823,0.166640934648775,0.137094663949824
Grasta,45,0.5,successful,10045,20045,30045,40045,40045,0.500023106413581,0.0100073560692002,0.0100073560692002,0.1,119.4713331,0.111366392643151,0.119503039512781,0.112821844584885
Grouse,45,0.5,successful,10045,20045,30045,40045,504504,0.500023106413581,0.0100073560692002,0.0100073560692002,0.1,116.2168008,1.00005078547688,1.0000890391253,1.00005016980343
TeCPSGD,45,0.5,successful,10045,20045,30045,40045,504505,0.500023106413581,0.0100073560692002,0.0100073560692002,0.1,114.9892612,0.173768175237711,0.177127215907045,0.171413860355353
OLSTEC_70,45,0.5,successful,10045,20045,30045,40045,504506,0.500023106413581,0.0100073560692002,0.0100073560692002,0.1,133.8138686,0.0787424081280658,0.0988868343314491,0.0834706267572267
OLSTEC_80,45,0.5,successful,10045,20045,30045,40045,504507,0.500023106413581,0.0100073560692002,0.0100073560692002,0.1,133.8853492,0.0690886220676861,0.0836472962570381,0.0723866500610221
OLSTEC_90,45,0.5,successful,10045,20045,30045,40045,504508,0.500023106413581,0.0100073560692002,0.0100073560692002,0.1,133.5189984,0.0594250759149356,0.0750735018130379,0.0619986001004544
OLSTEC_99,45,0.5,successful,10045,20045,30045,40045,504509,0.500023106413581,0.0100073560692002,0.0100073560692002,0.1,133.6088615,0.0623148561972248,0.0968451516866077,0.068132420057548
RSI_OLSTEC,45,0.5,successful,10045,20045,30045,40045,504510,0.500023106413581,0.0100073560692002,0.0100073560692002,0.1,151.4665329,0.044571530722922,0.0514368264954835,0.0454213589942644
CP_WOPT,46,0.5,successful,10046,20046,30046,40046,504601,0.500098629568106,0.0100052669961916,0.0100052669961916,0.1,269.7020439,0.176608505187843,0.197512256046392,0.184772167721943
Petrels,46,0.5,successful,10046,20046,30046,40046,504602,0.500098629568106,0.0100052669961916,0.0100052669961916,0.1,194.931651,0.116784773459534,0.166803084121015,0.134823845515475
Grasta,46,0.5,successful,10046,20046,30046,40046,40046,0.500098629568106,0.0100052669961916,0.0100052669961916,0.1,124.7283396,0.111377196138226,0.120522206116978,0.112855104517064
Grouse,46,0.5,successful,10046,20046,30046,40046,504604,0.500098629568106,0.0100052669961916,0.0100052669961916,0.1,120.8800477,0.999989341705735,0.999932334022491,0.999971743805989
TeCPSGD,46,0.5,successful,10046,20046,30046,40046,504605,0.500098629568106,0.0100052669961916,0.0100052669961916,0.1,121.8259331,0.173962743592855,0.177165476997218,0.171382006220193
OLSTEC_70,46,0.5,successful,10046,20046,30046,40046,504606,0.500098629568106,0.0100052669961916,0.0100052669961916,0.1,140.408483,0.080126678076718,0.0861931100080999,0.0833899951764605
OLSTEC_80,46,0.5,successful,10046,20046,30046,40046,504607,0.500098629568106,0.0100052669961916,0.0100052669961916,0.1,140.9277187,0.0692729985990393,0.0802087050919922,0.0725369880776695
OLSTEC_90,46,0.5,successful,10046,20046,30046,40046,504608,0.500098629568106,0.0100052669961916,0.0100052669961916,0.1,140.5393909,0.0597575499187492,0.0753773961540773,0.0612093490244457
OLSTEC_99,46,0.5,successful,10046,20046,30046,40046,504609,0.500098629568106,0.0100052669961916,0.0100052669961916,0.1,140.7199299,0.0617178523519979,0.0978983891838636,0.0682784183529401
RSI_OLSTEC,46,0.5,successful,10046,20046,30046,40046,504610,0.500098629568106,0.0100052669961916,0.0100052669961916,0.1,159.5522007,0.044429303339797,0.0514492522610406,0.0454696644483851
CP_WOPT,47,0.5,successful,10047,20047,30047,40047,504701,0.499940271503525,0.00997481717445912,0.00997481717445912,0.1,279.9729605,0.176338970542403,0.198535456241514,0.184082473552379
Petrels,47,0.5,successful,10047,20047,30047,40047,504702,0.499940271503525,0.00997481717445912,0.00997481717445912,0.1,189.1028219,0.116427963104044,0.170458466091391,0.13468863630384
Grasta,47,0.5,successful,10047,20047,30047,40047,40047,0.499940271503525,0.00997481717445912,0.00997481717445912,0.1,120.2451205,0.111223985792447,0.12024349755833,0.112036969209821
Grouse,47,0.5,successful,10047,20047,30047,40047,504704,0.499940271503525,0.00997481717445912,0.00997481717445912,0.1,116.7588309,1.0000704060906,0.999959522721073,1.00007167506572
TeCPSGD,47,0.5,successful,10047,20047,30047,40047,504705,0.499940271503525,0.00997481717445912,0.00997481717445912,0.1,116.3738295,0.173905518433627,0.177091574782643,0.171374171574491
OLSTEC_70,47,0.5,successful,10047,20047,30047,40047,504706,0.499940271503525,0.00997481717445912,0.00997481717445912,0.1,133.4559346,0.0796233489938866,0.095828809733685,0.0825864606241017
OLSTEC_80,47,0.5,successful,10047,20047,30047,40047,504707,0.499940271503525,0.00997481717445912,0.00997481717445912,0.1,133.5605942,0.0704690083388727,0.0900343616042517,0.0732568947844594
OLSTEC_90,47,0.5,successful,10047,20047,30047,40047,504708,0.499940271503525,0.00997481717445912,0.00997481717445912,0.1,139.6595478,0.0593475366117432,0.0755237861589016,0.060921537704991
OLSTEC_99,47,0.5,successful,10047,20047,30047,40047,504709,0.499940271503525,0.00997481717445912,0.00997481717445912,0.1,145.3432436,0.0616077293325197,0.0975941671066846,0.0673560921876928
RSI_OLSTEC,47,0.5,successful,10047,20047,30047,40047,504710,0.499940271503525,0.00997481717445912,0.00997481717445912,0.1,163.4717791,0.0443626866759168,0.051174833085176,0.0453481009367146
CP_WOPT,48,0.5,successful,10048,20048,30048,40048,504801,0.500057132981525,0.00994392421602787,0.00994392421602787,0.1,277.3232878,0.177192463951891,0.198436043918347,0.185334434108853
Petrels,48,0.5,successful,10048,20048,30048,40048,504802,0.500057132981525,0.00994392421602787,0.00994392421602787,0.1,189.813915,0.116383721582668,0.154474916011921,0.133732060540704
Grasta,48,0.5,successful,10048,20048,30048,40048,40048,0.500057132981525,0.00994392421602787,0.00994392421602787,0.1,120.5812757,0.111221028809636,0.119056420473832,0.112139570820493
Grouse,48,0.5,successful,10048,20048,30048,40048,504804,0.500057132981525,0.00994392421602787,0.00994392421602787,0.1,116.634217,1.00013668760801,1.00013529717951,1.00015043871227
TeCPSGD,48,0.5,successful,10048,20048,30048,40048,504805,0.500057132981525,0.00994392421602787,0.00994392421602787,0.1,114.7832599,0.138660953397409,0.129789276964391,0.120429174869882
OLSTEC_70,48,0.5,successful,10048,20048,30048,40048,504806,0.500057132981525,0.00994392421602787,0.00994392421602787,0.1,131.9408167,0.0788875539132387,0.0958485537695808,0.0824847710036693
OLSTEC_80,48,0.5,successful,10048,20048,30048,40048,504807,0.500057132981525,0.00994392421602787,0.00994392421602787,0.1,131.8897398,0.0694738963684928,0.0828327708039619,0.072932389854938
OLSTEC_90,48,0.5,successful,10048,20048,30048,40048,504808,0.500057132981525,0.00994392421602787,0.00994392421602787,0.1,131.9067436,0.0600908054181114,0.0748259653185285,0.0619962279701734
OLSTEC_99,48,0.5,successful,10048,20048,30048,40048,504809,0.500057132981525,0.00994392421602787,0.00994392421602787,0.1,132.0177973,0.0622367870256113,0.0952294343495762,0.0673415781876531
RSI_OLSTEC,48,0.5,successful,10048,20048,30048,40048,504810,0.500057132981525,0.00994392421602787,0.00994392421602787,0.1,150.3170894,0.0445172668392701,0.0515783979392795,0.0453521007046807
CP_WOPT,49,0.5,successful,10049,20049,30049,40049,504901,0.49996325130662,0.0100194473705534,0.0100194473705534,0.1,271.8500235,0.176761844126181,0.195637482578035,0.184987525600134
Petrels,49,0.5,successful,10049,20049,30049,40049,504902,0.49996325130662,0.0100194473705534,0.0100194473705534,0.1,190.2740454,0.11658279551133,0.159389018781411,0.13660923768732
Grasta,49,0.5,successful,10049,20049,30049,40049,40049,0.49996325130662,0.0100194473705534,0.0100194473705534,0.1,120.2621633,0.111293079701891,0.119294674959062,0.11265496584387
Grouse,49,0.5,successful,10049,20049,30049,40049,504904,0.49996325130662,0.0100194473705534,0.0100194473705534,0.1,116.6136252,1.00009006756757,1.00018831775297,1.00011293920814
TeCPSGD,49,0.5,successful,10049,20049,30049,40049,504905,0.49996325130662,0.0100194473705534,0.0100194473705534,0.1,114.6499212,0.173959300792356,0.17723130749278,0.171408668811937
OLSTEC_70,49,0.5,successful,10049,20049,30049,40049,504906,0.49996325130662,0.0100194473705534,0.0100194473705534,0.1,131.4430176,0.0800262905193131,0.101723560556329,0.0841519760918238
OLSTEC_80,49,0.5,successful,10049,20049,30049,40049,504907,0.49996325130662,0.0100194473705534,0.0100194473705534,0.1,131.6343124,0.0692099953361856,0.0803808501505493,0.0728350047670435
OLSTEC_90,49,0.5,successful,10049,20049,30049,40049,504908,0.49996325130662,0.0100194473705534,0.0100194473705534,0.1,131.8209442,0.059484276115944,0.0746255337677333,0.0610855394555117
OLSTEC_99,49,0.5,successful,10049,20049,30049,40049,504909,0.49996325130662,0.0100194473705534,0.0100194473705534,0.1,131.9321877,0.0620895456626946,0.0990163953725455,0.0688810935871907
RSI_OLSTEC,49,0.5,successful,10049,20049,30049,40049,504910,0.49996325130662,0.0100194473705534,0.0100194473705534,0.1,150.3480214,0.0445457975972176,0.051692164507814,0.0454409285383261
CP_WOPT,50,0.5,successful,10050,20050,30050,40050,505001,0.499953375688761,0.0100006457134754,0.0100006457134754,0.1,270.859484,0.176551014502094,0.195675868114294,0.18455457533801
Petrels,50,0.5,successful,10050,20050,30050,40050,505002,0.499953375688761,0.0100006457134754,0.0100006457134754,0.1,195.5157587,0.116721197025298,0.149083937471583,0.136936087477353
Grasta,50,0.5,successful,10050,20050,30050,40050,40050,0.499953375688761,0.0100006457134754,0.0100006457134754,0.1,125.1076461,0.111472996749945,0.121696922131844,0.113390817371302
Grouse,50,0.5,successful,10050,20050,30050,40050,505004,0.499953375688761,0.0100006457134754,0.0100006457134754,0.1,120.7694653,1.00005307240855,1.00009416761283,1.00007381336819
TeCPSGD,50,0.5,successful,10050,20050,30050,40050,505005,0.499953375688761,0.0100006457134754,0.0100006457134754,0.1,121.5223841,0.173511693971671,0.177084141781468,0.171415170229144
OLSTEC_70,50,0.5,successful,10050,20050,30050,40050,505006,0.499953375688761,0.0100006457134754,0.0100006457134754,0.1,139.5316167,0.0794021710665489,0.0889398895002025,0.0842744529901016
OLSTEC_80,50,0.5,successful,10050,20050,30050,40050,505007,0.499953375688761,0.0100006457134754,0.0100006457134754,0.1,138.7242031,0.0694339063831001,0.0820065144099908,0.0734603153220977
OLSTEC_90,50,0.5,successful,10050,20050,30050,40050,505008,0.499953375688761,0.0100006457134754,0.0100006457134754,0.1,139.745542,0.0588792556173413,0.0735050445520991,0.0610629202276045
OLSTEC_99,50,0.5,successful,10050,20050,30050,40050,505009,0.499953375688761,0.0100006457134754,0.0100006457134754,0.1,138.3165789,0.0623830790988273,0.0945527416303368,0.068533632275152
RSI_OLSTEC,50,0.5,successful,10050,20050,30050,40050,505010,0.499953375688761,0.0100006457134754,0.0100006457134754,0.1,149.2493211,0.0445244180570589,0.0513887794287648,0.0454112490815767
CP_WOPT,1,0.3,successful,10001,20001,30001,40001,500101,0.300096287274127,0.0100093501843449,0.0100093501843449,0.1,269.561432,0.176756397743985,0.197076537184787,0.184828210015588
Petrels,1,0.3,successful,10001,20001,30001,40001,500102,0.300096287274127,0.0100093501843449,0.0100093501843449,0.1,166.7930915,0.120571344880061,0.162591552733043,0.13727754193371
Grasta,1,0.3,successful,10001,20001,30001,40001,40001,0.300096287274127,0.0100093501843449,0.0100093501843449,0.1,124.6518524,0.131563049360583,0.138269955346233,0.128490623539416
Grouse,1,0.3,successful,10001,20001,30001,40001,500104,0.300096287274127,0.0100093501843449,0.0100093501843449,0.1,119.6777964,1.00015551154467,1.00026068965261,1.00015743096751
TeCPSGD,1,0.3,successful,10001,20001,30001,40001,500105,0.300096287274127,0.0100093501843449,0.0100093501843449,0.1,121.4137944,0.173158831046085,0.179149104195017,0.171583190266733
OLSTEC_70,1,0.3,successful,10001,20001,30001,40001,500106,0.300096287274127,0.0100093501843449,0.0100093501843449,0.1,137.9026376,0.0948234497213028,0.102618803427956,0.0987613744633986
OLSTEC_80,1,0.3,successful,10001,20001,30001,40001,500107,0.300096287274127,0.0100093501843449,0.0100093501843449,0.1,137.8280525,0.0839786774724485,0.0994422171085104,0.0876850722859765
OLSTEC_90,1,0.3,successful,10001,20001,30001,40001,500108,0.300096287274127,0.0100093501843449,0.0100093501843449,0.1,137.810563,0.0700681989142668,0.0924167597302654,0.0733892538328118
OLSTEC_99,1,0.3,successful,10001,20001,30001,40001,500109,0.300096287274127,0.0100093501843449,0.0100093501843449,0.1,138.1720215,0.0640670267983661,0.0963143341847098,0.0691217967501244
RSI_OLSTEC,1,0.3,successful,10001,20001,30001,40001,500110,0.300096287274127,0.0100093501843449,0.0100093501843449,0.1,148.1220396,0.0456449515603853,0.0522803699318998,0.0464744018651799
CP_WOPT,2,0.3,successful,10002,20002,30002,40002,500201,0.300130218884207,0.0100109961206547,0.0100109961206547,0.1,269.356686,0.134008826963633,0.159206023926642,0.145803657090996
Petrels,2,0.3,successful,10002,20002,30002,40002,500202,0.300130218884207,0.0100109961206547,0.0100109961206547,0.1,160.0488455,0.120172591925308,0.160738924641909,0.136843310939153
Grasta,2,0.3,successful,10002,20002,30002,40002,40002,0.300130218884207,0.0100109961206547,0.0100109961206547,0.1,118.8789114,0.131357088062514,0.139353975921475,0.129161448856576
Grouse,2,0.3,successful,10002,20002,30002,40002,500204,0.300130218884207,0.0100109961206547,0.0100109961206547,0.1,114.8283556,1.00011377248244,1.00001055308711,1.00010315225353
TeCPSGD,2,0.3,successful,10002,20002,30002,40002,500205,0.300130218884207,0.0100109961206547,0.0100109961206547,0.1,116.0950567,0.173122622698898,0.178921771829567,0.171518107836466
OLSTEC_70,2,0.3,successful,10002,20002,30002,40002,500206,0.300130218884207,0.0100109961206547,0.0100109961206547,0.1,130.3458608,0.0950966559814877,0.110258749911318,0.100020040505827
OLSTEC_80,2,0.3,successful,10002,20002,30002,40002,500207,0.300130218884207,0.0100109961206547,0.0100109961206547,0.1,130.2821503,0.0839875796016407,0.0981818782489345,0.0872555739657198
OLSTEC_90,2,0.3,successful,10002,20002,30002,40002,500208,0.300130218884207,0.0100109961206547,0.0100109961206547,0.1,130.7354717,0.070761468477295,0.0821652462838217,0.0722870593710396
OLSTEC_99,2,0.3,successful,10002,20002,30002,40002,500209,0.300130218884207,0.0100109961206547,0.0100109961206547,0.1,130.8075608,0.0643085545257669,0.0894909095359022,0.0682343650343366
RSI_OLSTEC,2,0.3,successful,10002,20002,30002,40002,500210,0.300130218884207,0.0100109961206547,0.0100109961206547,0.1,141.0202921,0.0455627829474166,0.0530018078116603,0.0465342001554675
CP_WOPT,3,0.3,successful,10003,20003,30003,40003,500301,0.300043838880561,0.00999156141114983,0.00999156141114983,0.1,248.4702564,0.177041458175228,0.197007055652047,0.185090742386292
Petrels,3,0.3,successful,10003,20003,30003,40003,500302,0.300043838880561,0.00999156141114983,0.00999156141114983,0.1,160.4492577,0.120529935541838,0.165511757993106,0.136513233318096
Grasta,3,0.3,successful,10003,20003,30003,40003,40003,0.300043838880561,0.00999156141114983,0.00999156141114983,0.1,118.9331689,0.131367715817888,0.138619612594334,0.129413725702587
Grouse,3,0.3,successful,10003,20003,30003,40003,500304,0.300043838880561,0.00999156141114983,0.00999156141114983,0.1,115.0402295,1.00020937097386,1.00033301129823,1.00020283246908
TeCPSGD,3,0.3,successful,10003,20003,30003,40003,500305,0.300043838880561,0.00999156141114983,0.00999156141114983,0.1,114.1693684,0.173171728383884,0.178894774620066,0.17155326165653
OLSTEC_70,3,0.3,successful,10003,20003,30003,40003,500306,0.300043838880561,0.00999156141114983,0.00999156141114983,0.1,128.2112126,0.0954467642957249,0.119424008150691,0.0990730531697207
OLSTEC_80,3,0.3,successful,10003,20003,30003,40003,500307,0.300043838880561,0.00999156141114983,0.00999156141114983,0.1,127.4205388,0.0840486312505764,0.0986845586066783,0.0874860554524925
OLSTEC_90,3,0.3,successful,10003,20003,30003,40003,500308,0.300043838880561,0.00999156141114983,0.00999156141114983,0.1,127.8272718,0.0698834831174888,0.0901141419778033,0.072310734140372
OLSTEC_99,3,0.3,successful,10003,20003,30003,40003,500309,0.300043838880561,0.00999156141114983,0.00999156141114983,0.1,127.7084458,0.0645485707283027,0.0995544586218339,0.0684860658615092
RSI_OLSTEC,3,0.3,successful,10003,20003,30003,40003,500310,0.300043838880561,0.00999156141114983,0.00999156141114983,0.1,138.4684201,0.0456644383698089,0.052870861851395,0.0464659464777647
CP_WOPT,4,0.3,successful,10004,20004,30004,40004,500401,0.300021365519407,0.00999877820881614,0.00999877820881614,0.1,268.8921734,0.176948986695532,0.196821000161477,0.184682267339493
Petrels,4,0.3,successful,10004,20004,30004,40004,500402,0.300021365519407,0.00999877820881614,0.00999877820881614,0.1,166.0835496,0.120444774818851,0.163414339948774,0.137196044104244
Grasta,4,0.3,successful,10004,20004,30004,40004,40004,0.300021365519407,0.00999877820881614,0.00999877820881614,0.1,121.3369714,0.131695646405883,0.141601817254755,0.12952556663175
Grouse,4,0.3,successful,10004,20004,30004,40004,500404,0.300021365519407,0.00999877820881614,0.00999877820881614,0.1,114.2796829,1.0003507547494,1.00057406517745,1.00036195778875
TeCPSGD,4,0.3,successful,10004,20004,30004,40004,500405,0.300021365519407,0.00999877820881614,0.00999877820881614,0.1,113.9199618,0.173160123217984,0.17893177088735,0.171567817903346
OLSTEC_70,4,0.3,successful,10004,20004,30004,40004,500406,0.300021365519407,0.00999877820881614,0.00999877820881614,0.1,127.1047187,0.0952309566916917,0.109325083677423,0.0998088947543223
OLSTEC_80,4,0.3,successful,10004,20004,30004,40004,500407,0.300021365519407,0.00999877820881614,0.00999877820881614,0.1,126.9830085,0.083834042867279,0.0930547565399349,0.0873393069857418
OLSTEC_90,4,0.3,successful,10004,20004,30004,40004,500408,0.300021365519407,0.00999877820881614,0.00999877820881614,0.1,127.0772115,0.0701163318885916,0.0916074741195259,0.0729873863154482
OLSTEC_99,4,0.3,successful,10004,20004,30004,40004,500409,0.300021365519407,0.00999877820881614,0.00999877820881614,0.1,127.1577199,0.0649628277605021,0.0965280624133038,0.0688323247686001
RSI_OLSTEC,4,0.3,successful,10004,20004,30004,40004,500410,0.300021365519407,0.00999877820881614,0.00999877820881614,0.1,138.0293503,0.0456433721900453,0.0528544399011834,0.0465948635952691
CP_WOPT,5,0.3,successful,10005,20005,30005,40005,500501,0.300058272475893,0.0100233089903573,0.0100233089903573,0.1,269.1258032,0.176842409347318,0.199219502787161,0.184971192177377
Petrels,5,0.3,successful,10005,20005,30005,40005,500502,0.300058272475893,0.0100233089903573,0.0100233089903573,0.1,166.6912413,0.12100468766268,0.162450799941402,0.138222907351997
Grasta,5,0.3,successful,10005,20005,30005,40005,40005,0.300058272475893,0.0100233089903573,0.0100233089903573,0.1,124.6169656,0.131697424694844,0.13744420909239,0.128876569358219
Grouse,5,0.3,successful,10005,20005,30005,40005,500504,0.300058272475893,0.0100233089903573,0.0100233089903573,0.1,119.6426701,1.00031701646125,1.00031673708694,1.00031992499957
TeCPSGD,5,0.3,successful,10005,20005,30005,40005,500505,0.300058272475893,0.0100233089903573,0.0100233089903573,0.1,120.4811738,0.173323433711647,0.179081717833387,0.171597715354491
OLSTEC_70,5,0.3,successful,10005,20005,30005,40005,500506,0.300058272475893,0.0100233089903573,0.0100233089903573,0.1,134.3397626,0.0952994769921001,0.112207402810553,0.0998556882958665
OLSTEC_80,5,0.3,successful,10005,20005,30005,40005,500507,0.300058272475893,0.0100233089903573,0.0100233089903573,0.1,134.1035564,0.0834800280250219,0.0931496883766025,0.0886120737742754
OLSTEC_90,5,0.3,successful,10005,20005,30005,40005,500508,0.300058272475893,0.0100233089903573,0.0100233089903573,0.1,134.280698,0.0710850514671159,0.0904268382069651,0.0736052273958116
OLSTEC_99,5,0.3,successful,10005,20005,30005,40005,500509,0.300058272475893,0.0100233089903573,0.0100233089903573,0.1,134.3849154,0.0638488773512778,0.0946139820518403,0.0685620261578122
RSI_OLSTEC,5,0.3,successful,10005,20005,30005,40005,500510,0.300058272475893,0.0100233089903573,0.0100233089903573,0.1,144.8179949,0.0456498688869188,0.0528894113961804,0.0465496203778341
CP_WOPT,6,0.3,successful,10006,20006,30006,40006,500601,0.300110119469654,0.00999333395794506,0.00999333395794506,0.1,282.5527764,0.138491495013705,0.161232102287389,0.150039066420278
Petrels,6,0.3,successful,10006,20006,30006,40006,500602,0.300110119469654,0.00999333395794506,0.00999333395794506,0.1,165.6846285,0.120520422990343,0.164612766759855,0.137686734046333
Grasta,6,0.3,successful,10006,20006,30006,40006,40006,0.300110119469654,0.00999333395794506,0.00999333395794506,0.1,123.9853397,0.131777106227876,0.139590537528694,0.129146735542049
Grouse,6,0.3,successful,10006,20006,30006,40006,500604,0.300110119469654,0.00999333395794506,0.00999333395794506,0.1,118.8559267,1.00033755886424,1.00016948000081,1.00037083601169
TeCPSGD,6,0.3,successful,10006,20006,30006,40006,500605,0.300110119469654,0.00999333395794506,0.00999333395794506,0.1,119.6409485,0.173028337550005,0.17889933716794,0.171599969940202
OLSTEC_70,6,0.3,successful,10006,20006,30006,40006,500606,0.300110119469654,0.00999333395794506,0.00999333395794506,0.1,134.1270081,0.0946869673702975,0.114163077044102,0.0990783425759681
OLSTEC_80,6,0.3,successful,10006,20006,30006,40006,500607,0.300110119469654,0.00999333395794506,0.00999333395794506,0.1,134.0848544,0.0834725984066,0.0945899683595944,0.0871991423863113
OLSTEC_90,6,0.3,successful,10006,20006,30006,40006,500608,0.300110119469654,0.00999333395794506,0.00999333395794506,0.1,134.2412002,0.0683721320961394,0.0835879669637292,0.0710092690863495
OLSTEC_99,6,0.3,successful,10006,20006,30006,40006,500609,0.300110119469654,0.00999333395794506,0.00999333395794506,0.1,134.1885235,0.0639376940341793,0.0942397928570366,0.0684025652053196
RSI_OLSTEC,6,0.3,successful,10006,20006,30006,40006,500610,0.300110119469654,0.00999333395794506,0.00999333395794506,0.1,144.9535232,0.0457337430707049,0.0536436296399191,0.04667632744236
CP_WOPT,7,0.3,successful,10007,20007,30007,40007,500701,0.30000895769184,0.00999016869581071,0.00999016869581071,0.1,278.1375224,0.177096411566228,0.201418145916454,0.185460462214484
Petrels,7,0.3,successful,10007,20007,30007,40007,500702,0.30000895769184,0.00999016869581071,0.00999016869581071,0.1,160.2819775,0.120442251071118,0.162650180594802,0.138565375994533
Grasta,7,0.3,successful,10007,20007,30007,40007,40007,0.30000895769184,0.00999016869581071,0.00999016869581071,0.1,119.0558639,0.13164137347002,0.139722319398623,0.130329874562333
Grouse,7,0.3,successful,10007,20007,30007,40007,500704,0.30000895769184,0.00999016869581071,0.00999016869581071,0.1,114.9231182,1.00035798058182,1.00029388958505,1.00034206496152
TeCPSGD,7,0.3,successful,10007,20007,30007,40007,500705,0.30000895769184,0.00999016869581071,0.00999016869581071,0.1,118.5585691,0.173158452331795,0.178889877351548,0.171579266695541
OLSTEC_70,7,0.3,successful,10007,20007,30007,40007,500706,0.30000895769184,0.00999016869581071,0.00999016869581071,0.1,135.6998128,0.0954034747473583,0.101846013805258,0.0992814479485189
OLSTEC_80,7,0.3,successful,10007,20007,30007,40007,500707,0.30000895769184,0.00999016869581071,0.00999016869581071,0.1,135.0664241,0.0836484014717204,0.104238570632262,0.0875940308922727
OLSTEC_90,7,0.3,successful,10007,20007,30007,40007,500708,0.30000895769184,0.00999016869581071,0.00999016869581071,0.1,135.4654493,0.0674253795621323,0.0876172379475765,0.0711417072883306
OLSTEC_99,7,0.3,successful,10007,20007,30007,40007,500709,0.30000895769184,0.00999016869581071,0.00999016869581071,0.1,135.8741426,0.0637120973721735,0.0943008427933854,0.0686683031613296
RSI_OLSTEC,7,0.3,successful,10007,20007,30007,40007,500710,0.30000895769184,0.00999016869581071,0.00999016869581071,0.1,148.6068546,0.0456811824662668,0.0531777548883623,0.0465604377031143
CP_WOPT,8,0.3,successful,10008,20008,30008,40008,500801,0.300044820111822,0.00999551798881776,0.00999551798881776,0.1,266.1270465,0.176335904956133,0.19458053301129,0.184375582287399
Petrels,8,0.3,successful,10008,20008,30008,40008,500802,0.300044820111822,0.00999551798881776,0.00999551798881776,0.1,160.6838485,0.120329638720276,0.166564923518814,0.137921225778227
Grasta,8,0.3,successful,10008,20008,30008,40008,40008,0.300044820111822,0.00999551798881776,0.00999551798881776,0.1,119.0002785,0.131661170300492,0.140238746197738,0.129942390511112
Grouse,8,0.3,successful,10008,20008,30008,40008,500804,0.300044820111822,0.00999551798881776,0.00999551798881776,0.1,114.967032,1.00037545882233,1.00044965171388,1.00034899462857
TeCPSGD,8,0.3,successful,10008,20008,30008,40008,500805,0.300044820111822,0.00999551798881776,0.00999551798881776,0.1,115.7047014,0.173217505309116,0.179439041346605,0.17162355135009
OLSTEC_70,8,0.3,successful,10008,20008,30008,40008,500806,0.300044820111822,0.00999551798881776,0.00999551798881776,0.1,129.1437502,0.094854802884871,0.113210099660668,0.100016878679258
OLSTEC_80,8,0.3,successful,10008,20008,30008,40008,500807,0.300044820111822,0.00999551798881776,0.00999551798881776,0.1,129.1569055,0.0839067593261348,0.109985031001665,0.0872845123011275
OLSTEC_90,8,0.3,successful,10008,20008,30008,40008,500808,0.300044820111822,0.00999551798881776,0.00999551798881776,0.1,129.2582739,0.0692521506525012,0.101927007351396,0.0728599308824504
OLSTEC_99,8,0.3,successful,10008,20008,30008,40008,500809,0.300044820111822,0.00999551798881776,0.00999551798881776,0.1,129.4638805,0.0635637668655885,0.0915771207460874,0.067658301182062
RSI_OLSTEC,8,0.3,successful,10008,20008,30008,40008,500810,0.300044820111822,0.00999551798881776,0.00999551798881776,0.1,140.4829153,0.0455584919493929,0.0534558296955305,0.0466998275133999
CP_WOPT,9,0.3,successful,10009,20009,30009,40009,500901,0.300027949264646,0.0100065331010453,0.0100065331010453,0.1,278.626286,0.160742397485497,0.183099582227914,0.168727075234539
Petrels,9,0.3,successful,10009,20009,30009,40009,500902,0.300027949264646,0.0100065331010453,0.0100065331010453,0.1,160.3837232,0.120391980674791,0.167071463388155,0.138441370373884
Grasta,9,0.3,successful,10009,20009,30009,40009,40009,0.300027949264646,0.0100065331010453,0.0100065331010453,0.1,118.789141,0.131429252515832,0.140356771459181,0.13026244007892
Grouse,9,0.3,successful,10009,20009,30009,40009,500904,0.300027949264646,0.0100065331010453,0.0100065331010453,0.1,114.8786933,1.00033771490925,1.00053395247732,1.00035062355876
TeCPSGD,9,0.3,successful,10009,20009,30009,40009,500905,0.300027949264646,0.0100065331010453,0.0100065331010453,0.1,114.1973488,0.18198182361354,0.179149255277527,0.171602542523542
OLSTEC_70,9,0.3,successful,10009,20009,30009,40009,500906,0.300027949264646,0.0100065331010453,0.0100065331010453,0.1,127.7306717,0.0940295675944096,0.110850370060862,0.0982270755232319
OLSTEC_80,9,0.3,successful,10009,20009,30009,40009,500907,0.300027949264646,0.0100065331010453,0.0100065331010453,0.1,127.4572686,0.0832969448491093,0.104034322701375,0.0876574052067755
OLSTEC_90,9,0.3,successful,10009,20009,30009,40009,500908,0.300027949264646,0.0100065331010453,0.0100065331010453,0.1,127.7208084,0.0698107589726699,0.0826337914755486,0.0728199987091984
OLSTEC_99,9,0.3,successful,10009,20009,30009,40009,500909,0.300027949264646,0.0100065331010453,0.0100065331010453,0.1,127.8532121,0.0639191889614308,0.0949935568088446,0.0690477063551323
RSI_OLSTEC,9,0.3,successful,10009,20009,30009,40009,500910,0.300027949264646,0.0100065331010453,0.0100065331010453,0.1,137.8825289,0.0456546982880745,0.053390630399318,0.0465607354316069
CP_WOPT,10,0.3,successful,10010,20010,30010,40010,501001,0.30009448307471,0.0100114076047322,0.0100114076047322,0.1,254.142545,0.176337534325664,0.198532655298436,0.183929350554676
Petrels,10,0.3,successful,10010,20010,30010,40010,501002,0.30009448307471,0.0100114076047322,0.0100114076047322,0.1,166.1848107,0.120928204754217,0.173686414212294,0.137232501586995
Grasta,10,0.3,successful,10010,20010,30010,40010,40010,0.30009448307471,0.0100114076047322,0.0100114076047322,0.1,125.33714,0.131562039242239,0.137083757293696,0.129667774257268
Grouse,10,0.3,successful,10010,20010,30010,40010,501004,0.30009448307471,0.0100114076047322,0.0100114076047322,0.1,118.738864,1.00026695212514,1.0005367119478,1.00026406983959
TeCPSGD,10,0.3,successful,10010,20010,30010,40010,501005,0.30009448307471,0.0100114076047322,0.0100114076047322,0.1,113.805695,0.173162016597363,0.179162469309063,0.171573580927865
OLSTEC_70,10,0.3,successful,10010,20010,30010,40010,501006,0.30009448307471,0.0100114076047322,0.0100114076047322,0.1,127.4663136,0.0956926741932019,0.123764799231132,0.100504695102742
OLSTEC_80,10,0.3,successful,10010,20010,30010,40010,501007,0.30009448307471,0.0100114076047322,0.0100114076047322,0.1,127.6571071,0.0848052844923444,0.106200995468549,0.0873722797015935
OLSTEC_90,10,0.3,successful,10010,20010,30010,40010,501008,0.30009448307471,0.0100114076047322,0.0100114076047322,0.1,127.5939913,0.0710269837609188,0.0885448130354998,0.0729283820294698
OLSTEC_99,10,0.3,successful,10010,20010,30010,40010,501009,0.30009448307471,0.0100114076047322,0.0100114076047322,0.1,127.5835887,0.0647667467190354,0.101065799666354,0.0688969922731968
RSI_OLSTEC,10,0.3,successful,10010,20010,30010,40010,501010,0.30009448307471,0.0100114076047322,0.0100114076047322,0.1,137.4941857,0.0456232314848523,0.0533320471985131,0.0465072296036021
CP_WOPT,11,0.3,successful,10011,20011,30011,40011,501101,0.299937264504497,0.00999333395794506,0.00999333395794506,0.1,289.5958875,0.143532655718386,0.183995805098663,0.15515237959673
Petrels,11,0.3,successful,10011,20011,30011,40011,501102,0.299937264504497,0.00999333395794506,0.00999333395794506,0.1,165.3733572,0.120573793974363,0.161127388078422,0.138733768977153
Grasta,11,0.3,successful,10011,20011,30011,40011,40011,0.299937264504497,0.00999333395794506,0.00999333395794506,0.1,123.598247,0.131789754424685,0.137150340856927,0.130450278788171
Grouse,11,0.3,successful,10011,20011,30011,40011,501104,0.299937264504497,0.00999333395794506,0.00999333395794506,0.1,119.0726138,1.00025297818002,1.00044029755347,1.0002892831534
TeCPSGD,11,0.3,successful,10011,20011,30011,40011,501105,0.299937264504497,0.00999333395794506,0.00999333395794506,0.1,119.646607,0.173982238917302,0.17865793006176,0.171586380435106
OLSTEC_70,11,0.3,successful,10011,20011,30011,40011,501106,0.299937264504497,0.00999333395794506,0.00999333395794506,0.1,134.4177842,0.0957566966808856,0.115666055667223,0.101022012022217
OLSTEC_80,11,0.3,successful,10011,20011,30011,40011,501107,0.299937264504497,0.00999333395794506,0.00999333395794506,0.1,134.2991239,0.0850698999878419,0.109741254974964,0.0891624394195123
OLSTEC_90,11,0.3,successful,10011,20011,30011,40011,501108,0.299937264504497,0.00999333395794506,0.00999333395794506,0.1,134.179709,0.0702181751459329,0.089632419978329,0.0720372720267474
OLSTEC_99,11,0.3,successful,10011,20011,30011,40011,501109,0.299937264504497,0.00999333395794506,0.00999333395794506,0.1,133.8993323,0.0640714995058241,0.0900325362141794,0.067488764269115
RSI_OLSTEC,11,0.3,successful,10011,20011,30011,40011,501110,0.299937264504497,0.00999333395794506,0.00999333395794506,0.1,144.4922474,0.0456587605729208,0.0531206465385777,0.0466303793621487
CP_WOPT,12,0.3,successful,10012,20012,30012,40012,501201,0.299853543321044,0.00997950176241796,0.00997950176241796,0.1,265.5618809,0.177469438208663,0.197321415725497,0.185610788874661
Petrels,12,0.3,successful,10012,20012,30012,40012,501202,0.299853543321044,0.00997950176241796,0.00997950176241796,0.1,166.4664647,0.120481709068254,0.163982033452467,0.137143558408432
Grasta,12,0.3,successful,10012,20012,30012,40012,40012,0.299853543321044,0.00997950176241796,0.00997950176241796,0.1,124.8488773,0.131596547785671,0.138644716662364,0.129314959526369
Grouse,12,0.3,successful,10012,20012,30012,40012,501204,0.299853543321044,0.00997950176241796,0.00997950176241796,0.1,119.7641292,1.00035377896014,1.00024978224795,1.00035469718202
TeCPSGD,12,0.3,successful,10012,20012,30012,40012,501205,0.299853543321044,0.00997950176241796,0.00997950176241796,0.1,119.6687767,0.17313604269867,0.178822837013047,0.171543391452034
OLSTEC_70,12,0.3,successful,10012,20012,30012,40012,501206,0.299853543321044,0.00997950176241796,0.00997950176241796,0.1,133.9535961,0.0944249101451479,0.110890646005979,0.0996127897975919
OLSTEC_80,12,0.3,successful,10012,20012,30012,40012,501207,0.299853543321044,0.00997950176241796,0.00997950176241796,0.1,134.4204355,0.0833560259452516,0.0997025719413225,0.0864303920071889
OLSTEC_90,12,0.3,successful,10012,20012,30012,40012,501208,0.299853543321044,0.00997950176241796,0.00997950176241796,0.1,133.9576316,0.0687547435174085,0.0864661203559191,0.0712539475747624
OLSTEC_99,12,0.3,successful,10012,20012,30012,40012,501209,0.299853543321044,0.00997950176241796,0.00997950176241796,0.1,134.3595377,0.0642925867588518,0.0953988419632319,0.0670167785759677
RSI_OLSTEC,12,0.3,successful,10012,20012,30012,40012,501210,0.299853543321044,0.00997950176241796,0.00997950176241796,0.1,138.3042319,0.0455777079369318,0.0527722920924453,0.0465899542061731
CP_WOPT,13,0.3,successful,10013,20013,30013,40013,501301,0.299972050735354,0.00999966448221376,0.00999966448221376,0.1,268.755889,0.166020479051084,0.18155501173254,0.180676493719334
Petrels,13,0.3,successful,10013,20013,30013,40013,501302,0.299972050735354,0.00999966448221376,0.00999966448221376,0.1,161.6866028,0.120491838203814,0.157994404989381,0.136291536866423
Grasta,13,0.3,successful,10013,20013,30013,40013,40013,0.299972050735354,0.00999966448221376,0.00999966448221376,0.1,119.670437,0.131754353709591,0.136522911126222,0.129051747194535
Grouse,13,0.3,successful,10013,20013,30013,40013,501304,0.299972050735354,0.00999966448221376,0.00999966448221376,0.1,115.6920816,1.00030741808724,1.00040121867076,1.00036010003424
TeCPSGD,13,0.3,successful,10013,20013,30013,40013,501305,0.299972050735354,0.00999966448221376,0.00999966448221376,0.1,130.1136591,0.173109402947885,0.178607103430426,0.171511298775286
OLSTEC_70,13,0.3,successful,10013,20013,30013,40013,501306,0.299972050735354,0.00999966448221376,0.00999966448221376,0.1,143.4780825,0.095431254179851,0.108422033216669,0.0980768598462774
OLSTEC_80,13,0.3,successful,10013,20013,30013,40013,501307,0.299972050735354,0.00999966448221376,0.00999966448221376,0.1,143.6649553,0.0835701150895015,0.106754285785368,0.0879716867821982
OLSTEC_90,13,0.3,successful,10013,20013,30013,40013,501308,0.299972050735354,0.00999966448221376,0.00999966448221376,0.1,146.1413595,0.0687846677412492,0.0836138373398779,0.07146860297792
OLSTEC_99,13,0.3,successful,10013,20013,30013,40013,501309,0.299972050735354,0.00999966448221376,0.00999966448221376,0.1,147.8705186,0.0636025293962949,0.0928822221588397,0.0681508793682487
RSI_OLSTEC,13,0.3,successful,10013,20013,30013,40013,501310,0.299972050735354,0.00999966448221376,0.00999966448221376,0.1,157.1328809,0.0456149062840687,0.0535898521634338,0.0466754930155284
CP_WOPT,14,0.3,successful,10014,20014,30014,40014,501401,0.300037540008913,0.00999735384085568,0.00999735384085568,0.1,235.3897135,0.176763263798957,0.197907764152959,0.184658490996183
Petrels,14,0.3,successful,10014,20014,30014,40014,501402,0.300037540008913,0.00999735384085568,0.00999735384085568,0.1,159.749134,0.120536406251148,0.15428039186143,0.137986222582822
Grasta,14,0.3,successful,10014,20014,30014,40014,40014,0.300037540008913,0.00999735384085568,0.00999735384085568,0.1,118.5225153,0.131453909038227,0.137814841789492,0.129699759290671
Grouse,14,0.3,successful,10014,20014,30014,40014,501404,0.300037540008913,0.00999735384085568,0.00999735384085568,0.1,114.7556692,1.00028833365746,0.999980447832485,1.00030089469213
TeCPSGD,14,0.3,successful,10014,20014,30014,40014,501405,0.300037540008913,0.00999735384085568,0.00999735384085568,0.1,114.6494403,0.173143991806973,0.178911745248688,0.171605348392112
OLSTEC_70,14,0.3,successful,10014,20014,30014,40014,501406,0.300037540008913,0.00999735384085568,0.00999735384085568,0.1,129.2486847,0.0954315988342313,0.111054836231506,0.0999774010362945
OLSTEC_80,14,0.3,successful,10014,20014,30014,40014,501407,0.300037540008913,0.00999735384085568,0.00999735384085568,0.1,129.3274766,0.0850393083283368,0.0890676337163332,0.0878015442304772
OLSTEC_90,14,0.3,successful,10014,20014,30014,40014,501408,0.300037540008913,0.00999735384085568,0.00999735384085568,0.1,129.1237042,0.0689645424879572,0.0818494767363193,0.0715497050946867
OLSTEC_99,14,0.3,successful,10014,20014,30014,40014,501409,0.300037540008913,0.00999735384085568,0.00999735384085568,0.1,129.1828572,0.0635251768609703,0.0933362163805882,0.0683358275878378
RSI_OLSTEC,14,0.3,successful,10014,20014,30014,40014,501410,0.300037540008913,0.00999735384085568,0.00999735384085568,0.1,138.6035478,0.0456080156741404,0.0532168056790433,0.0465571875530492
CP_WOPT,15,0.3,successful,10015,20015,30015,40015,501501,0.300050390973179,0.00999757540920509,0.00999757540920509,0.1,234.8702188,0.176961026579506,0.19688787919522,0.18503153925046
Petrels,15,0.3,successful,10015,20015,30015,40015,501502,0.300050390973179,0.00999757540920509,0.00999757540920509,0.1,159.7099454,0.120462621696654,0.162758714347275,0.138228960621746
Grasta,15,0.3,successful,10015,20015,30015,40015,40015,0.300050390973179,0.00999757540920509,0.00999757540920509,0.1,118.5603671,0.131465188892588,0.135590841775718,0.129011411770293
Grouse,15,0.3,successful,10015,20015,30015,40015,501504,0.300050390973179,0.00999757540920509,0.00999757540920509,0.1,114.7606809,1.00038140136709,1.00018067071179,1.00038958549455
TeCPSGD,15,0.3,successful,10015,20015,30015,40015,501505,0.300050390973179,0.00999757540920509,0.00999757540920509,0.1,114.5934722,0.173148799486619,0.178879282215258,0.171582855244559
OLSTEC_70,15,0.3,successful,10015,20015,30015,40015,501506,0.300050390973179,0.00999757540920509,0.00999757540920509,0.1,129.3430901,0.0947022230342315,0.120318262151979,0.0997235450393323
OLSTEC_80,15,0.3,successful,10015,20015,30015,40015,501507,0.300050390973179,0.00999757540920509,0.00999757540920509,0.1,129.0982958,0.0826903853262877,0.109070171148653,0.0870830246905048
OLSTEC_90,15,0.3,successful,10015,20015,30015,40015,501508,0.300050390973179,0.00999757540920509,0.00999757540920509,0.1,129.1350738,0.0679539295445302,0.0841987109723753,0.0704878523750584
OLSTEC_99,15,0.3,successful,10015,20015,30015,40015,501509,0.300050390973179,0.00999757540920509,0.00999757540920509,0.1,129.3575058,0.0639427121534785,0.101219970836821,0.0689336792050624
RSI_OLSTEC,15,0.3,successful,10015,20015,30015,40015,501510,0.300050390973179,0.00999757540920509,0.00999757540920509,0.1,137.8865588,0.0456356957839831,0.0528083427313896,0.0464569858186477
CP_WOPT,16,0.3,successful,10016,20016,30016,40016,501601,0.299960244307593,0.010005678480269,0.010005678480269,0.1,256.9214831,0.17636151430473,0.19805593149016,0.184351103692887
Petrels,16,0.3,successful,10016,20016,30016,40016,501602,0.299960244307593,0.010005678480269,0.010005678480269,0.1,166.0448192,0.120571938939047,0.152607258429615,0.137670110255674
Grasta,16,0.3,successful,10016,20016,30016,40016,40016,0.299960244307593,0.010005678480269,0.010005678480269,0.1,124.2981245,0.131588090558611,0.136719850929276,0.130215889539442
Grouse,16,0.3,successful,10016,20016,30016,40016,501604,0.299960244307593,0.010005678480269,0.010005678480269,0.1,119.5094544,1.00026478668015,1.00022533464283,1.00028499385544
TeCPSGD,16,0.3,successful,10016,20016,30016,40016,501605,0.299960244307593,0.010005678480269,0.010005678480269,0.1,118.5015637,0.131244481361247,0.132479231461984,0.122649021142355
OLSTEC_70,16,0.3,successful,10016,20016,30016,40016,501606,0.299960244307593,0.010005678480269,0.010005678480269,0.1,129.3759788,0.0949112930124948,0.11838203728471,0.100206725890634
OLSTEC_80,16,0.3,successful,10016,20016,30016,40016,501607,0.299960244307593,0.010005678480269,0.010005678480269,0.1,129.3122088,0.0830204432996208,0.097924313078396,0.087867827766412
OLSTEC_90,16,0.3,successful,10016,20016,30016,40016,501608,0.299960244307593,0.010005678480269,0.010005678480269,0.1,129.3932916,0.0705704269051794,0.0829039268920985,0.0736495173902076
OLSTEC_99,16,0.3,successful,10016,20016,30016,40016,501609,0.299960244307593,0.010005678480269,0.010005678480269,0.1,129.5146905,0.0638236118551586,0.0967851209708711,0.0687957192012229
RSI_OLSTEC,16,0.3,successful,10016,20016,30016,40016,501610,0.299960244307593,0.010005678480269,0.010005678480269,0.1,138.4355036,0.0455795945751581,0.053220023851781,0.0465136559793346
CP_WOPT,17,0.3,successful,10017,20017,30017,40017,501701,0.30002003610931,0.0100256196317154,0.0100256196317154,0.1,266.268929,0.177258659803058,0.199344026454151,0.185399068339593
Petrels,17,0.3,successful,10017,20017,30017,40017,501702,0.30002003610931,0.0100256196317154,0.0100256196317154,0.1,166.0432831,0.120721189736794,0.166605920536307,0.138715108120347
Grasta,17,0.3,successful,10017,20017,30017,40017,40017,0.30002003610931,0.0100256196317154,0.0100256196317154,0.1,123.8889034,0.131738338655058,0.13749445861687,0.130969744134223
Grouse,17,0.3,successful,10017,20017,30017,40017,501704,0.30002003610931,0.0100256196317154,0.0100256196317154,0.1,119.3865276,1.00032103550231,1.00046320707139,1.00032542413691
TeCPSGD,17,0.3,successful,10017,20017,30017,40017,501705,0.30002003610931,0.0100256196317154,0.0100256196317154,0.1,119.7185587,0.17317224365405,0.178732311475628,0.17161040147674
OLSTEC_70,17,0.3,successful,10017,20017,30017,40017,501706,0.30002003610931,0.0100256196317154,0.0100256196317154,0.1,134.059253,0.0960230292434189,0.123488996456384,0.100931910854746
OLSTEC_80,17,0.3,successful,10017,20017,30017,40017,501707,0.30002003610931,0.0100256196317154,0.0100256196317154,0.1,134.350727,0.084736023281885,0.10795705080161,0.0892676348868299
OLSTEC_90,17,0.3,successful,10017,20017,30017,40017,501708,0.30002003610931,0.0100256196317154,0.0100256196317154,0.1,133.9348407,0.0695778912655204,0.0864786700374372,0.0724169113386185
OLSTEC_99,17,0.3,successful,10017,20017,30017,40017,501709,0.30002003610931,0.0100256196317154,0.0100256196317154,0.1,134.3680939,0.0639263019763529,0.0929347179986385,0.0686979210518231
RSI_OLSTEC,17,0.3,successful,10017,20017,30017,40017,501710,0.30002003610931,0.0100256196317154,0.0100256196317154,0.1,145.7318508,0.0454785233122405,0.0531817120397867,0.0464617582062286
CP_WOPT,18,0.3,successful,10018,20018,30018,40018,501801,0.300086316698404,0.010015079308808,0.010015079308808,0.1,256.5132705,0.177018655049064,0.19771157905559,0.185160203958179
Petrels,18,0.3,successful,10018,20018,30018,40018,501802,0.300086316698404,0.010015079308808,0.010015079308808,0.1,165.607956,0.120481605422609,0.155252044899358,0.137366050748698
Grasta,18,0.3,successful,10018,20018,30018,40018,40018,0.300086316698404,0.010015079308808,0.010015079308808,0.1,123.5832158,0.131783504697983,0.136898646691574,0.128812704672501
Grouse,18,0.3,successful,10018,20018,30018,40018,501804,0.300086316698404,0.010015079308808,0.010015079308808,0.1,119.1221463,1.00032276348659,1.00058028753011,1.00035322797191
TeCPSGD,18,0.3,successful,10018,20018,30018,40018,501805,0.300086316698404,0.010015079308808,0.010015079308808,0.1,119.4370173,0.17320947073727,0.178895346951794,0.171551150075224
OLSTEC_70,18,0.3,successful,10018,20018,30018,40018,501806,0.300086316698404,0.010015079308808,0.010015079308808,0.1,133.9705534,0.0951384951482514,0.101509660495656,0.0995210482679511
OLSTEC_80,18,0.3,successful,10018,20018,30018,40018,501807,0.300086316698404,0.010015079308808,0.010015079308808,0.1,134.1809142,0.0844569236630606,0.0885616044555435,0.0876354664132077
OLSTEC_90,18,0.3,successful,10018,20018,30018,40018,501808,0.300086316698404,0.010015079308808,0.010015079308808,0.1,134.154951,0.0708530979590276,0.0820631617480475,0.0718383753001369
OLSTEC_99,18,0.3,successful,10018,20018,30018,40018,501809,0.300086316698404,0.010015079308808,0.010015079308808,0.1,134.3911982,0.0649188806086096,0.094280794090475,0.0684430991743872
RSI_OLSTEC,18,0.3,successful,10018,20018,30018,40018,501810,0.300086316698404,0.010015079308808,0.010015079308808,0.1,144.75523,0.0456949088150681,0.0531931009738579,0.0465383632028305
CP_WOPT,19,0.3,successful,10019,20019,30019,40019,501901,0.299916437079653,0.00999782863017584,0.00999782863017584,0.1,258.1374181,0.176644137917463,0.197482636517557,0.1846796692133
Petrels,19,0.3,successful,10019,20019,30019,40019,501902,0.299916437079653,0.00999782863017584,0.00999782863017584,0.1,160.2638323,0.12034893938506,0.156912549798302,0.137679896427775
Grasta,19,0.3,successful,10019,20019,30019,40019,40019,0.299916437079653,0.00999782863017584,0.00999782863017584,0.1,119.0750338,0.131545686418947,0.138341846037511,0.129171237405838
Grouse,19,0.3,successful,10019,20019,30019,40019,501904,0.299916437079653,0.00999782863017584,0.00999782863017584,0.1,115.1267893,1.00030648858316,1.00016413554726,1.0003258516488
TeCPSGD,19,0.3,successful,10019,20019,30019,40019,501905,0.299916437079653,0.00999782863017584,0.00999782863017584,0.1,113.7973618,0.173090930709499,0.178789789403095,0.171561950976169
OLSTEC_70,19,0.3,successful,10019,20019,30019,40019,501906,0.299916437079653,0.00999782863017584,0.00999782863017584,0.1,127.2238771,0.09510721890263,0.116356484982652,0.099439751860828
OLSTEC_80,19,0.3,successful,10019,20019,30019,40019,501907,0.299916437079653,0.00999782863017584,0.00999782863017584,0.1,127.7393755,0.0833259894333595,0.100338509167874,0.0871116900372716
OLSTEC_90,19,0.3,successful,10019,20019,30019,40019,501908,0.299916437079653,0.00999782863017584,0.00999782863017584,0.1,131.8320642,0.0711213287365449,0.0937592835934874,0.0733640652459893
OLSTEC_99,19,0.3,successful,10019,20019,30019,40019,501909,0.299916437079653,0.00999782863017584,0.00999782863017584,0.1,134.6703406,0.064330861884791,0.0901512146273214,0.0671581534182663
RSI_OLSTEC,19,0.3,successful,10019,20019,30019,40019,501910,0.299916437079653,0.00999782863017584,0.00999782863017584,0.1,144.2276533,0.0457574142029473,0.0537622955524077,0.0466987601716955
CP_WOPT,20,0.3,successful,10020,20020,30020,40020,502001,0.300042287902115,0.00998934572765578,0.00998934572765578,0.1,249.5625859,0.176795653202064,0.197428133369191,0.185020195176404
Petrels,20,0.3,successful,10020,20020,30020,40020,502002,0.300042287902115,0.00998934572765578,0.00998934572765578,0.1,160.4288703,0.120539668914211,0.158635845978072,0.13914380969216
Grasta,20,0.3,successful,10020,20020,30020,40020,40020,0.300042287902115,0.00998934572765578,0.00998934572765578,0.1,118.6656239,0.13156917093604,0.142322745246906,0.129531347362923
Grouse,20,0.3,successful,10020,20020,30020,40020,502004,0.300042287902115,0.00998934572765578,0.00998934572765578,0.1,114.7144526,1.00032096092002,1.00045201456705,1.00033363280651
TeCPSGD,20,0.3,successful,10020,20020,30020,40020,502005,0.300042287902115,0.00998934572765578,0.00998934572765578,0.1,113.8258806,0.173108943256801,0.179249496563684,0.17163406626142
OLSTEC_70,20,0.3,successful,10020,20020,30020,40020,502006,0.300042287902115,0.00998934572765578,0.00998934572765578,0.1,127.4606145,0.0937401072973545,0.109440859686605,0.100132252537857
OLSTEC_80,20,0.3,successful,10020,20020,30020,40020,502007,0.300042287902115,0.00998934572765578,0.00998934572765578,0.1,127.3711299,0.0822236227308808,0.0916655861865367,0.0875747305549321
OLSTEC_90,20,0.3,successful,10020,20020,30020,40020,502008,0.300042287902115,0.00998934572765578,0.00998934572765578,0.1,127.6259053,0.0677829375929746,0.0824095004976356,0.0707138241875327
OLSTEC_99,20,0.3,successful,10020,20020,30020,40020,502009,0.300042287902115,0.00998934572765578,0.00998934572765578,0.1,127.2532475,0.0633849877807394,0.0923019084029499,0.0683562444746979
RSI_OLSTEC,20,0.3,successful,10020,20020,30020,40020,502010,0.300042287902115,0.00998934572765578,0.00998934572765578,0.1,137.7027317,0.0457131474935701,0.0526563576337471,0.0466268360795652
CP_WOPT,21,0.3,successful,10021,20021,30021,40021,502101,0.300052480046188,0.00996288413621262,0.00996288413621262,0.1,274.252643,0.135199004965066,0.160151640563627,0.147025033273194
Petrels,21,0.3,successful,10021,20021,30021,40021,502102,0.300052480046188,0.00996288413621262,0.00996288413621262,0.1,160.8052228,0.120578364998164,0.152245671998088,0.13713688057058
Grasta,21,0.3,successful,10021,20021,30021,40021,40021,0.300052480046188,0.00996288413621262,0.00996288413621262,0.1,118.9779428,0.131740686395723,0.135606624892307,0.129713310576004
Grouse,21,0.3,successful,10021,20021,30021,40021,502104,0.300052480046188,0.00996288413621262,0.00996288413621262,0.1,114.8512942,1.00033214604731,1.00026681342036,1.00033717210978
TeCPSGD,21,0.3,successful,10021,20021,30021,40021,502105,0.300052480046188,0.00996288413621262,0.00996288413621262,0.1,113.797139,0.173188380830602,0.178803857675927,0.171575541146377
OLSTEC_70,21,0.3,successful,10021,20021,30021,40021,502106,0.300052480046188,0.00996288413621262,0.00996288413621262,0.1,127.3400693,0.0951890143300426,0.0961136380674008,0.0980882356243985
OLSTEC_80,21,0.3,successful,10021,20021,30021,40021,502107,0.300052480046188,0.00996288413621262,0.00996288413621262,0.1,127.5969968,0.0850418807967576,0.0883514770076713,0.088311255857874
OLSTEC_90,21,0.3,successful,10021,20021,30021,40021,502108,0.300052480046188,0.00996288413621262,0.00996288413621262,0.1,127.5076008,0.0709924268525341,0.0827078907840629,0.0734312352089339
OLSTEC_99,21,0.3,successful,10021,20021,30021,40021,502109,0.300052480046188,0.00996288413621262,0.00996288413621262,0.1,127.6408405,0.0643609778573371,0.0965573445603159,0.0699301673836046
RSI_OLSTEC,21,0.3,successful,10021,20021,30021,40021,502110,0.300052480046188,0.00996288413621262,0.00996288413621262,0.1,137.6247646,0.0457098151359873,0.0528165531796813,0.0466568877039197
CP_WOPT,22,0.3,successful,10022,20022,30022,40022,502201,0.299991453792237,0.00997336115387732,0.00997336115387732,0.1,268.9895056,0.16717798693968,0.188489231712136,0.177208694481696
Petrels,22,0.3,successful,10022,20022,30022,40022,502202,0.299991453792237,0.00997336115387732,0.00997336115387732,0.1,166.3931896,0.120436347409973,0.165358114068854,0.136782232072445
Grasta,22,0.3,successful,10022,20022,30022,40022,40022,0.299991453792237,0.00997336115387732,0.00997336115387732,0.1,124.4973477,0.131468345142932,0.141078507571598,0.129303894041431
Grouse,22,0.3,successful,10022,20022,30022,40022,502204,0.299991453792237,0.00997336115387732,0.00997336115387732,0.1,119.4180535,1.00032313217452,1.00053414624574,1.00036845842538
TeCPSGD,22,0.3,successful,10022,20022,30022,40022,502205,0.299991453792237,0.00997336115387732,0.00997336115387732,0.1,119.7526268,0.173170382368476,0.178806376350895,0.17150440642583
OLSTEC_70,22,0.3,successful,10022,20022,30022,40022,502206,0.299991453792237,0.00997336115387732,0.00997336115387732,0.1,134.0225407,0.0941055469995245,0.112446017526851,0.0986153278191701
OLSTEC_80,22,0.3,successful,10022,20022,30022,40022,502207,0.299991453792237,0.00997336115387732,0.00997336115387732,0.1,134.6814782,0.0841702975939806,0.102874541335695,0.088015744787439
OLSTEC_90,22,0.3,successful,10022,20022,30022,40022,502208,0.299991453792237,0.00997336115387732,0.00997336115387732,0.1,134.5935527,0.0691582759198673,0.0895391686469763,0.0707015301401023
OLSTEC_99,22,0.3,successful,10022,20022,30022,40022,502209,0.299991453792237,0.00997336115387732,0.00997336115387732,0.1,127.3879743,0.0641675723264317,0.0913386519709157,0.0673773696516109
RSI_OLSTEC,22,0.3,successful,10022,20022,30022,40022,502210,0.299991453792237,0.00997336115387732,0.00997336115387732,0.1,137.1945856,0.0455974486099736,0.0529920132156056,0.0465083899965151
CP_WOPT,23,0.3,successful,10023,20023,30023,40023,502301,0.300122590602463,0.00999789193541852,0.00999789193541852,0.1,266.0077571,0.133019907803768,0.163130982571188,0.145695369695644
Petrels,23,0.3,successful,10023,20023,30023,40023,502302,0.300122590602463,0.00999789193541852,0.00999789193541852,0.1,166.2695322,0.120147465806107,0.161856176274359,0.136500239571341
Grasta,23,0.3,successful,10023,20023,30023,40023,40023,0.300122590602463,0.00999789193541852,0.00999789193541852,0.1,123.9426484,0.131431359333579,0.138447029112316,0.129165842742116
Grouse,23,0.3,successful,10023,20023,30023,40023,502304,0.300122590602463,0.00999789193541852,0.00999789193541852,0.1,119.1413777,1.00022252448967,1.00020433135169,1.00025380461904
TeCPSGD,23,0.3,successful,10023,20023,30023,40023,502305,0.300122590602463,0.00999789193541852,0.00999789193541852,0.1,119.5883273,0.173247522798355,0.178712691980669,0.171549333793031
OLSTEC_70,23,0.3,successful,10023,20023,30023,40023,502306,0.300122590602463,0.00999789193541852,0.00999789193541852,0.1,134.3312082,0.0928815215495883,0.115546224606552,0.0990336455959837
OLSTEC_80,23,0.3,successful,10023,20023,30023,40023,502307,0.300122590602463,0.00999789193541852,0.00999789193541852,0.1,134.3013273,0.0811871566810007,0.0973093060166284,0.086720543889173
OLSTEC_90,23,0.3,successful,10023,20023,30023,40023,502308,0.300122590602463,0.00999789193541852,0.00999789193541852,0.1,134.1028886,0.0679343473761647,0.0875092142872503,0.0711378371079955
OLSTEC_99,23,0.3,successful,10023,20023,30023,40023,502309,0.300122590602463,0.00999789193541852,0.00999789193541852,0.1,134.8410682,0.0638224659918773,0.0908541446465656,0.0685024862573966
RSI_OLSTEC,23,0.3,successful,10023,20023,30023,40023,502310,0.300122590602463,0.00999789193541852,0.00999789193541852,0.1,144.6930997,0.0457289883710398,0.0526029099323561,0.0465405990769317
CP_WOPT,24,0.3,successful,10024,20024,30024,40024,502401,0.299989554634957,0.00995417966534316,0.00995417966534316,0.1,262.6883013,0.176786275814799,0.197500745049424,0.184951374106118
Petrels,24,0.3,successful,10024,20024,30024,40024,502402,0.299989554634957,0.00995417966534316,0.00995417966534316,0.1,166.8838836,0.12037463016327,0.162245875842289,0.136832693603595
Grasta,24,0.3,successful,10024,20024,30024,40024,40024,0.299989554634957,0.00995417966534316,0.00995417966534316,0.1,123.8225994,0.131291187529863,0.139628900549222,0.129116469535752
Grouse,24,0.3,successful,10024,20024,30024,40024,502404,0.299989554634957,0.00995417966534316,0.00995417966534316,0.1,119.3606949,1.00008935308372,1.00043408225978,1.00009180464713
TeCPSGD,24,0.3,successful,10024,20024,30024,40024,502405,0.299989554634957,0.00995417966534316,0.00995417966534316,0.1,120.4368306,0.173203937009173,0.178921819337924,0.171581580881539
OLSTEC_70,24,0.3,successful,10024,20024,30024,40024,502406,0.299989554634957,0.00995417966534316,0.00995417966534316,0.1,135.7480428,0.0948842744978791,0.102545063656721,0.0996138415516808
OLSTEC_80,24,0.3,successful,10024,20024,30024,40024,502407,0.299989554634957,0.00995417966534316,0.00995417966534316,0.1,136.0008329,0.0835968079634841,0.093199533755512,0.0879729837336485
OLSTEC_90,24,0.3,successful,10024,20024,30024,40024,502408,0.299989554634957,0.00995417966534316,0.00995417966534316,0.1,136.5076173,0.0678042255674075,0.0843287114149162,0.0705911142890835
OLSTEC_99,24,0.3,successful,10024,20024,30024,40024,502409,0.299989554634957,0.00995417966534316,0.00995417966534316,0.1,136.467386,0.0640723355673192,0.0927301262609915,0.0684672722536201
RSI_OLSTEC,24,0.3,successful,10024,20024,30024,40024,502410,0.299989554634957,0.00995417966534316,0.00995417966534316,0.1,146.3210953,0.0455927045403466,0.0531302221132269,0.0465038329910643
CP_WOPT,25,0.3,successful,10025,20025,30025,40025,502501,0.300077960406369,0.00999086505348027,0.00999086505348027,0.1,260.4659919,0.176661092756606,0.198269861690499,0.185034947355435
Petrels,25,0.3,successful,10025,20025,30025,40025,502502,0.300077960406369,0.00999086505348027,0.00999086505348027,0.1,160.2274077,0.120563092286496,0.166542923437261,0.13857175742105
Grasta,25,0.3,successful,10025,20025,30025,40025,40025,0.300077960406369,0.00999086505348027,0.00999086505348027,0.1,118.5944762,0.131903134198374,0.138400124632626,0.129742682433989
Grouse,25,0.3,successful,10025,20025,30025,40025,502504,0.300077960406369,0.00999086505348027,0.00999086505348027,0.1,114.7032828,1.00035267669029,1.00041423563519,1.00033719116241
TeCPSGD,25,0.3,successful,10025,20025,30025,40025,502505,0.300077960406369,0.00999086505348027,0.00999086505348027,0.1,115.076363,0.173107036568729,0.178786985667711,0.171616631841523
OLSTEC_70,25,0.3,successful,10025,20025,30025,40025,502506,0.300077960406369,0.00999086505348027,0.00999086505348027,0.1,129.4923521,0.0947015137948479,0.112158921331622,0.0997427164910809
OLSTEC_80,25,0.3,successful,10025,20025,30025,40025,502507,0.300077960406369,0.00999086505348027,0.00999086505348027,0.1,129.2285066,0.0842660503315668,0.100058887460373,0.0885475795342927
OLSTEC_90,25,0.3,successful,10025,20025,30025,40025,502508,0.300077960406369,0.00999086505348027,0.00999086505348027,0.1,129.6001252,0.0699315698357898,0.0875333807996413,0.0725551498865808
OLSTEC_99,25,0.3,successful,10025,20025,30025,40025,502509,0.300077960406369,0.00999086505348027,0.00999086505348027,0.1,129.8278986,0.0641046775047828,0.0938326712488032,0.0687795914014979
RSI_OLSTEC,25,0.3,successful,10025,20025,30025,40025,502510,0.300077960406369,0.00999086505348027,0.00999086505348027,0.1,146.0890221,0.0456995978820812,0.0533261330641814,0.0466137130917716
CP_WOPT,26,0.3,successful,10026,20026,30026,40026,502601,0.300064697958026,0.0100041591544445,0.0100041591544445,0.1,236.0218178,0.176623128587707,0.196566597607061,0.184690931755228
Petrels,26,0.3,successful,10026,20026,30026,40026,502602,0.300064697958026,0.0100041591544445,0.0100041591544445,0.1,160.4763788,0.120122215701928,0.155966376811777,0.136433264732527
Grasta,26,0.3,successful,10026,20026,30026,40026,40026,0.300064697958026,0.0100041591544445,0.0100041591544445,0.1,118.7814155,0.131327505007272,0.137502534921809,0.129010494476938
Grouse,26,0.3,successful,10026,20026,30026,40026,502604,0.300064697958026,0.0100041591544445,0.0100041591544445,0.1,114.8935884,1.00037326680146,1.00018182954716,1.00039394691651
TeCPSGD,26,0.3,successful,10026,20026,30026,40026,502605,0.300064697958026,0.0100041591544445,0.0100041591544445,0.1,115.9622759,0.173138546658016,0.178848714768468,0.171570092780515
OLSTEC_70,26,0.3,successful,10026,20026,30026,40026,502606,0.300064697958026,0.0100041591544445,0.0100041591544445,0.1,130.7531525,0.0946699657490325,0.109262600455574,0.0996775684228564
OLSTEC_80,26,0.3,successful,10026,20026,30026,40026,502607,0.300064697958026,0.0100041591544445,0.0100041591544445,0.1,130.5819265,0.0828719270252642,0.0955002767476324,0.0875913684491236
OLSTEC_90,26,0.3,successful,10026,20026,30026,40026,502608,0.300064697958026,0.0100041591544445,0.0100041591544445,0.1,130.8182967,0.0686804963717995,0.0790692228699541,0.0717674857202818
OLSTEC_99,26,0.3,successful,10026,20026,30026,40026,502609,0.300064697958026,0.0100041591544445,0.0100041591544445,0.1,130.8294075,0.0639900150079885,0.0895770623040161,0.066320606463452
RSI_OLSTEC,26,0.3,successful,10026,20026,30026,40026,502610,0.300064697958026,0.0100041591544445,0.0100041591544445,0.1,139.8923043,0.0455599997851271,0.0529064471484184,0.0465268910274055
CP_WOPT,27,0.3,successful,10027,20027,30027,40027,502701,0.300040800228912,0.00998842780163682,0.00998842780163682,0.1,275.9859303,0.151094967697214,0.173970929183959,0.16214183756296
Petrels,27,0.3,successful,10027,20027,30027,40027,502702,0.300040800228912,0.00998842780163682,0.00998842780163682,0.1,165.9660167,0.120369965330649,0.155232000286169,0.136778700229385
Grasta,27,0.3,successful,10027,20027,30027,40027,40027,0.300040800228912,0.00998842780163682,0.00998842780163682,0.1,124.1105921,0.131397080045106,0.135157041131445,0.129160615739347
Grouse,27,0.3,successful,10027,20027,30027,40027,502704,0.300040800228912,0.00998842780163682,0.00998842780163682,0.1,119.3979203,1.00020568064943,0.999958020402374,1.00021438479237
TeCPSGD,27,0.3,successful,10027,20027,30027,40027,502705,0.300040800228912,0.00998842780163682,0.00998842780163682,0.1,119.9370624,0.173178980360515,0.178927043601842,0.171551527383084
OLSTEC_70,27,0.3,successful,10027,20027,30027,40027,502706,0.300040800228912,0.00998842780163682,0.00998842780163682,0.1,130.7516941,0.0943626092755507,0.102279516788973,0.0984628666980335
OLSTEC_80,27,0.3,successful,10027,20027,30027,40027,502707,0.300040800228912,0.00998842780163682,0.00998842780163682,0.1,129.5585393,0.0835802728232767,0.0957232001661271,0.0865970436355488
OLSTEC_90,27,0.3,successful,10027,20027,30027,40027,502708,0.300040800228912,0.00998842780163682,0.00998842780163682,0.1,129.6113309,0.0692670294758264,0.0827630716574266,0.0713267227595409
OLSTEC_99,27,0.3,successful,10027,20027,30027,40027,502709,0.300040800228912,0.00998842780163682,0.00998842780163682,0.1,129.2714442,0.0646319558965726,0.0895240340942414,0.0685871813761137
RSI_OLSTEC,27,0.3,successful,10027,20027,30027,40027,502710,0.300040800228912,0.00998842780163682,0.00998842780163682,0.1,138.5195179,0.0457097024424609,0.054018742948766,0.0467003715557456
CP_WOPT,28,0.3,successful,10028,20028,30028,40028,502801,0.300031241137266,0.0100136549408476,0.0100136549408476,0.1,276.5692495,0.140798953198551,0.162798671570072,0.15472465747581
Petrels,28,0.3,successful,10028,20028,30028,40028,502802,0.300031241137266,0.0100136549408476,0.0100136549408476,0.1,166.1506761,0.120547911112196,0.164332558969361,0.137696422639178
Grasta,28,0.3,successful,10028,20028,30028,40028,40028,0.300031241137266,0.0100136549408476,0.0100136549408476,0.1,124.0052809,0.131579429456814,0.137511897784162,0.129720791252861
Grouse,28,0.3,successful,10028,20028,30028,40028,502804,0.300031241137266,0.0100136549408476,0.0100136549408476,0.1,119.3631016,1.00030768612949,1.00026541015658,1.00028566581157
TeCPSGD,28,0.3,successful,10028,20028,30028,40028,502805,0.300031241137266,0.0100136549408476,0.0100136549408476,0.1,119.9209089,0.17316959187127,0.179067011030729,0.171622463569292
OLSTEC_70,28,0.3,successful,10028,20028,30028,40028,502806,0.300031241137266,0.0100136549408476,0.0100136549408476,0.1,135.3550971,0.094869249557213,0.11162872329202,0.100258190854053
OLSTEC_80,28,0.3,successful,10028,20028,30028,40028,502807,0.300031241137266,0.0100136549408476,0.0100136549408476,0.1,135.4634942,0.0838589632133302,0.098426914492496,0.0888547239026478
OLSTEC_90,28,0.3,successful,10028,20028,30028,40028,502808,0.300031241137266,0.0100136549408476,0.0100136549408476,0.1,135.5958351,0.0695920382411843,0.0808218620330183,0.0721210944489585
OLSTEC_99,28,0.3,successful,10028,20028,30028,40028,502809,0.300031241137266,0.0100136549408476,0.0100136549408476,0.1,135.5841401,0.0645847159523825,0.0937920958060659,0.0693379845363788
RSI_OLSTEC,28,0.3,successful,10028,20028,30028,40028,502810,0.300031241137266,0.0100136549408476,0.0100136549408476,0.1,141.8900711,0.0457317860317478,0.0536066473621773,0.0466176538547922
CP_WOPT,29,0.3,successful,10029,20029,30029,40029,502901,0.299996518211652,0.0100014053763877,0.0100014053763877,0.1,263.8806196,0.176767677714547,0.198477250638453,0.184984761912039
Petrels,29,0.3,successful,10029,20029,30029,40029,502902,0.299996518211652,0.0100014053763877,0.0100014053763877,0.1,166.4266254,0.120824237144925,0.155233364816377,0.136897310548512
Grasta,29,0.3,successful,10029,20029,30029,40029,40029,0.299996518211652,0.0100014053763877,0.0100014053763877,0.1,124.9015461,0.131543394152655,0.136873673507643,0.129182875850531
Grouse,29,0.3,successful,10029,20029,30029,40029,502904,0.299996518211652,0.0100014053763877,0.0100014053763877,0.1,119.7834089,1.00025920527655,1.00026048129104,1.00027379479343
TeCPSGD,29,0.3,successful,10029,20029,30029,40029,502905,0.299996518211652,0.0100014053763877,0.0100014053763877,0.1,120.3185413,0.181366985556392,0.178714074591264,0.171584489007748
OLSTEC_70,29,0.3,successful,10029,20029,30029,40029,502906,0.299996518211652,0.0100014053763877,0.0100014053763877,0.1,136.7067739,0.0951376299546502,0.111575633531353,0.09936581236073
OLSTEC_80,29,0.3,successful,10029,20029,30029,40029,502907,0.299996518211652,0.0100014053763877,0.0100014053763877,0.1,136.6633133,0.0842690560751445,0.0983641096110548,0.0889880646255981
OLSTEC_90,29,0.3,successful,10029,20029,30029,40029,502908,0.299996518211652,0.0100014053763877,0.0100014053763877,0.1,129.5412917,0.0702121336918414,0.0836185060242765,0.0712421771520884
OLSTEC_99,29,0.3,successful,10029,20029,30029,40029,502909,0.299996518211652,0.0100014053763877,0.0100014053763877,0.1,129.4139685,0.0641690477566153,0.0934305795626841,0.0691556744007436
RSI_OLSTEC,29,0.3,successful,10029,20029,30029,40029,502910,0.299996518211652,0.0100014053763877,0.0100014053763877,0.1,138.2025272,0.0456224123692444,0.0527422260796688,0.0465147727589771
CP_WOPT,30,0.3,successful,10030,20030,30030,40030,503001,0.299851960689976,0.00997260149096508,0.00997260149096508,0.1,265.2992941,0.176291382283928,0.199610715566068,0.184502029674666
Petrels,30,0.3,successful,10030,20030,30030,40030,503002,0.299851960689976,0.00997260149096508,0.00997260149096508,0.1,165.7491853,0.12004880257561,0.154967361836231,0.136354880609159
Grasta,30,0.3,successful,10030,20030,30030,40030,40030,0.299851960689976,0.00997260149096508,0.00997260149096508,0.1,123.605362,0.131307900025751,0.136583366620857,0.128959871902861
Grouse,30,0.3,successful,10030,20030,30030,40030,503004,0.299851960689976,0.00997260149096508,0.00997260149096508,0.1,119.2066453,1.00029521440372,1.00033497280547,1.00030318703519
TeCPSGD,30,0.3,successful,10030,20030,30030,40030,503005,0.299851960689976,0.00997260149096508,0.00997260149096508,0.1,119.8297942,0.173087425574736,0.178560043380914,0.171507534209338
OLSTEC_70,30,0.3,successful,10030,20030,30030,40030,503006,0.299851960689976,0.00997260149096508,0.00997260149096508,0.1,129.7825584,0.0946980990558999,0.109778900302994,0.0992046175162343
OLSTEC_80,30,0.3,successful,10030,20030,30030,40030,503007,0.299851960689976,0.00997260149096508,0.00997260149096508,0.1,128.9618542,0.0832139683237607,0.0974351447810526,0.086432642082462
OLSTEC_90,30,0.3,successful,10030,20030,30030,40030,503008,0.299851960689976,0.00997260149096508,0.00997260149096508,0.1,128.4632425,0.0704674096655671,0.0836216293638208,0.0719597128791002
OLSTEC_99,30,0.3,successful,10030,20030,30030,40030,503009,0.299851960689976,0.00997260149096508,0.00997260149096508,0.1,128.5300484,0.0641410023524323,0.098248930578803,0.0686573872964356
RSI_OLSTEC,30,0.3,successful,10030,20030,30030,40030,503010,0.299851960689976,0.00997260149096508,0.00997260149096508,0.1,137.9951086,0.0455435503122581,0.0521243704140622,0.0464604881754198
CP_WOPT,31,0.3,successful,10031,20031,30031,40031,503101,0.300167379061664,0.0100268540839478,0.0100268540839478,0.1,264.9223014,0.168275225727276,0.182326036871873,0.181161544969027
Petrels,31,0.3,successful,10031,20031,30031,40031,503102,0.300167379061664,0.0100268540839478,0.0100268540839478,0.1,160.1705134,0.120806497233848,0.155824048031065,0.13798396118655
Grasta,31,0.3,successful,10031,20031,30031,40031,40031,0.300167379061664,0.0100268540839478,0.0100268540839478,0.1,118.7233535,0.131789681653302,0.135592365642627,0.129198585960934
Grouse,31,0.3,successful,10031,20031,30031,40031,503104,0.300167379061664,0.0100268540839478,0.0100268540839478,0.1,114.8240787,1.00035547220231,1.00037460286942,1.00036427158796
TeCPSGD,31,0.3,successful,10031,20031,30031,40031,503105,0.300167379061664,0.0100268540839478,0.0100268540839478,0.1,115.6512557,0.173143446256182,0.17872550815354,0.171563892985912
OLSTEC_70,31,0.3,successful,10031,20031,30031,40031,503106,0.300167379061664,0.0100268540839478,0.0100268540839478,0.1,129.8209159,0.0952130228324535,0.104894034628483,0.0998152512767373
OLSTEC_80,31,0.3,successful,10031,20031,30031,40031,503107,0.300167379061664,0.0100268540839478,0.0100268540839478,0.1,129.9352477,0.0844289345140509,0.0917386673653057,0.0877957374791907
OLSTEC_90,31,0.3,successful,10031,20031,30031,40031,503108,0.300167379061664,0.0100268540839478,0.0100268540839478,0.1,129.8230709,0.0699376060130509,0.0856014263196876,0.0721154502270334
OLSTEC_99,31,0.3,successful,10031,20031,30031,40031,503109,0.300167379061664,0.0100268540839478,0.0100268540839478,0.1,129.8396587,0.0649237195857132,0.0973005340725304,0.0687582707935028
RSI_OLSTEC,31,0.3,successful,10031,20031,30031,40031,503110,0.300167379061664,0.0100268540839478,0.0100268540839478,0.1,139.5896498,0.0456850817546105,0.0528845886798711,0.0466086644747257
CP_WOPT,32,0.3,successful,10032,20032,30032,40032,503201,0.299989997771655,0.0100359383862734,0.0100359383862734,0.1,254.2739184,0.176768776017628,0.19853116899311,0.184996150247061
Petrels,32,0.3,successful,10032,20032,30032,40032,503202,0.299989997771655,0.0100359383862734,0.0100359383862734,0.1,165.988614,0.120893634605129,0.164854433913857,0.138014951550825
Grasta,32,0.3,successful,10032,20032,30032,40032,40032,0.299989997771655,0.0100359383862734,0.0100359383862734,0.1,124.5693097,0.131458631230966,0.140152911471846,0.128894844983645
Grouse,32,0.3,successful,10032,20032,30032,40032,503204,0.299989997771655,0.0100359383862734,0.0100359383862734,0.1,119.3545645,1.00024419169348,1.00019707135919,1.00026065115163
TeCPSGD,32,0.3,successful,10032,20032,30032,40032,503205,0.299989997771655,0.0100359383862734,0.0100359383862734,0.1,119.955756,0.126942139718512,0.133701025528086,0.122292008635539
OLSTEC_70,32,0.3,successful,10032,20032,30032,40032,503206,0.299989997771655,0.0100359383862734,0.0100359383862734,0.1,130.1610813,0.0958008594248197,0.118218881554519,0.0995303195300748
OLSTEC_80,32,0.3,successful,10032,20032,30032,40032,503207,0.299989997771655,0.0100359383862734,0.0100359383862734,0.1,127.8941842,0.0843024838631122,0.0952073842447391,0.0880452446863054
OLSTEC_90,32,0.3,successful,10032,20032,30032,40032,503208,0.299989997771655,0.0100359383862734,0.0100359383862734,0.1,127.8440399,0.0703805471658029,0.0844911982887358,0.072496922901839
OLSTEC_99,32,0.3,successful,10032,20032,30032,40032,503209,0.299989997771655,0.0100359383862734,0.0100359383862734,0.1,127.9049664,0.064672851000296,0.0949973055866302,0.0680347406864245
RSI_OLSTEC,32,0.3,successful,10032,20032,30032,40032,503210,0.299989997771655,0.0100359383862734,0.0100359383862734,0.1,137.8211034,0.0457332830518501,0.0534864454738995,0.0466529150943038
CP_WOPT,33,0.3,successful,10033,20033,30033,40033,503301,0.299939037051292,0.00998064125678632,0.00998064125678632,0.1,255.9843,0.17650903711491,0.196573397862092,0.1843791127187
Petrels,33,0.3,successful,10033,20033,30033,40033,503302,0.299939037051292,0.00998064125678632,0.00998064125678632,0.1,165.5071835,0.12047431871224,0.162245515724401,0.137568008545517
Grasta,33,0.3,successful,10033,20033,30033,40033,40033,0.299939037051292,0.00998064125678632,0.00998064125678632,0.1,118.4913906,0.131580863737543,0.139710443942151,0.129655640306148
Grouse,33,0.3,successful,10033,20033,30033,40033,503304,0.299939037051292,0.00998064125678632,0.00998064125678632,0.1,114.299252,1.00034300310017,1.00023706874632,1.00034394881656
TeCPSGD,33,0.3,successful,10033,20033,30033,40033,503305,0.299939037051292,0.00998064125678632,0.00998064125678632,0.1,113.8329997,0.173138614780413,0.179032066731818,0.171618529360844
OLSTEC_70,33,0.3,successful,10033,20033,30033,40033,503306,0.299939037051292,0.00998064125678632,0.00998064125678632,0.1,126.994998,0.0952839927913649,0.119272054678366,0.0993056813719068
OLSTEC_80,33,0.3,successful,10033,20033,30033,40033,503307,0.299939037051292,0.00998064125678632,0.00998064125678632,0.1,126.9724733,0.0844283746937607,0.0931724033243184,0.0869970785621882
OLSTEC_90,33,0.3,successful,10033,20033,30033,40033,503308,0.299939037051292,0.00998064125678632,0.00998064125678632,0.1,127.1339289,0.071505043976961,0.0890162134767411,0.0748809274504205
OLSTEC_99,33,0.3,successful,10033,20033,30033,40033,503309,0.299939037051292,0.00998064125678632,0.00998064125678632,0.1,127.2556693,0.0640871944514696,0.0929300027848615,0.068049461621156
RSI_OLSTEC,33,0.3,successful,10033,20033,30033,40033,503310,0.299939037051292,0.00998064125678632,0.00998064125678632,0.1,137.7017229,0.0456971979790453,0.0532736768490427,0.0466166454165492
CP_WOPT,34,0.3,successful,10034,20034,30034,40034,503401,0.299867755348027,0.00997583005834211,0.00997583005834211,0.1,261.6093474,0.176880015496611,0.197745936446034,0.185073142867854
Petrels,34,0.3,successful,10034,20034,30034,40034,503402,0.299867755348027,0.00997583005834211,0.00997583005834211,0.1,165.8289102,0.120300277012437,0.166617003034264,0.137917634409588
Grasta,34,0.3,successful,10034,20034,30034,40034,40034,0.299867755348027,0.00997583005834211,0.00997583005834211,0.1,123.460501,0.131715853693164,0.139312996217184,0.129368764683103
Grouse,34,0.3,successful,10034,20034,30034,40034,503404,0.299867755348027,0.00997583005834211,0.00997583005834211,0.1,119.2138856,1.00027681457174,1.00018143462013,1.00029979177272
TeCPSGD,34,0.3,successful,10034,20034,30034,40034,503405,0.299867755348027,0.00997583005834211,0.00997583005834211,0.1,119.389101,0.189478283382192,0.178947890863438,0.171550482357335
OLSTEC_70,34,0.3,successful,10034,20034,30034,40034,503406,0.299867755348027,0.00997583005834211,0.00997583005834211,0.1,133.5640161,0.0952765278508078,0.116627079450788,0.100133809144957
OLSTEC_80,34,0.3,successful,10034,20034,30034,40034,503407,0.299867755348027,0.00997583005834211,0.00997583005834211,0.1,133.7186514,0.0841717748621091,0.0932046827165159,0.0885557505477882
OLSTEC_90,34,0.3,successful,10034,20034,30034,40034,503408,0.299867755348027,0.00997583005834211,0.00997583005834211,0.1,133.4892103,0.0695282026421748,0.0858034607958071,0.0714919913226139
OLSTEC_99,34,0.3,successful,10034,20034,30034,40034,503409,0.299867755348027,0.00997583005834211,0.00997583005834211,0.1,133.7716593,0.0640928466246935,0.0922185998106453,0.0681351125937835
RSI_OLSTEC,34,0.3,successful,10034,20034,30034,40034,503410,0.299867755348027,0.00997583005834211,0.00997583005834211,0.1,143.7384176,0.0456621671242326,0.0533336035514001,0.0466063037052199
CP_WOPT,35,0.3,successful,10035,20035,30035,40035,503501,0.30000683696621,0.00999520146260433,0.00999520146260433,0.1,272.6122639,0.174426054187785,0.202161881699458,0.183181744012237
Petrels,35,0.3,successful,10035,20035,30035,40035,503502,0.30000683696621,0.00999520146260433,0.00999520146260433,0.1,166.4477549,0.120593642537424,0.159081289230554,0.136673704993756
Grasta,35,0.3,successful,10035,20035,30035,40035,40035,0.30000683696621,0.00999520146260433,0.00999520146260433,0.1,123.798063,0.131690708104538,0.138951952548131,0.129557017685144
Grouse,35,0.3,successful,10035,20035,30035,40035,503504,0.30000683696621,0.00999520146260433,0.00999520146260433,0.1,119.3392772,1.00021311075185,1.00028554486583,1.00020186252325
TeCPSGD,35,0.3,successful,10035,20035,30035,40035,503505,0.30000683696621,0.00999520146260433,0.00999520146260433,0.1,119.7622491,0.173176637068546,0.178795548419185,0.171556993777404
OLSTEC_70,35,0.3,successful,10035,20035,30035,40035,503506,0.30000683696621,0.00999520146260433,0.00999520146260433,0.1,134.053356,0.0954108179234199,0.126103248205868,0.0997121756336056
OLSTEC_80,35,0.3,successful,10035,20035,30035,40035,503507,0.30000683696621,0.00999520146260433,0.00999520146260433,0.1,134.3354511,0.0838993800378988,0.087703451517912,0.0875312118373898
OLSTEC_90,35,0.3,successful,10035,20035,30035,40035,503508,0.30000683696621,0.00999520146260433,0.00999520146260433,0.1,134.1280009,0.070156971955413,0.0852307384532043,0.0721341632365293
OLSTEC_99,35,0.3,successful,10035,20035,30035,40035,503509,0.30000683696621,0.00999520146260433,0.00999520146260433,0.1,134.1251392,0.0646232102345677,0.098223595018747,0.0680333141685641
RSI_OLSTEC,35,0.3,successful,10035,20035,30035,40035,503510,0.30000683696621,0.00999520146260433,0.00999520146260433,0.1,145.9148951,0.0456765506135491,0.0522878401944831,0.0465895995066548
CP_WOPT,36,0.3,successful,10036,20036,30036,40036,503601,0.299990630824082,0.0100197322441455,0.0100197322441455,0.1,269.2883498,0.142674125438562,0.177324489753821,0.163111155272707
Petrels,36,0.3,successful,10036,20036,30036,40036,503602,0.299990630824082,0.0100197322441455,0.0100197322441455,0.1,160.751712,0.121066621060975,0.163637008242182,0.138621580916633
Grasta,36,0.3,successful,10036,20036,30036,40036,40036,0.299990630824082,0.0100197322441455,0.0100197322441455,0.1,119.2645921,0.131655129449437,0.137304342058711,0.13044454622049
Grouse,36,0.3,successful,10036,20036,30036,40036,503604,0.299990630824082,0.0100197322441455,0.0100197322441455,0.1,114.9528897,1.00029190067268,1.00025672910881,1.00032736564887
TeCPSGD,36,0.3,successful,10036,20036,30036,40036,503605,0.299990630824082,0.0100197322441455,0.0100197322441455,0.1,119.0470473,0.173070630439459,0.178963977408636,0.171608457532138
OLSTEC_70,36,0.3,successful,10036,20036,30036,40036,503606,0.299990630824082,0.0100197322441455,0.0100197322441455,0.1,134.4192905,0.0958406472123715,0.113088371959287,0.101350156442696
OLSTEC_80,36,0.3,successful,10036,20036,30036,40036,503607,0.299990630824082,0.0100197322441455,0.0100197322441455,0.1,135.013267,0.084853625682872,0.0946712190018402,0.0888235565630585
OLSTEC_90,36,0.3,successful,10036,20036,30036,40036,503608,0.299990630824082,0.0100197322441455,0.0100197322441455,0.1,134.2051571,0.0696196408627698,0.0862917001862371,0.0723774886183329
OLSTEC_99,36,0.3,successful,10036,20036,30036,40036,503609,0.299990630824082,0.0100197322441455,0.0100197322441455,0.1,134.5941961,0.0644831536544875,0.0945823240623823,0.0686773707397028
RSI_OLSTEC,36,0.3,successful,10036,20036,30036,40036,503610,0.299990630824082,0.0100197322441455,0.0100197322441455,0.1,144.6755354,0.0456838053585584,0.0531053613458332,0.0465782616231558
CP_WOPT,37,0.3,successful,10037,20037,30037,40037,503701,0.300026714812414,0.010032488250547,0.010032488250547,0.1,268.1371443,0.177501276805223,0.199627161220081,0.18558987911996
Petrels,37,0.3,successful,10037,20037,30037,40037,503702,0.300026714812414,0.010032488250547,0.010032488250547,0.1,160.6072935,0.120886615618563,0.162432898693773,0.138581053073389
Grasta,37,0.3,successful,10037,20037,30037,40037,40037,0.300026714812414,0.010032488250547,0.010032488250547,0.1,118.9618095,0.131680961733618,0.138469241338281,0.129804437578567
Grouse,37,0.3,successful,10037,20037,30037,40037,503704,0.300026714812414,0.010032488250547,0.010032488250547,0.1,114.9156681,1.00025266662478,1.00009453352816,1.00028758768737
TeCPSGD,37,0.3,successful,10037,20037,30037,40037,503705,0.300026714812414,0.010032488250547,0.010032488250547,0.1,114.298075,0.173010877343431,0.17910256427692,0.171634881731872
OLSTEC_70,37,0.3,successful,10037,20037,30037,40037,503706,0.300026714812414,0.010032488250547,0.010032488250547,0.1,127.5885611,0.0951053179805202,0.112054317358638,0.0994171557570535
OLSTEC_80,37,0.3,successful,10037,20037,30037,40037,503707,0.300026714812414,0.010032488250547,0.010032488250547,0.1,127.8116509,0.0837223293323269,0.107463249059118,0.0885763829821805
OLSTEC_90,37,0.3,successful,10037,20037,30037,40037,503708,0.300026714812414,0.010032488250547,0.010032488250547,0.1,127.6102283,0.069144199212069,0.0966482515447812,0.0727501578961461
OLSTEC_99,37,0.3,successful,10037,20037,30037,40037,503709,0.300026714812414,0.010032488250547,0.010032488250547,0.1,127.7498974,0.0645765334987873,0.0907924424863488,0.0690595813934618
RSI_OLSTEC,37,0.3,successful,10037,20037,30037,40037,503710,0.300026714812414,0.010032488250547,0.010032488250547,0.1,137.9658474,0.0456737754384987,0.0536150908676258,0.0466129384179635
CP_WOPT,38,0.3,successful,10038,20038,30038,40038,503801,0.30011521554169,0.00999732218823434,0.00999732218823434,0.1,277.0764392,0.15194744431502,0.170836095344483,0.161811849606577
Petrels,38,0.3,successful,10038,20038,30038,40038,503802,0.30011521554169,0.00999732218823434,0.00999732218823434,0.1,160.7251545,0.120964942211757,0.169288743001657,0.137545630566721
Grasta,38,0.3,successful,10038,20038,30038,40038,40038,0.30011521554169,0.00999732218823434,0.00999732218823434,0.1,118.8570229,0.13182594984407,0.140099272883654,0.129454037321975
Grouse,38,0.3,successful,10038,20038,30038,40038,503804,0.30011521554169,0.00999732218823434,0.00999732218823434,0.1,114.8551446,1.00033136481999,1.0004693206388,1.00032735870462
TeCPSGD,38,0.3,successful,10038,20038,30038,40038,503805,0.30011521554169,0.00999732218823434,0.00999732218823434,0.1,113.7174585,0.173147591587121,0.179134315219433,0.171590094830408
OLSTEC_70,38,0.3,successful,10038,20038,30038,40038,503806,0.30011521554169,0.00999732218823434,0.00999732218823434,0.1,127.0146726,0.0954424934346503,0.128773146165212,0.100305331694688
OLSTEC_80,38,0.3,successful,10038,20038,30038,40038,503807,0.30011521554169,0.00999732218823434,0.00999732218823434,0.1,127.2750372,0.0842797492127179,0.106217721307598,0.0880048911942484
OLSTEC_90,38,0.3,successful,10038,20038,30038,40038,503808,0.30011521554169,0.00999732218823434,0.00999732218823434,0.1,126.9292728,0.0698281133515653,0.0839176907971888,0.072013374461403
OLSTEC_99,38,0.3,successful,10038,20038,30038,40038,503809,0.30011521554169,0.00999732218823434,0.00999732218823434,0.1,127.3367178,0.0638654616584512,0.0945268957838064,0.0669516485137953
RSI_OLSTEC,38,0.3,successful,10038,20038,30038,40038,503810,0.30011521554169,0.00999732218823434,0.00999732218823434,0.1,137.7730285,0.0456718310936038,0.0533339078890721,0.0465707270871377
CP_WOPT,39,0.3,successful,10039,20039,30039,40039,503901,0.299774221851957,0.0100159339295843,0.0100159339295843,0.1,272.9092354,0.130478385606386,0.159253498374555,0.143598888488315
Petrels,39,0.3,successful,10039,20039,30039,40039,503902,0.299774221851957,0.0100159339295843,0.0100159339295843,0.1,165.6921164,0.120436405894007,0.16652644361518,0.137423977359456
Grasta,39,0.3,successful,10039,20039,30039,40039,40039,0.299774221851957,0.0100159339295843,0.0100159339295843,0.1,124.5350692,0.131411421712272,0.138430323966757,0.128898219776076
Grouse,39,0.3,successful,10039,20039,30039,40039,503904,0.299774221851957,0.0100159339295843,0.0100159339295843,0.1,119.5639769,1.00028482163377,1.00028660052373,1.00026459901615
TeCPSGD,39,0.3,successful,10039,20039,30039,40039,503905,0.299774221851957,0.0100159339295843,0.0100159339295843,0.1,116.4549956,0.173085737576308,0.178815801859482,0.171523866819468
OLSTEC_70,39,0.3,successful,10039,20039,30039,40039,503906,0.299774221851957,0.0100159339295843,0.0100159339295843,0.1,129.1917516,0.0953543749283369,0.113747064768766,0.0992189720707866
OLSTEC_80,39,0.3,successful,10039,20039,30039,40039,503907,0.299774221851957,0.0100159339295843,0.0100159339295843,0.1,129.3307233,0.0842541059279578,0.108389905230536,0.0885754452443805
OLSTEC_90,39,0.3,successful,10039,20039,30039,40039,503908,0.299774221851957,0.0100159339295843,0.0100159339295843,0.1,129.0514444,0.0699064535739338,0.092346353623736,0.0724724506140774
OLSTEC_99,39,0.3,successful,10039,20039,30039,40039,503909,0.299774221851957,0.0100159339295843,0.0100159339295843,0.1,129.2887574,0.0647542443948201,0.0995287957952166,0.0674475620659839
RSI_OLSTEC,39,0.3,successful,10039,20039,30039,40039,503910,0.299774221851957,0.0100159339295843,0.0100159339295843,0.1,138.9018054,0.0455938631730191,0.0534610127547402,0.0464918521896871
CP_WOPT,40,0.3,successful,10040,20040,30040,40040,504001,0.300040483702698,0.0100077359006563,0.0100077359006563,0.1,262.6189523,0.176994181633136,0.196944997394147,0.184949036351737
Petrels,40,0.3,successful,10040,20040,30040,40040,504002,0.300040483702698,0.0100077359006563,0.0100077359006563,0.1,165.9823442,0.120809017618766,0.159174973536048,0.136954441839842
Grasta,40,0.3,successful,10040,20040,30040,40040,40040,0.300040483702698,0.0100077359006563,0.0100077359006563,0.1,124.0361885,0.131606276135343,0.136924093632812,0.128198841300581
Grouse,40,0.3,successful,10040,20040,30040,40040,504004,0.300040483702698,0.0100077359006563,0.0100077359006563,0.1,119.1251467,1.00030281100919,1.00024266970209,1.00032825897374
TeCPSGD,40,0.3,successful,10040,20040,30040,40040,504005,0.300040483702698,0.0100077359006563,0.0100077359006563,0.1,119.7362584,0.136887904465917,0.132715645584842,0.122568344649999
OLSTEC_70,40,0.3,successful,10040,20040,30040,40040,504006,0.300040483702698,0.0100077359006563,0.0100077359006563,0.1,132.017179,0.0955948210014704,0.105012281428245,0.0987279400374572
OLSTEC_80,40,0.3,successful,10040,20040,30040,40040,504007,0.300040483702698,0.0100077359006563,0.0100077359006563,0.1,129.2726167,0.0844908188572159,0.0990290808604499,0.0867798655747212
OLSTEC_90,40,0.3,successful,10040,20040,30040,40040,504008,0.300040483702698,0.0100077359006563,0.0100077359006563,0.1,129.0808103,0.0700541951511523,0.0824146695629547,0.0718609612127913
OLSTEC_99,40,0.3,successful,10040,20040,30040,40040,504009,0.300040483702698,0.0100077359006563,0.0100077359006563,0.1,128.9372541,0.0653680749967008,0.0901008719626623,0.068076442380242
RSI_OLSTEC,40,0.3,successful,10040,20040,30040,40040,504010,0.300040483702698,0.0100077359006563,0.0100077359006563,0.1,138.2139709,0.0457462744836392,0.0531065463057925,0.0465643847126712
CP_WOPT,41,0.3,successful,10041,20041,30041,40041,504101,0.299918146321206,0.0100115025625962,0.0100115025625962,0.1,262.397126,0.17755856020503,0.199751191823985,0.185815060721845
Petrels,41,0.3,successful,10041,20041,30041,40041,504102,0.299918146321206,0.0100115025625962,0.0100115025625962,0.1,160.5575515,0.12037372653714,0.15227461642504,0.136928785182487
Grasta,41,0.3,successful,10041,20041,30041,40041,40041,0.299918146321206,0.0100115025625962,0.0100115025625962,0.1,118.5752517,0.131455522729034,0.135959431544713,0.129015935795779
Grouse,41,0.3,successful,10041,20041,30041,40041,504104,0.299918146321206,0.0100115025625962,0.0100115025625962,0.1,114.7735959,1.00018287189742,1.00020206918946,1.00019998459375
TeCPSGD,41,0.3,successful,10041,20041,30041,40041,504105,0.299918146321206,0.0100115025625962,0.0100115025625962,0.1,114.4979741,0.1730864080933,0.178450507747611,0.171490456403714
OLSTEC_70,41,0.3,successful,10041,20041,30041,40041,504106,0.299918146321206,0.0100115025625962,0.0100115025625962,0.1,129.3127871,0.0948221002459421,0.101774247433112,0.0983000251793184
OLSTEC_80,41,0.3,successful,10041,20041,30041,40041,504107,0.299918146321206,0.0100115025625962,0.0100115025625962,0.1,129.018373,0.0836718725371254,0.0892670781786146,0.0871995076255502
OLSTEC_90,41,0.3,successful,10041,20041,30041,40041,504108,0.299918146321206,0.0100115025625962,0.0100115025625962,0.1,129.0635093,0.0696961487840665,0.079815799746645,0.0725934458320869
OLSTEC_99,41,0.3,successful,10041,20041,30041,40041,504109,0.299918146321206,0.0100115025625962,0.0100115025625962,0.1,129.0546951,0.0641017282089847,0.0901883768674086,0.0668544892439838
RSI_OLSTEC,41,0.3,successful,10041,20041,30041,40041,504110,0.299918146321206,0.0100115025625962,0.0100115025625962,0.1,138.2181323,0.0456185819093989,0.0521201549834575,0.0465558624349436
CP_WOPT,42,0.3,successful,10042,20042,30042,40042,504201,0.299955338151284,0.0100148260878373,0.0100148260878373,0.1,268.2366664,0.130967977682908,0.156141912725393,0.143707602329771
Petrels,42,0.3,successful,10042,20042,30042,40042,504202,0.299955338151284,0.0100148260878373,0.0100148260878373,0.1,160.644001,0.120236670996375,0.161121810180807,0.136618637099705
Grasta,42,0.3,successful,10042,20042,30042,40042,40042,0.299955338151284,0.0100148260878373,0.0100148260878373,0.1,118.703426,0.131709821560207,0.138622512003748,0.129646380120684
Grouse,42,0.3,successful,10042,20042,30042,40042,504204,0.299955338151284,0.0100148260878373,0.0100148260878373,0.1,114.9273733,1.00035880904016,1.0003452289634,1.00037107510838
TeCPSGD,42,0.3,successful,10042,20042,30042,40042,504205,0.299955338151284,0.0100148260878373,0.0100148260878373,0.1,115.7743596,0.173178892391753,0.178825586292569,0.171532158094161
OLSTEC_70,42,0.3,successful,10042,20042,30042,40042,504206,0.299955338151284,0.0100148260878373,0.0100148260878373,0.1,134.7885009,0.0950134676159361,0.106533070987514,0.0994747326718099
OLSTEC_80,42,0.3,successful,10042,20042,30042,40042,504207,0.299955338151284,0.0100148260878373,0.0100148260878373,0.1,137.808491,0.0850696820945363,0.0895215671146378,0.0877962710299838
OLSTEC_90,42,0.3,successful,10042,20042,30042,40042,504208,0.299955338151284,0.0100148260878373,0.0100148260878373,0.1,136.9150133,0.0707157923092942,0.0907993069840531,0.0719595397246886
OLSTEC_99,42,0.3,successful,10042,20042,30042,40042,504209,0.299955338151284,0.0100148260878373,0.0100148260878373,0.1,137.6730943,0.0645473557320802,0.0971732226782889,0.0680868829436078
RSI_OLSTEC,42,0.3,successful,10042,20042,30042,40042,504210,0.299955338151284,0.0100148260878373,0.0100148260878373,0.1,147.399423,0.0456481994097131,0.0530369829840119,0.0466142035732374
CP_WOPT,43,0.3,successful,10043,20043,30043,40043,504301,0.300057544465602,0.0100447694676282,0.0100447694676282,0.1,255.253079,0.176640567451945,0.19598601826349,0.184296732640321
Petrels,43,0.3,successful,10043,20043,30043,40043,504302,0.300057544465602,0.0100447694676282,0.0100447694676282,0.1,166.3301008,0.120958404631473,0.162993255436134,0.138217914628422
Grasta,43,0.3,successful,10043,20043,30043,40043,40043,0.300057544465602,0.0100447694676282,0.0100447694676282,0.1,124.4568665,0.131699513795869,0.140047414578135,0.129510879926765
Grouse,43,0.3,successful,10043,20043,30043,40043,504304,0.300057544465602,0.0100447694676282,0.0100447694676282,0.1,119.7898962,1.00033728408297,1.00005494089598,1.00033957064463
TeCPSGD,43,0.3,successful,10043,20043,30043,40043,504305,0.300057544465602,0.0100447694676282,0.0100447694676282,0.1,118.8947948,0.177819822186483,0.179065419165521,0.171633535387579
OLSTEC_70,43,0.3,successful,10043,20043,30043,40043,504306,0.300057544465602,0.0100447694676282,0.0100447694676282,0.1,128.5056484,0.0949961591292433,0.101989505485367,0.100809740213912
OLSTEC_80,43,0.3,successful,10043,20043,30043,40043,504307,0.300057544465602,0.0100447694676282,0.0100447694676282,0.1,128.7305272,0.083986971522298,0.109001061236548,0.088629813102481
OLSTEC_90,43,0.3,successful,10043,20043,30043,40043,504308,0.300057544465602,0.0100447694676282,0.0100447694676282,0.1,129.0366846,0.0688398111918904,0.086645172348786,0.0710919844668694
OLSTEC_99,43,0.3,successful,10043,20043,30043,40043,504309,0.300057544465602,0.0100447694676282,0.0100447694676282,0.1,128.9313897,0.0637688370487726,0.088117643854174,0.0677654449772027
RSI_OLSTEC,43,0.3,successful,10043,20043,30043,40043,504310,0.300057544465602,0.0100447694676282,0.0100447694676282,0.1,138.466719,0.0457062221828229,0.0530984182944908,0.0465950180127054
CP_WOPT,44,0.3,successful,10044,20044,30044,40044,504401,0.300085113898793,0.00999852498784539,0.00999852498784539,0.1,277.7174787,0.176194475215932,0.196843877348279,0.184564795991917
Petrels,44,0.3,successful,10044,20044,30044,40044,504402,0.300085113898793,0.00999852498784539,0.00999852498784539,0.1,166.6468056,0.120424150875173,0.161925891753822,0.13848564839126
Grasta,44,0.3,successful,10044,20044,30044,40044,40044,0.300085113898793,0.00999852498784539,0.00999852498784539,0.1,123.9035346,0.131630686853844,0.139428563899096,0.130334130840686
Grouse,44,0.3,successful,10044,20044,30044,40044,504404,0.300085113898793,0.00999852498784539,0.00999852498784539,0.1,119.2355518,1.00032538149712,1.00042514513627,1.00032719418099
TeCPSGD,44,0.3,successful,10044,20044,30044,40044,504405,0.300085113898793,0.00999852498784539,0.00999852498784539,0.1,119.2074659,0.173153660054694,0.178961959844294,0.171600175868233
OLSTEC_70,44,0.3,successful,10044,20044,30044,40044,504406,0.300085113898793,0.00999852498784539,0.00999852498784539,0.1,128.3759492,0.09567988913168,0.12118025181985,0.0993765290034891
OLSTEC_80,44,0.3,successful,10044,20044,30044,40044,504407,0.300085113898793,0.00999852498784539,0.00999852498784539,0.1,128.6131251,0.0845601847655843,0.113270966506732,0.0890433522004766
OLSTEC_90,44,0.3,successful,10044,20044,30044,40044,504408,0.300085113898793,0.00999852498784539,0.00999852498784539,0.1,128.633218,0.0698254218305408,0.0904416298465566,0.0717842828857623
OLSTEC_99,44,0.3,successful,10044,20044,30044,40044,504409,0.300085113898793,0.00999852498784539,0.00999852498784539,0.1,128.7647649,0.064569634320904,0.0958789132364717,0.067391048850133
RSI_OLSTEC,44,0.3,successful,10044,20044,30044,40044,504410,0.300085113898793,0.00999852498784539,0.00999852498784539,0.1,137.9990932,0.0456437319964771,0.0535278536654633,0.0466390048851966
CP_WOPT,45,0.3,successful,10045,20045,30045,40045,504501,0.300047447279394,0.0100073560692002,0.0100073560692002,0.1,271.0161839,0.176473906815009,0.19827489456783,0.184718739054381
Petrels,45,0.3,successful,10045,20045,30045,40045,504502,0.300047447279394,0.0100073560692002,0.0100073560692002,0.1,159.8755615,0.120743680864542,0.15772821017601,0.139044512599803
Grasta,45,0.3,successful,10045,20045,30045,40045,40045,0.300047447279394,0.0100073560692002,0.0100073560692002,0.1,118.7598961,0.1315897121278,0.137621692957456,0.129262352650395
Grouse,45,0.3,successful,10045,20045,30045,40045,504504,0.300047447279394,0.0100073560692002,0.0100073560692002,0.1,114.7398428,1.00032252847751,1.00039676199831,1.00033967362238
TeCPSGD,45,0.3,successful,10045,20045,30045,40045,504505,0.300047447279394,0.0100073560692002,0.0100073560692002,0.1,114.8589348,0.173028415008408,0.178958006346437,0.171618012015519
OLSTEC_70,45,0.3,successful,10045,20045,30045,40045,504506,0.300047447279394,0.0100073560692002,0.0100073560692002,0.1,129.4040678,0.0949712343984091,0.108445846883701,0.0996316607342247
OLSTEC_80,45,0.3,successful,10045,20045,30045,40045,504507,0.300047447279394,0.0100073560692002,0.0100073560692002,0.1,129.74642,0.0831189111810207,0.0942743176644208,0.0880954365841905
OLSTEC_90,45,0.3,successful,10045,20045,30045,40045,504508,0.300047447279394,0.0100073560692002,0.0100073560692002,0.1,129.8705029,0.0700018966423563,0.0874293770011001,0.0738132129508177
OLSTEC_99,45,0.3,successful,10045,20045,30045,40045,504509,0.300047447279394,0.0100073560692002,0.0100073560692002,0.1,130.1423325,0.0640145933096605,0.0895608127215106,0.0673212613318069
RSI_OLSTEC,45,0.3,successful,10045,20045,30045,40045,504510,0.300047447279394,0.0100073560692002,0.0100073560692002,0.1,139.232881,0.0455280153399246,0.052767670762545,0.0465759076757716
CP_WOPT,46,0.3,successful,10046,20046,30046,40046,504601,0.300068686188315,0.0100052669961916,0.0100052669961916,0.1,270.4571858,0.130633179582022,0.156654694957249,0.142872293038512
Petrels,46,0.3,successful,10046,20046,30046,40046,504602,0.300068686188315,0.0100052669961916,0.0100052669961916,0.1,166.1786548,0.120757190404334,0.162615397329789,0.136839978564419
Grasta,46,0.3,successful,10046,20046,30046,40046,40046,0.300068686188315,0.0100052669961916,0.0100052669961916,0.1,123.5543103,0.131637774887879,0.138634299574677,0.128657082822487
Grouse,46,0.3,successful,10046,20046,30046,40046,504604,0.300068686188315,0.0100052669961916,0.0100052669961916,0.1,119.113166,1.00025619717883,1.00016224283737,1.00024973028471
TeCPSGD,46,0.3,successful,10046,20046,30046,40046,504605,0.300068686188315,0.0100052669961916,0.0100052669961916,0.1,119.9372206,0.173110060169609,0.178944506882917,0.171586512175816
OLSTEC_70,46,0.3,successful,10046,20046,30046,40046,504606,0.300068686188315,0.0100052669961916,0.0100052669961916,0.1,129.8959175,0.0951975852987075,0.120067603965041,0.0997494658674264
OLSTEC_80,46,0.3,successful,10046,20046,30046,40046,504607,0.300068686188315,0.0100052669961916,0.0100052669961916,0.1,128.8960541,0.084731382594246,0.0961412809145676,0.0877493051548252
OLSTEC_90,46,0.3,successful,10046,20046,30046,40046,504608,0.300068686188315,0.0100052669961916,0.0100052669961916,0.1,128.6424454,0.0722646573022359,0.0950910408372926,0.0747221523081312
OLSTEC_99,46,0.3,successful,10046,20046,30046,40046,504609,0.300068686188315,0.0100052669961916,0.0100052669961916,0.1,128.9427795,0.063755754738936,0.0924366041841018,0.0677572681055286
RSI_OLSTEC,46,0.3,successful,10046,20046,30046,40046,504610,0.300068686188315,0.0100052669961916,0.0100052669961916,0.1,138.2537051,0.0456771359599212,0.0526581857359743,0.0466182519381587
CP_WOPT,47,0.3,successful,10047,20047,30047,40047,504701,0.300058810570456,0.00997481717445912,0.00997481717445912,0.1,274.46064,0.151953621585533,0.184345910523447,0.167418917575337
Petrels,47,0.3,successful,10047,20047,30047,40047,504702,0.300058810570456,0.00997481717445912,0.00997481717445912,0.1,166.3342185,0.120382489295574,0.166345530425238,0.13790639017783
Grasta,47,0.3,successful,10047,20047,30047,40047,40047,0.300058810570456,0.00997481717445912,0.00997481717445912,0.1,123.7624,0.131485702033108,0.137613546619763,0.129351022377136
Grouse,47,0.3,successful,10047,20047,30047,40047,504704,0.300058810570456,0.00997481717445912,0.00997481717445912,0.1,118.9582709,1.0003454073584,1.00015066589317,1.00034360771329
TeCPSGD,47,0.3,successful,10047,20047,30047,40047,504705,0.300058810570456,0.00997481717445912,0.00997481717445912,0.1,119.0333577,0.173154242860707,0.178900743985886,0.171573458568119
OLSTEC_70,47,0.3,successful,10047,20047,30047,40047,504706,0.300058810570456,0.00997481717445912,0.00997481717445912,0.1,134.1764332,0.0961423109923015,0.120134390345761,0.100453885393397
OLSTEC_80,47,0.3,successful,10047,20047,30047,40047,504707,0.300058810570456,0.00997481717445912,0.00997481717445912,0.1,134.1638649,0.0854322046235799,0.097672657068341,0.0877606448799586
OLSTEC_90,47,0.3,successful,10047,20047,30047,40047,504708,0.300058810570456,0.00997481717445912,0.00997481717445912,0.1,133.5727941,0.0706447788217202,0.0913808041494857,0.0728046606424723
OLSTEC_99,47,0.3,successful,10047,20047,30047,40047,504709,0.300058810570456,0.00997481717445912,0.00997481717445912,0.1,134.3686229,0.0650592253293414,0.0936255503860224,0.0678506522647481
RSI_OLSTEC,47,0.3,successful,10047,20047,30047,40047,504710,0.300058810570456,0.00997481717445912,0.00997481717445912,0.1,145.4997317,0.0455574591173695,0.0525041108422936,0.0464530200946448
CP_WOPT,48,0.3,successful,10048,20048,30048,40048,504801,0.300102048051211,0.00994392421602787,0.00994392421602787,0.1,273.3641392,0.138511487912551,0.16237484835899,0.150413401584
Petrels,48,0.3,successful,10048,20048,30048,40048,504802,0.300102048051211,0.00994392421602787,0.00994392421602787,0.1,161.4540366,0.120226401190061,0.160471328296949,0.13577166145829
Grasta,48,0.3,successful,10048,20048,30048,40048,40048,0.300102048051211,0.00994392421602787,0.00994392421602787,0.1,119.0533845,0.131509723007719,0.137744678033317,0.128487189757908
Grouse,48,0.3,successful,10048,20048,30048,40048,504804,0.300102048051211,0.00994392421602787,0.00994392421602787,0.1,115.045274,1.00040847985218,1.00043253055919,1.00043381426729
TeCPSGD,48,0.3,successful,10048,20048,30048,40048,504805,0.300102048051211,0.00994392421602787,0.00994392421602787,0.1,113.3759431,0.173142560308558,0.178988495985922,0.171552182481362
OLSTEC_70,48,0.3,successful,10048,20048,30048,40048,504806,0.300102048051211,0.00994392421602787,0.00994392421602787,0.1,127.839347,0.0942783891257539,0.107238141668407,0.0984393524083234
OLSTEC_80,48,0.3,successful,10048,20048,30048,40048,504807,0.300102048051211,0.00994392421602787,0.00994392421602787,0.1,132.6453863,0.0832016275630441,0.0993205895893619,0.0859011399891924
OLSTEC_90,48,0.3,successful,10048,20048,30048,40048,504808,0.300102048051211,0.00994392421602787,0.00994392421602787,0.1,134.095149,0.0699316942677602,0.0881034302179156,0.0717060196750825
OLSTEC_99,48,0.3,successful,10048,20048,30048,40048,504809,0.300102048051211,0.00994392421602787,0.00994392421602787,0.1,134.8918713,0.0647527141183812,0.0950730360341173,0.0698729527050429
RSI_OLSTEC,48,0.3,successful,10048,20048,30048,40048,504810,0.300102048051211,0.00994392421602787,0.00994392421602787,0.1,144.2817622,0.045633541346001,0.053521366628195,0.0465474356214477
CP_WOPT,49,0.3,successful,10049,20049,30049,40049,504901,0.299880954491127,0.0100194473705534,0.0100194473705534,0.1,269.9397281,0.177032988033662,0.195799775833163,0.185126847906913
Petrels,49,0.3,successful,10049,20049,30049,40049,504902,0.299880954491127,0.0100194473705534,0.0100194473705534,0.1,160.6918861,0.120748232927103,0.166143747122473,0.137402964633489
Grasta,49,0.3,successful,10049,20049,30049,40049,40049,0.299880954491127,0.0100194473705534,0.0100194473705534,0.1,118.9809088,0.131995808687544,0.138912842591211,0.129292047187608
Grouse,49,0.3,successful,10049,20049,30049,40049,504904,0.299880954491127,0.0100194473705534,0.0100194473705534,0.1,115.0371513,1.00036076648572,1.00048575738981,1.00038583171181
TeCPSGD,49,0.3,successful,10049,20049,30049,40049,504905,0.299880954491127,0.0100194473705534,0.0100194473705534,0.1,113.7726943,0.173123517270078,0.179110837346594,0.171599860984626
OLSTEC_70,49,0.3,successful,10049,20049,30049,40049,504906,0.299880954491127,0.0100194473705534,0.0100194473705534,0.1,127.0855324,0.0949142487593994,0.116389251089236,0.100128431528528
OLSTEC_80,49,0.3,successful,10049,20049,30049,40049,504907,0.299880954491127,0.0100194473705534,0.0100194473705534,0.1,127.1392829,0.0844391282633765,0.101090594207701,0.0876787547069989
OLSTEC_90,49,0.3,successful,10049,20049,30049,40049,504908,0.299880954491127,0.0100194473705534,0.0100194473705534,0.1,127.4174914,0.070601321148632,0.0830195609431099,0.0725842941833792
OLSTEC_99,49,0.3,successful,10049,20049,30049,40049,504909,0.299880954491127,0.0100194473705534,0.0100194473705534,0.1,127.5698364,0.0637334922129371,0.0957855911583293,0.0678618948648428
RSI_OLSTEC,49,0.3,successful,10049,20049,30049,40049,504910,0.299880954491127,0.0100194473705534,0.0100194473705534,0.1,137.9168497,0.0457049162646274,0.0529865392640623,0.0465785334194971
CP_WOPT,50,0.3,successful,10050,20050,30050,40050,505001,0.299953850478081,0.0100006457134754,0.0100006457134754,0.1,271.3542425,0.13582036430019,0.152494981151962,0.147635367918106
Petrels,50,0.3,successful,10050,20050,30050,40050,505002,0.299953850478081,0.0100006457134754,0.0100006457134754,0.1,160.8500632,0.12043952456098,0.158102963809595,0.137688732128109
Grasta,50,0.3,successful,10050,20050,30050,40050,40050,0.299953850478081,0.0100006457134754,0.0100006457134754,0.1,118.8194866,0.131792176634012,0.13997533664295,0.1308780559052
Grouse,50,0.3,successful,10050,20050,30050,40050,505004,0.299953850478081,0.0100006457134754,0.0100006457134754,0.1,114.8265321,1.00032045909107,1.00055796183173,1.0003484054259
TeCPSGD,50,0.3,successful,10050,20050,30050,40050,505005,0.299953850478081,0.0100006457134754,0.0100006457134754,0.1,113.4868797,0.173812863151645,0.178894546085144,0.171589700151076
OLSTEC_70,50,0.3,successful,10050,20050,30050,40050,505006,0.299953850478081,0.0100006457134754,0.0100006457134754,0.1,127.2958151,0.0950704798193179,0.103335601962101,0.0998546362986128
OLSTEC_80,50,0.3,successful,10050,20050,30050,40050,505007,0.299953850478081,0.0100006457134754,0.0100006457134754,0.1,126.972826,0.0835611105905923,0.0973618724866709,0.0888319818392748
OLSTEC_90,50,0.3,successful,10050,20050,30050,40050,505008,0.299953850478081,0.0100006457134754,0.0100006457134754,0.1,127.1455275,0.0687309479187568,0.0827839665745753,0.0714074307439519
OLSTEC_99,50,0.3,successful,10050,20050,30050,40050,505009,0.299953850478081,0.0100006457134754,0.0100006457134754,0.1,127.0071568,0.0639599780854562,0.0913561717560229,0.068093814649782
RSI_OLSTEC,50,0.3,successful,10050,20050,30050,40050,505010,0.299953850478081,0.0100006457134754,0.0100006457134754,0.1,137.9742554,0.0456585427682455,0.0522806265258551,0.0465588749714849
CP_WOPT,1,0.1,successful,10001,20001,30001,40001,500101,0.100116639909651,0.0100093501843449,0.0100093501843449,0.1,259.413766,0.179760590976664,0.200294358238875,0.187718016037822
Petrels,1,0.1,successful,10001,20001,30001,40001,500102,0.100116639909651,0.0100093501843449,0.0100093501843449,0.1,136.8859599,0.127347512481126,0.163754604142723,0.131938545938634
Grasta,1,0.1,successful,10001,20001,30001,40001,40001,0.100116639909651,0.0100093501843449,0.0100093501843449,0.1,122.9302594,0.202203127126477,0.18632048369807,0.176009611521082
Grouse,1,0.1,successful,10001,20001,30001,40001,500104,0.100116639909651,0.0100093501843449,0.0100093501843449,0.1,117.6983568,1.00149182624823,1.00097530018108,1.00156765307197
TeCPSGD,1,0.1,successful,10001,20001,30001,40001,500105,0.100116639909651,0.0100093501843449,0.0100093501843449,0.1,117.6252482,0.174513590148462,0.184614928127052,0.172998488234138
OLSTEC_70,1,0.1,successful,10001,20001,30001,40001,500106,0.100116639909651,0.0100093501843449,0.0100093501843449,0.1,124.9307192,0.122965463658212,0.150666927427777,0.128583985178319
OLSTEC_80,1,0.1,successful,10001,20001,30001,40001,500107,0.100116639909651,0.0100093501843449,0.0100093501843449,0.1,120.1608857,0.11471467646908,0.139958164061193,0.118557794297337
OLSTEC_90,1,0.1,successful,10001,20001,30001,40001,500108,0.100116639909651,0.0100093501843449,0.0100093501843449,0.1,119.0830899,0.100132455092073,0.126858111010374,0.103391047072747
OLSTEC_99,1,0.1,successful,10001,20001,30001,40001,500109,0.100116639909651,0.0100093501843449,0.0100093501843449,0.1,118.8331233,0.0788020646180088,0.106770375724107,0.0790252499291336
RSI_OLSTEC,1,0.1,successful,10001,20001,30001,40001,500110,0.100116639909651,0.0100093501843449,0.0100093501843449,0.1,126.4653401,0.0525149608643382,0.0619679104602252,0.0534112032878239
CP_WOPT,2,0.1,successful,10002,20002,30002,40002,500201,0.100072547808119,0.0100109961206547,0.0100109961206547,0.1,221.1400802,0.17693091078054,0.196600109840297,0.184880086470108
Petrels,2,0.1,successful,10002,20002,30002,40002,500202,0.100072547808119,0.0100109961206547,0.0100109961206547,0.1,136.5488222,0.127453339484048,0.155593502185796,0.131956715314489
Grasta,2,0.1,successful,10002,20002,30002,40002,40002,0.100072547808119,0.0100109961206547,0.0100109961206547,0.1,122.1980717,0.202542924356177,0.192367160451871,0.17809948064435
Grouse,2,0.1,successful,10002,20002,30002,40002,500204,0.100072547808119,0.0100109961206547,0.0100109961206547,0.1,117.1122709,1.00145243374773,1.00214468550755,1.00138129233412
TeCPSGD,2,0.1,successful,10002,20002,30002,40002,500205,0.100072547808119,0.0100109961206547,0.0100109961206547,0.1,117.7235385,0.207031943006108,0.184484490676403,0.172763083425744
OLSTEC_70,2,0.1,successful,10002,20002,30002,40002,500206,0.100072547808119,0.0100109961206547,0.0100109961206547,0.1,123.9575739,0.122200077134403,0.138005940996576,0.127773586426773
OLSTEC_80,2,0.1,successful,10002,20002,30002,40002,500207,0.100072547808119,0.0100109961206547,0.0100109961206547,0.1,123.7748176,0.111943362507066,0.12753262119058,0.118412150313707
OLSTEC_90,2,0.1,successful,10002,20002,30002,40002,500208,0.100072547808119,0.0100109961206547,0.0100109961206547,0.1,123.539994,0.0965029886162756,0.115592456520102,0.100913856735775
OLSTEC_99,2,0.1,successful,10002,20002,30002,40002,500209,0.100072547808119,0.0100109961206547,0.0100109961206547,0.1,123.9191661,0.0746341830993476,0.102789186902002,0.0780853118793224
RSI_OLSTEC,2,0.1,successful,10002,20002,30002,40002,500210,0.100072547808119,0.0100109961206547,0.0100109961206547,0.1,131.2800674,0.0520821281084833,0.0612663676857787,0.0527224646558031
CP_WOPT,3,0.1,successful,10003,20003,30003,40003,500301,0.100008292986792,0.00999156141114983,0.00999156141114983,0.1,233.935357,0.177348363155435,0.19802894119578,0.185299423922093
Petrels,3,0.1,successful,10003,20003,30003,40003,500302,0.100008292986792,0.00999156141114983,0.00999156141114983,0.1,131.4323498,0.127870238937513,0.16280365759958,0.13211882996058
Grasta,3,0.1,successful,10003,20003,30003,40003,40003,0.100008292986792,0.00999156141114983,0.00999156141114983,0.1,117.4638385,0.202440578950863,0.190453536206976,0.178725881065401
Grouse,3,0.1,successful,10003,20003,30003,40003,500304,0.100008292986792,0.00999156141114983,0.00999156141114983,0.1,112.7918288,1.00155362908262,1.00181021090428,1.00148012528647
TeCPSGD,3,0.1,successful,10003,20003,30003,40003,500305,0.100008292986792,0.00999156141114983,0.00999156141114983,0.1,112.4544211,0.178969293439425,0.184782279408976,0.172967448620037
OLSTEC_70,3,0.1,successful,10003,20003,30003,40003,500306,0.100008292986792,0.00999156141114983,0.00999156141114983,0.1,118.5663513,0.122861666677643,0.148791828448854,0.128123565737612
OLSTEC_80,3,0.1,successful,10003,20003,30003,40003,500307,0.100008292986792,0.00999156141114983,0.00999156141114983,0.1,118.3312838,0.11385758140701,0.143093821455518,0.118143547409892
OLSTEC_90,3,0.1,successful,10003,20003,30003,40003,500308,0.100008292986792,0.00999156141114983,0.00999156141114983,0.1,118.6020189,0.0985803171212673,0.127101656770601,0.103452174665986
OLSTEC_99,3,0.1,successful,10003,20003,30003,40003,500309,0.100008292986792,0.00999156141114983,0.00999156141114983,0.1,118.529825,0.0795412089075911,0.106088717886812,0.0803715506252543
RSI_OLSTEC,3,0.1,successful,10003,20003,30003,40003,500310,0.100008292986792,0.00999156141114983,0.00999156141114983,0.1,125.2867323,0.0520997393389918,0.0618228145998132,0.0528956893620434
CP_WOPT,4,0.1,successful,10004,20004,30004,40004,500401,0.0999763238392351,0.00999877820881614,0.00999877820881614,0.1,244.7365284,0.178025373378637,0.199910340045311,0.185723478702481
Petrels,4,0.1,successful,10004,20004,30004,40004,500402,0.0999763238392351,0.00999877820881614,0.00999877820881614,0.1,131.1508114,0.128107906833666,0.160281899901469,0.131757442099884
Grasta,4,0.1,successful,10004,20004,30004,40004,40004,0.0999763238392351,0.00999877820881614,0.00999877820881614,0.1,117.2918755,0.203189688434003,0.188259594776285,0.178074100469885
Grouse,4,0.1,successful,10004,20004,30004,40004,500404,0.0999763238392351,0.00999877820881614,0.00999877820881614,0.1,112.6585597,1.00171114656391,1.00173696839764,1.00156730229006
TeCPSGD,4,0.1,successful,10004,20004,30004,40004,500405,0.0999763238392351,0.00999877820881614,0.00999877820881614,0.1,112.4312462,0.184096497085452,0.184157826138006,0.172897158609648
OLSTEC_70,4,0.1,successful,10004,20004,30004,40004,500406,0.0999763238392351,0.00999877820881614,0.00999877820881614,0.1,118.5506633,0.123310657909556,0.12591297146726,0.128224141646085
OLSTEC_80,4,0.1,successful,10004,20004,30004,40004,500407,0.0999763238392351,0.00999877820881614,0.00999877820881614,0.1,118.1695038,0.114094416089881,0.125218275048749,0.117085271865681
OLSTEC_90,4,0.1,successful,10004,20004,30004,40004,500408,0.0999763238392351,0.00999877820881614,0.00999877820881614,0.1,118.2813414,0.0985497267583321,0.11040332259493,0.102943098014909
OLSTEC_99,4,0.1,successful,10004,20004,30004,40004,500409,0.0999763238392351,0.00999877820881614,0.00999877820881614,0.1,118.5336305,0.0774248400265826,0.108939695300654,0.0790309643752892
RSI_OLSTEC,4,0.1,successful,10004,20004,30004,40004,500410,0.0999763238392351,0.00999877820881614,0.00999877820881614,0.1,125.8169513,0.0522316772196659,0.0607465937519638,0.0536331423088104
CP_WOPT,5,0.1,successful,10005,20005,30005,40005,500501,0.100012407827567,0.0100233089903573,0.0100233089903573,0.1,260.3923168,0.178571811410473,0.198896937722382,0.186741622136258
Petrels,5,0.1,successful,10005,20005,30005,40005,500502,0.100012407827567,0.0100233089903573,0.0100233089903573,0.1,131.5685257,0.128071680598782,0.160822103754369,0.132649439537509
Grasta,5,0.1,successful,10005,20005,30005,40005,40005,0.100012407827567,0.0100233089903573,0.0100233089903573,0.1,117.2282229,0.202706903969883,0.19293928009907,0.177167729048998
Grouse,5,0.1,successful,10005,20005,30005,40005,500504,0.100012407827567,0.0100233089903573,0.0100233089903573,0.1,112.3867363,1.0015970993265,1.00138693264854,1.00147270775061
TeCPSGD,5,0.1,successful,10005,20005,30005,40005,500505,0.100012407827567,0.0100233089903573,0.0100233089903573,0.1,112.4005992,0.221361511866259,0.184788976951786,0.172918606149754
OLSTEC_70,5,0.1,successful,10005,20005,30005,40005,500506,0.100012407827567,0.0100233089903573,0.0100233089903573,0.1,117.9488218,0.12329959256687,0.151139245015313,0.130013010197543
OLSTEC_80,5,0.1,successful,10005,20005,30005,40005,500507,0.100012407827567,0.0100233089903573,0.0100233089903573,0.1,118.2456928,0.113804097358518,0.128160339529818,0.119929833896945
OLSTEC_90,5,0.1,successful,10005,20005,30005,40005,500508,0.100012407827567,0.0100233089903573,0.0100233089903573,0.1,117.936014,0.0982095552217647,0.113960336897031,0.101757199294974
OLSTEC_99,5,0.1,successful,10005,20005,30005,40005,500509,0.100012407827567,0.0100233089903573,0.0100233089903573,0.1,117.906354,0.0765291286386078,0.105329634556533,0.0774798491079021
RSI_OLSTEC,5,0.1,successful,10005,20005,30005,40005,500510,0.100012407827567,0.0100233089903573,0.0100233089903573,0.1,125.1837492,0.052247614585569,0.0613700700697251,0.052940763063085
CP_WOPT,6,0.1,successful,10006,20006,30006,40006,500601,0.100070743608703,0.00999333395794506,0.00999333395794506,0.1,230.1717739,0.177325145359204,0.197593748942266,0.185405887439242
Petrels,6,0.1,successful,10006,20006,30006,40006,500602,0.100070743608703,0.00999333395794506,0.00999333395794506,0.1,136.2206826,0.128029829762439,0.155852068956594,0.131182954523232
Grasta,6,0.1,successful,10006,20006,30006,40006,40006,0.100070743608703,0.00999333395794506,0.00999333395794506,0.1,122.0763686,0.202855941493553,0.185579235464845,0.176718171126305
Grouse,6,0.1,successful,10006,20006,30006,40006,500604,0.100070743608703,0.00999333395794506,0.00999333395794506,0.1,117.0744699,1.00174347760738,1.00229156772124,1.00170489697153
TeCPSGD,6,0.1,successful,10006,20006,30006,40006,500605,0.100070743608703,0.00999333395794506,0.00999333395794506,0.1,116.7481778,0.20285848130798,0.18473766607118,0.17296908120384
OLSTEC_70,6,0.1,successful,10006,20006,30006,40006,500606,0.100070743608703,0.00999333395794506,0.00999333395794506,0.1,122.9493599,0.122379064558082,0.130927090731461,0.127073398834503
OLSTEC_80,6,0.1,successful,10006,20006,30006,40006,500607,0.100070743608703,0.00999333395794506,0.00999333395794506,0.1,123.2815139,0.113740568640888,0.125228441859812,0.117209783429803
OLSTEC_90,6,0.1,successful,10006,20006,30006,40006,500608,0.100070743608703,0.00999333395794506,0.00999333395794506,0.1,122.8763922,0.0970277285921132,0.115196918700354,0.0993447739030409
OLSTEC_99,6,0.1,successful,10006,20006,30006,40006,500609,0.100070743608703,0.00999333395794506,0.00999333395794506,0.1,122.6926472,0.0795294921698512,0.112010584806473,0.0820357872001685
RSI_OLSTEC,6,0.1,successful,10006,20006,30006,40006,500610,0.100070743608703,0.00999333395794506,0.00999333395794506,0.1,129.9951468,0.0521518590514134,0.0611332410798699,0.0527498170500943
CP_WOPT,7,0.1,successful,10007,20007,30007,40007,500701,0.0999940176545661,0.00999016869581071,0.00999016869581071,0.1,265.3792239,0.17809770837458,0.198663532098409,0.186276911318395
Petrels,7,0.1,successful,10007,20007,30007,40007,500702,0.0999940176545661,0.00999016869581071,0.00999016869581071,0.1,136.7858584,0.127849899955129,0.158726441816569,0.13182939011853
Grasta,7,0.1,successful,10007,20007,30007,40007,40007,0.0999940176545661,0.00999016869581071,0.00999016869581071,0.1,122.98262,0.203186226448078,0.186501630665087,0.175942351096579
Grouse,7,0.1,successful,10007,20007,30007,40007,500704,0.0999940176545661,0.00999016869581071,0.00999016869581071,0.1,117.4758309,1.00173329216639,1.00125990886697,1.00168281718675
TeCPSGD,7,0.1,successful,10007,20007,30007,40007,500705,0.0999940176545661,0.00999016869581071,0.00999016869581071,0.1,118.0705872,0.20368090432136,0.184883531269133,0.172958445130992
OLSTEC_70,7,0.1,successful,10007,20007,30007,40007,500706,0.0999940176545661,0.00999016869581071,0.00999016869581071,0.1,123.7679706,0.122695997479909,0.133685012578069,0.128956127067458
OLSTEC_80,7,0.1,successful,10007,20007,30007,40007,500707,0.0999940176545661,0.00999016869581071,0.00999016869581071,0.1,123.9365704,0.113537878407073,0.122796450369824,0.11837066164931
OLSTEC_90,7,0.1,successful,10007,20007,30007,40007,500708,0.0999940176545661,0.00999016869581071,0.00999016869581071,0.1,123.7865981,0.101044682811665,0.119036285467576,0.104745453320603
OLSTEC_99,7,0.1,successful,10007,20007,30007,40007,500709,0.0999940176545661,0.00999016869581071,0.00999016869581071,0.1,123.5609036,0.0787801793941359,0.104254258924828,0.0787524850499999
RSI_OLSTEC,7,0.1,successful,10007,20007,30007,40007,500710,0.0999940176545661,0.00999016869581071,0.00999016869581071,0.1,133.1576278,0.0524758957033748,0.0618179197977052,0.0537879423559636
CP_WOPT,8,0.1,successful,10008,20008,30008,40008,500801,0.10006760999919,0.00999551798881776,0.00999551798881776,0.1,236.7494934,0.176980135002196,0.196198632180437,0.185011459842968
Petrels,8,0.1,successful,10008,20008,30008,40008,500802,0.10006760999919,0.00999551798881776,0.00999551798881776,0.1,132.1757694,0.127925584106459,0.154789441505259,0.131916867479784
Grasta,8,0.1,successful,10008,20008,30008,40008,40008,0.10006760999919,0.00999551798881776,0.00999551798881776,0.1,120.0026218,0.204172621901781,0.189873185977847,0.177876206386853
Grouse,8,0.1,successful,10008,20008,30008,40008,500804,0.10006760999919,0.00999551798881776,0.00999551798881776,0.1,117.4913216,1.00174744777771,1.0016381596817,1.00174988796697
TeCPSGD,8,0.1,successful,10008,20008,30008,40008,500805,0.10006760999919,0.00999551798881776,0.00999551798881776,0.1,118.6596849,0.180030653434334,0.185076238311029,0.172919380139041
OLSTEC_70,8,0.1,successful,10008,20008,30008,40008,500806,0.10006760999919,0.00999551798881776,0.00999551798881776,0.1,124.9013129,0.123215925038574,0.132849900573251,0.129497482977928
OLSTEC_80,8,0.1,successful,10008,20008,30008,40008,500807,0.10006760999919,0.00999551798881776,0.00999551798881776,0.1,125.0874435,0.11449420226219,0.126212880724331,0.121384147748229
OLSTEC_90,8,0.1,successful,10008,20008,30008,40008,500808,0.10006760999919,0.00999551798881776,0.00999551798881776,0.1,124.9530403,0.100665497003968,0.108654736927611,0.105141746433196
OLSTEC_99,8,0.1,successful,10008,20008,30008,40008,500809,0.10006760999919,0.00999551798881776,0.00999551798881776,0.1,124.5438252,0.0757791438888887,0.0993525089764768,0.0760876702820284
RSI_OLSTEC,8,0.1,successful,10008,20008,30008,40008,500810,0.10006760999919,0.00999551798881776,0.00999551798881776,0.1,132.4112764,0.0522729930702269,0.0601528514499458,0.0529670024523656
CP_WOPT,9,0.1,successful,10009,20009,30009,40009,500901,0.100008577860384,0.0100065331010453,0.0100065331010453,0.1,235.9742328,0.177068915259687,0.196780596073158,0.184980200620253
Petrels,9,0.1,successful,10009,20009,30009,40009,500902,0.100008577860384,0.0100065331010453,0.0100065331010453,0.1,131.1482398,0.127940011999064,0.160969150281574,0.132014400388545
Grasta,9,0.1,successful,10009,20009,30009,40009,40009,0.100008577860384,0.0100065331010453,0.0100065331010453,0.1,117.2948658,0.203556059061732,0.191283969217601,0.177062672763795
Grouse,9,0.1,successful,10009,20009,30009,40009,500904,0.100008577860384,0.0100065331010453,0.0100065331010453,0.1,112.6106398,1.00170589128354,1.0021574607701,1.00156703167684
TeCPSGD,9,0.1,successful,10009,20009,30009,40009,500905,0.100008577860384,0.0100065331010453,0.0100065331010453,0.1,112.586231,0.225939975412291,0.185097819360116,0.172843665190092
OLSTEC_70,9,0.1,successful,10009,20009,30009,40009,500906,0.100008577860384,0.0100065331010453,0.0100065331010453,0.1,118.5661465,0.122287736466708,0.178508099458646,0.129742347909374
OLSTEC_80,9,0.1,successful,10009,20009,30009,40009,500907,0.100008577860384,0.0100065331010453,0.0100065331010453,0.1,118.7074855,0.112906092695905,0.151018371765257,0.120116145066607
OLSTEC_90,9,0.1,successful,10009,20009,30009,40009,500908,0.100008577860384,0.0100065331010453,0.0100065331010453,0.1,118.4661269,0.0986757197417591,0.118956813844978,0.103782701568764
OLSTEC_99,9,0.1,successful,10009,20009,30009,40009,500909,0.100008577860384,0.0100065331010453,0.0100065331010453,0.1,118.8859831,0.0775938957996361,0.116439649560333,0.0786653462251875
RSI_OLSTEC,9,0.1,successful,10009,20009,30009,40009,500910,0.100008577860384,0.0100065331010453,0.0100065331010453,0.1,125.8430165,0.0521238328088815,0.0619259820317541,0.0533623087459808
CP_WOPT,10,0.1,successful,10010,20010,30010,40010,501001,0.100063273590066,0.0100114076047322,0.0100114076047322,0.1,248.2031493,0.176050660323598,0.196960266498779,0.184177243735476
Petrels,10,0.1,successful,10010,20010,30010,40010,501002,0.100063273590066,0.0100114076047322,0.0100114076047322,0.1,131.2271307,0.127952378967057,0.160196114905731,0.131981149296747
Grasta,10,0.1,successful,10010,20010,30010,40010,40010,0.100063273590066,0.0100114076047322,0.0100114076047322,0.1,117.2294176,0.203150499976092,0.192183573367506,0.17832038591778
Grouse,10,0.1,successful,10010,20010,30010,40010,501004,0.100063273590066,0.0100114076047322,0.0100114076047322,0.1,112.5390801,1.00167942801486,1.00136278051153,1.00164101040022
TeCPSGD,10,0.1,successful,10010,20010,30010,40010,501005,0.100063273590066,0.0100114076047322,0.0100114076047322,0.1,112.3219101,0.191337695635525,0.184230449253393,0.172807159447713
OLSTEC_70,10,0.1,successful,10010,20010,30010,40010,501006,0.100063273590066,0.0100114076047322,0.0100114076047322,0.1,118.6183149,0.122803657034004,0.15327482702116,0.128100052465882
OLSTEC_80,10,0.1,successful,10010,20010,30010,40010,501007,0.100063273590066,0.0100114076047322,0.0100114076047322,0.1,118.5078742,0.113305426920725,0.145855071322086,0.116833095272485
OLSTEC_90,10,0.1,successful,10010,20010,30010,40010,501008,0.100063273590066,0.0100114076047322,0.0100114076047322,0.1,118.402555,0.0999502375814093,0.125062846199052,0.103877247997648
OLSTEC_99,10,0.1,successful,10010,20010,30010,40010,501009,0.100063273590066,0.0100114076047322,0.0100114076047322,0.1,118.5278007,0.0771754373560894,0.107353144541881,0.0764374703142986
RSI_OLSTEC,10,0.1,successful,10010,20010,30010,40010,501010,0.100063273590066,0.0100114076047322,0.0100114076047322,0.1,125.7093543,0.0521254695650763,0.0635820736121974,0.053025184580051
CP_WOPT,11,0.1,successful,10011,20011,30011,40011,501101,0.100081948636658,0.00999333395794506,0.00999333395794506,0.1,234.0933962,0.177093986157353,0.197891088702149,0.185036111154424
Petrels,11,0.1,successful,10011,20011,30011,40011,501102,0.100081948636658,0.00999333395794506,0.00999333395794506,0.1,136.4146875,0.128425001429604,0.159199913001389,0.133270884226472
Grasta,11,0.1,successful,10011,20011,30011,40011,40011,0.100081948636658,0.00999333395794506,0.00999333395794506,0.1,117.6842921,0.203245357330473,0.193621998068286,0.180729768473319
Grouse,11,0.1,successful,10011,20011,30011,40011,501104,0.100081948636658,0.00999333395794506,0.00999333395794506,0.1,111.86881,1.00162951130888,1.00218085913078,1.00185671642463
TeCPSGD,11,0.1,successful,10011,20011,30011,40011,501105,0.100081948636658,0.00999333395794506,0.00999333395794506,0.1,111.9849735,0.217955282391594,0.18486122235169,0.172996368843703
OLSTEC_70,11,0.1,successful,10011,20011,30011,40011,501106,0.100081948636658,0.00999333395794506,0.00999333395794506,0.1,118.0376361,0.12288202991186,0.140526584619138,0.126912804819404
OLSTEC_80,11,0.1,successful,10011,20011,30011,40011,501107,0.100081948636658,0.00999333395794506,0.00999333395794506,0.1,118.086513,0.114532466902536,0.131376482578007,0.12029962096503
OLSTEC_90,11,0.1,successful,10011,20011,30011,40011,501108,0.100081948636658,0.00999333395794506,0.00999333395794506,0.1,118.1541925,0.0997514678048022,0.125361606346718,0.105857843423459
OLSTEC_99,11,0.1,successful,10011,20011,30011,40011,501109,0.100081948636658,0.00999333395794506,0.00999333395794506,0.1,117.8711715,0.0781148131370252,0.101675107949198,0.0774547917886276
RSI_OLSTEC,11,0.1,successful,10011,20011,30011,40011,501110,0.100081948636658,0.00999333395794506,0.00999333395794506,0.1,124.9451813,0.0524837604917463,0.0624290088699972,0.0534283788203171
CP_WOPT,12,0.1,successful,10012,20012,30012,40012,501201,0.100004273103881,0.00997950176241796,0.00997950176241796,0.1,275.385875,0.179255673997425,0.201844141650329,0.187255319669748
Petrels,12,0.1,successful,10012,20012,30012,40012,501202,0.100004273103881,0.00997950176241796,0.00997950176241796,0.1,131.2701995,0.127949285586781,0.164531072761623,0.132328553895707
Grasta,12,0.1,successful,10012,20012,30012,40012,40012,0.100004273103881,0.00997950176241796,0.00997950176241796,0.1,117.3224889,0.203569896750742,0.191038075692304,0.178662202932403
Grouse,12,0.1,successful,10012,20012,30012,40012,501204,0.100004273103881,0.00997950176241796,0.00997950176241796,0.1,112.7855669,1.00170301745063,1.00239783743048,1.00151729008979
TeCPSGD,12,0.1,successful,10012,20012,30012,40012,501205,0.100004273103881,0.00997950176241796,0.00997950176241796,0.1,112.8462435,0.206469731368482,0.184178359818176,0.172864527341102
OLSTEC_70,12,0.1,successful,10012,20012,30012,40012,501206,0.100004273103881,0.00997950176241796,0.00997950176241796,0.1,119.0188917,0.123453088175022,0.152299408666872,0.12820075104147
OLSTEC_80,12,0.1,successful,10012,20012,30012,40012,501207,0.100004273103881,0.00997950176241796,0.00997950176241796,0.1,119.0459634,0.113551668515041,0.138095084525581,0.117841741904127
OLSTEC_90,12,0.1,successful,10012,20012,30012,40012,501208,0.100004273103881,0.00997950176241796,0.00997950176241796,0.1,119.5570269,0.100194465374709,0.128829614458057,0.104197819101522
OLSTEC_99,12,0.1,successful,10012,20012,30012,40012,501209,0.100004273103881,0.00997950176241796,0.00997950176241796,0.1,119.6502644,0.0757988319351839,0.104355796695556,0.0751791974053741
RSI_OLSTEC,12,0.1,successful,10012,20012,30012,40012,501210,0.100004273103881,0.00997950176241796,0.00997950176241796,0.1,126.4707376,0.0523845251184844,0.0622198452542038,0.0538346968241764
CP_WOPT,13,0.1,successful,10013,20013,30013,40013,501301,0.0998840881006401,0.00999966448221376,0.00999966448221376,0.1,234.8618869,0.174833659050449,0.211963558813213,0.178009577651907
Petrels,13,0.1,successful,10013,20013,30013,40013,501302,0.0998840881006401,0.00999966448221376,0.00999966448221376,0.1,140.7175357,0.12796304589499,0.152584714202757,0.131741860374364
Grasta,13,0.1,successful,10013,20013,30013,40013,40013,0.0998840881006401,0.00999966448221376,0.00999966448221376,0.1,139.8507259,0.203783443201087,0.187295902311142,0.178580209023163
Grouse,13,0.1,successful,10013,20013,30013,40013,501304,0.0998840881006401,0.00999966448221376,0.00999966448221376,0.1,127.0229525,1.00168095119993,1.00105531353058,1.00173752151542
TeCPSGD,13,0.1,successful,10013,20013,30013,40013,501305,0.0998840881006401,0.00999966448221376,0.00999966448221376,0.1,131.916931,0.197862226657405,0.184085787093863,0.17284428896005
OLSTEC_70,13,0.1,successful,10013,20013,30013,40013,501306,0.0998840881006401,0.00999966448221376,0.00999966448221376,0.1,129.3235972,0.121138100818653,0.132416439309449,0.12456793485417
OLSTEC_80,13,0.1,successful,10013,20013,30013,40013,501307,0.0998840881006401,0.00999966448221376,0.00999966448221376,0.1,128.3730421,0.113830268565011,0.129481534647382,0.118015645083327
OLSTEC_90,13,0.1,successful,10013,20013,30013,40013,501308,0.0998840881006401,0.00999966448221376,0.00999966448221376,0.1,127.1778731,0.0986878423390463,0.120582255462229,0.103163169780179
OLSTEC_99,13,0.1,successful,10013,20013,30013,40013,501309,0.0998840881006401,0.00999966448221376,0.00999966448221376,0.1,127.1207684,0.0776472428051956,0.106540882909395,0.0776189372008519
RSI_OLSTEC,13,0.1,successful,10013,20013,30013,40013,501310,0.0998840881006401,0.00999966448221376,0.00999966448221376,0.1,133.5444799,0.052191951488585,0.0624961274117243,0.052982828562392
CP_WOPT,14,0.1,successful,10014,20014,30014,40014,501401,0.0999947773174783,0.00999735384085568,0.00999735384085568,0.1,217.7958753,0.177369516758329,0.197737754021415,0.185606234308225
Petrels,14,0.1,successful,10014,20014,30014,40014,501402,0.0999947773174783,0.00999735384085568,0.00999735384085568,0.1,131.1101227,0.127473154015104,0.158179961691955,0.13187562258133
Grasta,14,0.1,successful,10014,20014,30014,40014,40014,0.0999947773174783,0.00999735384085568,0.00999735384085568,0.1,121.0173288,0.202914695772038,0.19514802811305,0.179450062487965
Grouse,14,0.1,successful,10014,20014,30014,40014,501404,0.0999947773174783,0.00999735384085568,0.00999735384085568,0.1,117.7700457,1.00167424791607,1.00112844281471,1.00166676498565
TeCPSGD,14,0.1,successful,10014,20014,30014,40014,501405,0.0999947773174783,0.00999735384085568,0.00999735384085568,0.1,118.5915976,0.187977955126335,0.18476564340352,0.172825319288452
OLSTEC_70,14,0.1,successful,10014,20014,30014,40014,501406,0.0999947773174783,0.00999735384085568,0.00999735384085568,0.1,124.300605,0.122574398610247,0.135661777057851,0.127888607848233
OLSTEC_80,14,0.1,successful,10014,20014,30014,40014,501407,0.0999947773174783,0.00999735384085568,0.00999735384085568,0.1,124.521129,0.114371321200551,0.126522221499469,0.119178896096782
OLSTEC_90,14,0.1,successful,10014,20014,30014,40014,501408,0.0999947773174783,0.00999735384085568,0.00999735384085568,0.1,124.3571049,0.0997966486189592,0.116967893356178,0.1037673405565
OLSTEC_99,14,0.1,successful,10014,20014,30014,40014,501409,0.0999947773174783,0.00999735384085568,0.00999735384085568,0.1,124.6170962,0.0760849291083996,0.104466592772697,0.0762209874654406
RSI_OLSTEC,14,0.1,successful,10014,20014,30014,40014,501410,0.0999947773174783,0.00999735384085568,0.00999735384085568,0.1,132.3669642,0.0525726993509167,0.0614718870449537,0.0532493590921092
CP_WOPT,15,0.1,successful,10015,20015,30015,40015,501501,0.0999455891439105,0.00999757540920509,0.00999757540920509,0.1,231.7941311,0.177189780668056,0.196986251168214,0.185360209062282
Petrels,15,0.1,successful,10015,20015,30015,40015,501502,0.0999455891439105,0.00999757540920509,0.00999757540920509,0.1,131.1658686,0.127962708023825,0.158273845304614,0.131655374720563
Grasta,15,0.1,successful,10015,20015,30015,40015,40015,0.0999455891439105,0.00999757540920509,0.00999757540920509,0.1,117.1005332,0.202612044393267,0.185334306558577,0.175621972626229
Grouse,15,0.1,successful,10015,20015,30015,40015,501504,0.0999455891439105,0.00999757540920509,0.00999757540920509,0.1,112.5274979,1.00173146053275,1.00231329580815,1.00165483939631
TeCPSGD,15,0.1,successful,10015,20015,30015,40015,501505,0.0999455891439105,0.00999757540920509,0.00999757540920509,0.1,112.9500778,0.186009323772476,0.184733378770884,0.172969552306716
OLSTEC_70,15,0.1,successful,10015,20015,30015,40015,501506,0.0999455891439105,0.00999757540920509,0.00999757540920509,0.1,118.7755432,0.122323755097921,0.148455434031038,0.126541051794311
OLSTEC_80,15,0.1,successful,10015,20015,30015,40015,501507,0.0999455891439105,0.00999757540920509,0.00999757540920509,0.1,118.690137,0.114785996126038,0.138867619257038,0.118772834487509
OLSTEC_90,15,0.1,successful,10015,20015,30015,40015,501508,0.0999455891439105,0.00999757540920509,0.00999757540920509,0.1,118.6590498,0.0995250840726178,0.132687227450606,0.103914940304049
OLSTEC_99,15,0.1,successful,10015,20015,30015,40015,501509,0.0999455891439105,0.00999757540920509,0.00999757540920509,0.1,118.7695413,0.0765544729252225,0.098894911915815,0.075891985277253
RSI_OLSTEC,15,0.1,successful,10015,20015,30015,40015,501510,0.0999455891439105,0.00999757540920509,0.00999757540920509,0.1,125.4046178,0.0522244561381996,0.0616554647283066,0.0529403307171623
CP_WOPT,16,0.1,successful,10016,20016,30016,40016,501601,0.100014528553197,0.010005678480269,0.010005678480269,0.1,238.1355772,0.177009757295176,0.197170616545062,0.185202789710476
Petrels,16,0.1,successful,10016,20016,30016,40016,501602,0.100014528553197,0.010005678480269,0.010005678480269,0.1,131.12825,0.128599834093752,0.160192920752421,0.13333996970797
Grasta,16,0.1,successful,10016,20016,30016,40016,40016,0.100014528553197,0.010005678480269,0.010005678480269,0.1,117.109638,0.204105658979677,0.186630506330567,0.180246928746136
Grouse,16,0.1,successful,10016,20016,30016,40016,501604,0.100014528553197,0.010005678480269,0.010005678480269,0.1,112.5949412,1.00162675957475,1.00104204435711,1.00157473358413
TeCPSGD,16,0.1,successful,10016,20016,30016,40016,501605,0.100014528553197,0.010005678480269,0.010005678480269,0.1,112.9438924,0.214758387577103,0.184938727953607,0.172923988697973
OLSTEC_70,16,0.1,successful,10016,20016,30016,40016,501606,0.100014528553197,0.010005678480269,0.010005678480269,0.1,118.5881899,0.12274947693042,0.136291346681485,0.129673980034091
OLSTEC_80,16,0.1,successful,10016,20016,30016,40016,501607,0.100014528553197,0.010005678480269,0.010005678480269,0.1,118.5988752,0.113753338328129,0.12759269549852,0.120556149169179
OLSTEC_90,16,0.1,successful,10016,20016,30016,40016,501608,0.100014528553197,0.010005678480269,0.010005678480269,0.1,118.6324998,0.0989568419751239,0.10866041630122,0.10445548827158
OLSTEC_99,16,0.1,successful,10016,20016,30016,40016,501609,0.100014528553197,0.010005678480269,0.010005678480269,0.1,118.6081463,0.0770448643105542,0.096640239212839,0.0784002537659542
RSI_OLSTEC,16,0.1,successful,10016,20016,30016,40016,501610,0.100014528553197,0.010005678480269,0.010005678480269,0.1,125.7254668,0.0523099291688069,0.0612156225532498,0.0531032144073084
CP_WOPT,17,0.1,successful,10017,20017,30017,40017,501701,0.0999799638906896,0.0100256196317154,0.0100256196317154,0.1,229.5122636,0.176807157275436,0.198533470081512,0.184624835081969
Petrels,17,0.1,successful,10017,20017,30017,40017,501702,0.0999799638906896,0.0100256196317154,0.0100256196317154,0.1,136.3677518,0.128003990367718,0.1634124821498,0.133043806332447
Grasta,17,0.1,successful,10017,20017,30017,40017,40017,0.0999799638906896,0.0100256196317154,0.0100256196317154,0.1,122.8517905,0.203440665048664,0.190848250784788,0.179423056054068
Grouse,17,0.1,successful,10017,20017,30017,40017,501704,0.0999799638906896,0.0100256196317154,0.0100256196317154,0.1,115.8317899,1.00166522781855,1.00174748822875,1.00177683635549
TeCPSGD,17,0.1,successful,10017,20017,30017,40017,501705,0.0999799638906896,0.0100256196317154,0.0100256196317154,0.1,112.1832325,0.199282158068908,0.185125356340167,0.173003933144422
OLSTEC_70,17,0.1,successful,10017,20017,30017,40017,501706,0.0999799638906896,0.0100256196317154,0.0100256196317154,0.1,118.2470127,0.122216070365401,0.15133315019023,0.126572932280347
OLSTEC_80,17,0.1,successful,10017,20017,30017,40017,501707,0.0999799638906896,0.0100256196317154,0.0100256196317154,0.1,118.0932023,0.113839783070464,0.139166156874473,0.117589094551441
OLSTEC_90,17,0.1,successful,10017,20017,30017,40017,501708,0.0999799638906896,0.0100256196317154,0.0100256196317154,0.1,118.1758945,0.100005049201338,0.119337209492862,0.103958822374428
OLSTEC_99,17,0.1,successful,10017,20017,30017,40017,501709,0.0999799638906896,0.0100256196317154,0.0100256196317154,0.1,118.0947657,0.0776612293238658,0.105634959018601,0.079084728896631
RSI_OLSTEC,17,0.1,successful,10017,20017,30017,40017,501710,0.0999799638906896,0.0100256196317154,0.0100256196317154,0.1,125.1318378,0.0520850570076724,0.0613844107706277,0.0527573605850597
CP_WOPT,18,0.1,successful,10018,20018,30018,40018,501801,0.10003557754639,0.010015079308808,0.010015079308808,0.1,231.3706407,0.17719957535655,0.197713843457814,0.185219108422387
Petrels,18,0.1,successful,10018,20018,30018,40018,501802,0.10003557754639,0.010015079308808,0.010015079308808,0.1,136.2324435,0.128252235224102,0.155993574871943,0.131585687765588
Grasta,18,0.1,successful,10018,20018,30018,40018,40018,0.10003557754639,0.010015079308808,0.010015079308808,0.1,122.0894291,0.203994986988283,0.18652921728095,0.176676871041677
Grouse,18,0.1,successful,10018,20018,30018,40018,501804,0.10003557754639,0.010015079308808,0.010015079308808,0.1,116.9767847,1.00170133376299,1.00095538865606,1.00166487625797
TeCPSGD,18,0.1,successful,10018,20018,30018,40018,501805,0.10003557754639,0.010015079308808,0.010015079308808,0.1,116.8963598,0.221798667692794,0.184963840588843,0.172824627589652
OLSTEC_70,18,0.1,successful,10018,20018,30018,40018,501806,0.10003557754639,0.010015079308808,0.010015079308808,0.1,123.3193368,0.122370116771869,0.132706070476812,0.126359981028582
OLSTEC_80,18,0.1,successful,10018,20018,30018,40018,501807,0.10003557754639,0.010015079308808,0.010015079308808,0.1,123.3614352,0.112930219498448,0.11878454990509,0.118542815640021
OLSTEC_90,18,0.1,successful,10018,20018,30018,40018,501808,0.10003557754639,0.010015079308808,0.010015079308808,0.1,122.9565283,0.0989745403658753,0.124932010910101,0.10257227189218
OLSTEC_99,18,0.1,successful,10018,20018,30018,40018,501809,0.10003557754639,0.010015079308808,0.010015079308808,0.1,122.9511893,0.0776760833177805,0.0994276942384285,0.0798791241417059
RSI_OLSTEC,18,0.1,successful,10018,20018,30018,40018,501810,0.10003557754639,0.010015079308808,0.010015079308808,0.1,130.0159304,0.0523729823490258,0.0607168520027183,0.0530959078577234
CP_WOPT,19,0.1,successful,10019,20019,30019,40019,501901,0.0999783496070011,0.00999782863017584,0.00999782863017584,0.1,255.4132773,0.17772825507115,0.198561169336657,0.185898391498402
Petrels,19,0.1,successful,10019,20019,30019,40019,501902,0.0999783496070011,0.00999782863017584,0.00999782863017584,0.1,136.6233163,0.127504556842219,0.157444135697408,0.131191882718382
Grasta,19,0.1,successful,10019,20019,30019,40019,40019,0.0999783496070011,0.00999782863017584,0.00999782863017584,0.1,122.3652148,0.202267488467918,0.19017937377159,0.176355199643415
Grouse,19,0.1,successful,10019,20019,30019,40019,501904,0.0999783496070011,0.00999782863017584,0.00999782863017584,0.1,117.243587,1.00170858668898,1.0011492111255,1.00176854099735
TeCPSGD,19,0.1,successful,10019,20019,30019,40019,501905,0.0999783496070011,0.00999782863017584,0.00999782863017584,0.1,117.314955,0.197869441556683,0.184874912634177,0.172824348847494
OLSTEC_70,19,0.1,successful,10019,20019,30019,40019,501906,0.0999783496070011,0.00999782863017584,0.00999782863017584,0.1,123.4581773,0.122856211651798,0.138244268397,0.127393399313402
OLSTEC_80,19,0.1,successful,10019,20019,30019,40019,501907,0.0999783496070011,0.00999782863017584,0.00999782863017584,0.1,123.0563782,0.113858496109277,0.138582188251816,0.11899747671206
OLSTEC_90,19,0.1,successful,10019,20019,30019,40019,501908,0.0999783496070011,0.00999782863017584,0.00999782863017584,0.1,123.0871542,0.0995518040538542,0.110628839844621,0.104309050519257
OLSTEC_99,19,0.1,successful,10019,20019,30019,40019,501909,0.0999783496070011,0.00999782863017584,0.00999782863017584,0.1,123.1022668,0.0762973105907136,0.0976985558794012,0.0754328860036772
RSI_OLSTEC,19,0.1,successful,10019,20019,30019,40019,501910,0.0999783496070011,0.00999782863017584,0.00999782863017584,0.1,130.2546417,0.0522916877652749,0.0611187766127899,0.053201395902313
CP_WOPT,20,0.1,successful,10020,20020,30020,40020,502001,0.10005137220444,0.00998934572765578,0.00998934572765578,0.1,222.0917195,0.176940888163161,0.200012302528005,0.185284089837048
Petrels,20,0.1,successful,10020,20020,30020,40020,502002,0.10005137220444,0.00998934572765578,0.00998934572765578,0.1,131.303114,0.127447830727737,0.157265579082746,0.132122456387764
Grasta,20,0.1,successful,10020,20020,30020,40020,40020,0.10005137220444,0.00998934572765578,0.00998934572765578,0.1,117.1369626,0.202591846817645,0.188581625611994,0.176483175434388
Grouse,20,0.1,successful,10020,20020,30020,40020,502004,0.10005137220444,0.00998934572765578,0.00998934572765578,0.1,112.5335601,1.00167496465724,1.00059880441702,1.00174319829119
TeCPSGD,20,0.1,successful,10020,20020,30020,40020,502005,0.10005137220444,0.00998934572765578,0.00998934572765578,0.1,112.0035085,0.188912818362739,0.184906431335517,0.172855351550301
OLSTEC_70,20,0.1,successful,10020,20020,30020,40020,502006,0.10005137220444,0.00998934572765578,0.00998934572765578,0.1,118.399935,0.122562904215961,0.129708070357875,0.126685608796795
OLSTEC_80,20,0.1,successful,10020,20020,30020,40020,502007,0.10005137220444,0.00998934572765578,0.00998934572765578,0.1,120.2046343,0.11302562215279,0.1244712590971,0.118894354583661
OLSTEC_90,20,0.1,successful,10020,20020,30020,40020,502008,0.10005137220444,0.00998934572765578,0.00998934572765578,0.1,123.9492852,0.0983782629793009,0.120605222231357,0.10424209061614
OLSTEC_99,20,0.1,successful,10020,20020,30020,40020,502009,0.10005137220444,0.00998934572765578,0.00998934572765578,0.1,123.4629241,0.0778251859291994,0.109797913473208,0.0780221548361883
RSI_OLSTEC,20,0.1,successful,10020,20020,30020,40020,502010,0.10005137220444,0.00998934572765578,0.00998934572765578,0.1,130.4709239,0.0522919734996203,0.0607581380863881,0.0530333705235755
CP_WOPT,21,0.1,successful,10021,20021,30021,40021,502101,0.10006501448424,0.00996288413621262,0.00996288413621262,0.1,218.8863703,0.177306602650332,0.198125215080004,0.185477274493671
Petrels,21,0.1,successful,10021,20021,30021,40021,502102,0.10006501448424,0.00996288413621262,0.00996288413621262,0.1,131.4025609,0.128136882617335,0.152808606816837,0.132373066233654
Grasta,21,0.1,successful,10021,20021,30021,40021,40021,0.10006501448424,0.00996288413621262,0.00996288413621262,0.1,117.3902213,0.2037793216021,0.192881744210364,0.179397782290955
Grouse,21,0.1,successful,10021,20021,30021,40021,502104,0.10006501448424,0.00996288413621262,0.00996288413621262,0.1,112.6197613,1.00171265363612,1.0011630459269,1.00171836274308
TeCPSGD,21,0.1,successful,10021,20021,30021,40021,502105,0.10006501448424,0.00996288413621262,0.00996288413621262,0.1,112.3087592,0.177711715309562,0.18474112098176,0.172852787652273
OLSTEC_70,21,0.1,successful,10021,20021,30021,40021,502106,0.10006501448424,0.00996288413621262,0.00996288413621262,0.1,118.7233436,0.123467797847429,0.130843719052294,0.127849148261377
OLSTEC_80,21,0.1,successful,10021,20021,30021,40021,502107,0.10006501448424,0.00996288413621262,0.00996288413621262,0.1,118.7900803,0.113405735742386,0.115135677935516,0.117517977218784
OLSTEC_90,21,0.1,successful,10021,20021,30021,40021,502108,0.10006501448424,0.00996288413621262,0.00996288413621262,0.1,118.5466067,0.100202647334741,0.106628567986134,0.105822878192471
OLSTEC_99,21,0.1,successful,10021,20021,30021,40021,502109,0.10006501448424,0.00996288413621262,0.00996288413621262,0.1,118.8719754,0.0788818696114492,0.100216475560883,0.0795072916129648
RSI_OLSTEC,21,0.1,successful,10021,20021,30021,40021,502110,0.10006501448424,0.00996288413621262,0.00996288413621262,0.1,125.6352131,0.0522113092778134,0.0608817944207945,0.0530169596755797
CP_WOPT,22,0.1,successful,10022,20022,30022,40022,502201,0.100028582317073,0.00997336115387732,0.00997336115387732,0.1,233.7806999,0.175981702952952,0.193388349862001,0.184104444104463
Petrels,22,0.1,successful,10022,20022,30022,40022,502202,0.100028582317073,0.00997336115387732,0.00997336115387732,0.1,131.3766715,0.127910470839367,0.159667458804904,0.13207729094218
Grasta,22,0.1,successful,10022,20022,30022,40022,40022,0.100028582317073,0.00997336115387732,0.00997336115387732,0.1,117.4192337,0.203740925772713,0.18419396713726,0.177280712625126
Grouse,22,0.1,successful,10022,20022,30022,40022,502204,0.100028582317073,0.00997336115387732,0.00997336115387732,0.1,112.6294075,1.00167678701856,1.00347242190391,1.00169140813685
TeCPSGD,22,0.1,successful,10022,20022,30022,40022,502205,0.100028582317073,0.00997336115387732,0.00997336115387732,0.1,112.3853762,0.173205202966027,0.184522023202513,0.173014251830112
OLSTEC_70,22,0.1,successful,10022,20022,30022,40022,502206,0.100028582317073,0.00997336115387732,0.00997336115387732,0.1,118.5531528,0.124011067545268,0.136235794467616,0.130047817340195
OLSTEC_80,22,0.1,successful,10022,20022,30022,40022,502207,0.100028582317073,0.00997336115387732,0.00997336115387732,0.1,118.3395796,0.114452645535243,0.124812507917335,0.119320716611894
OLSTEC_90,22,0.1,successful,10022,20022,30022,40022,502208,0.100028582317073,0.00997336115387732,0.00997336115387732,0.1,118.3708281,0.10075429036448,0.141228453831714,0.106453297656281
OLSTEC_99,22,0.1,successful,10022,20022,30022,40022,502209,0.100028582317073,0.00997336115387732,0.00997336115387732,0.1,118.4207043,0.0757590376826399,0.105814791720449,0.0773748915877326
RSI_OLSTEC,22,0.1,successful,10022,20022,30022,40022,502210,0.100028582317073,0.00997336115387732,0.00997336115387732,0.1,125.2578043,0.0522345202464536,0.0605776751596492,0.0528853707900057
CP_WOPT,23,0.1,successful,10023,20023,30023,40023,502301,0.0999975944007779,0.00999789193541852,0.00999789193541852,0.1,244.3959503,0.177417341502223,0.199910996081182,0.185781539510782
Petrels,23,0.1,successful,10023,20023,30023,40023,502302,0.0999975944007779,0.00999789193541852,0.00999789193541852,0.1,136.5515048,0.127362861538846,0.160027588114678,0.132152408401991
Grasta,23,0.1,successful,10023,20023,30023,40023,40023,0.0999975944007779,0.00999789193541852,0.00999789193541852,0.1,122.2820274,0.201408888215207,0.188668257752271,0.175650655136914
Grouse,23,0.1,successful,10023,20023,30023,40023,502304,0.0999975944007779,0.00999789193541852,0.00999789193541852,0.1,117.1167893,1.00158559657305,1.00109534736063,1.00161405749202
TeCPSGD,23,0.1,successful,10023,20023,30023,40023,502305,0.0999975944007779,0.00999789193541852,0.00999789193541852,0.1,118.0470455,0.208616622635067,0.184516493676816,0.172838884117072
OLSTEC_70,23,0.1,successful,10023,20023,30023,40023,502306,0.0999975944007779,0.00999789193541852,0.00999789193541852,0.1,123.6808098,0.123454182044274,0.140923847698382,0.129768795480945
OLSTEC_80,23,0.1,successful,10023,20023,30023,40023,502307,0.0999975944007779,0.00999789193541852,0.00999789193541852,0.1,121.23949,0.112679766058341,0.13924633901165,0.118556885202795
OLSTEC_90,23,0.1,successful,10023,20023,30023,40023,502308,0.0999975944007779,0.00999789193541852,0.00999789193541852,0.1,120.6104776,0.0982664249442474,0.126281376953513,0.102756829212212
OLSTEC_99,23,0.1,successful,10023,20023,30023,40023,502309,0.0999975944007779,0.00999789193541852,0.00999789193541852,0.1,121.5306924,0.0776924322113107,0.107661810947528,0.0807870884362057
RSI_OLSTEC,23,0.1,successful,10023,20023,30023,40023,502310,0.0999975944007779,0.00999789193541852,0.00999789193541852,0.1,127.589613,0.0524070301236092,0.0631332900196493,0.0532391304876173
CP_WOPT,24,0.1,successful,10024,20024,30024,40024,502401,0.09995005216352,0.00995417966534316,0.00995417966534316,0.1,256.2000594,0.177146332165205,0.19690723195064,0.185407289027123
Petrels,24,0.1,successful,10024,20024,30024,40024,502402,0.09995005216352,0.00995417966534316,0.00995417966534316,0.1,136.5894919,0.128084042743529,0.156563433467432,0.132207521145426
Grasta,24,0.1,successful,10024,20024,30024,40024,40024,0.09995005216352,0.00995417966534316,0.00995417966534316,0.1,122.1899853,0.202101703574138,0.195053173305445,0.176596083389868
Grouse,24,0.1,successful,10024,20024,30024,40024,502404,0.09995005216352,0.00995417966534316,0.00995417966534316,0.1,117.204938,1.00147893103624,1.00222746715963,1.00144729251137
TeCPSGD,24,0.1,successful,10024,20024,30024,40024,502405,0.09995005216352,0.00995417966534316,0.00995417966534316,0.1,117.9515024,0.208378398752532,0.185037667500953,0.172955851032807
OLSTEC_70,24,0.1,successful,10024,20024,30024,40024,502406,0.09995005216352,0.00995417966534316,0.00995417966534316,0.1,124.0443788,0.122922336097761,0.145345852136589,0.127617182640382
OLSTEC_80,24,0.1,successful,10024,20024,30024,40024,502407,0.09995005216352,0.00995417966534316,0.00995417966534316,0.1,124.2080843,0.114454211092289,0.148118819188136,0.120806312913983
OLSTEC_90,24,0.1,successful,10024,20024,30024,40024,502408,0.09995005216352,0.00995417966534316,0.00995417966534316,0.1,123.9556526,0.0996560335443739,0.121676791238762,0.10468194902146
OLSTEC_99,24,0.1,successful,10024,20024,30024,40024,502409,0.09995005216352,0.00995417966534316,0.00995417966534316,0.1,123.6652416,0.0791356427404714,0.109542503134696,0.0787148755017711
RSI_OLSTEC,24,0.1,successful,10024,20024,30024,40024,502410,0.09995005216352,0.00995417966534316,0.00995417966534316,0.1,131.7250151,0.0520849130699289,0.0612005766387213,0.0529536113365631
CP_WOPT,25,0.1,successful,10025,20025,30025,40025,502501,0.100065077789482,0.00999086505348027,0.00999086505348027,0.1,250.2358029,0.174965270552828,0.187988188188733,0.183965112375429
Petrels,25,0.1,successful,10025,20025,30025,40025,502502,0.100065077789482,0.00999086505348027,0.00999086505348027,0.1,136.6833625,0.127787852013543,0.166096168713833,0.133100348125717
Grasta,25,0.1,successful,10025,20025,30025,40025,40025,0.100065077789482,0.00999086505348027,0.00999086505348027,0.1,122.3013075,0.202951997030184,0.188412347162867,0.179452968359919
Grouse,25,0.1,successful,10025,20025,30025,40025,502504,0.100065077789482,0.00999086505348027,0.00999086505348027,0.1,117.1111061,1.00169989872813,1.00153429454581,1.00173360075935
TeCPSGD,25,0.1,successful,10025,20025,30025,40025,502505,0.100065077789482,0.00999086505348027,0.00999086505348027,0.1,117.565676,0.188488998955211,0.184634458582549,0.17294574841464
OLSTEC_70,25,0.1,successful,10025,20025,30025,40025,502506,0.100065077789482,0.00999086505348027,0.00999086505348027,0.1,124.0256688,0.122701231647586,0.140857524674461,0.127340602393062
OLSTEC_80,25,0.1,successful,10025,20025,30025,40025,502507,0.100065077789482,0.00999086505348027,0.00999086505348027,0.1,124.0126346,0.11366531865604,0.121786220148443,0.120869597228598
OLSTEC_90,25,0.1,successful,10025,20025,30025,40025,502508,0.100065077789482,0.00999086505348027,0.00999086505348027,0.1,123.9583104,0.0995889809774068,0.129092188977395,0.104316198095199
OLSTEC_99,25,0.1,successful,10025,20025,30025,40025,502509,0.100065077789482,0.00999086505348027,0.00999086505348027,0.1,123.8678674,0.0791323165822622,0.103884625363917,0.0802643408674884
RSI_OLSTEC,25,0.1,successful,10025,20025,30025,40025,502510,0.100065077789482,0.00999086505348027,0.00999086505348027,0.1,128.2121559,0.0524813541469659,0.0617665173264062,0.0531186818311923
CP_WOPT,26,0.1,successful,10026,20026,30026,40026,502601,0.0999747728607892,0.0100041591544445,0.0100041591544445,0.1,231.6969992,0.176978569233459,0.19734344861805,0.185089776875611
Petrels,26,0.1,successful,10026,20026,30026,40026,502602,0.0999747728607892,0.0100041591544445,0.0100041591544445,0.1,131.7457559,0.12760351679563,0.156629050588999,0.13132139819779
Grasta,26,0.1,successful,10026,20026,30026,40026,40026,0.0999747728607892,0.0100041591544445,0.0100041591544445,0.1,117.4254662,0.203142403352827,0.191520764333159,0.174984751186996
Grouse,26,0.1,successful,10026,20026,30026,40026,502604,0.0999747728607892,0.0100041591544445,0.0100041591544445,0.1,112.7612954,1.00171658636839,1.00128252293856,1.0017418785502
TeCPSGD,26,0.1,successful,10026,20026,30026,40026,502605,0.0999747728607892,0.0100041591544445,0.0100041591544445,0.1,114.1696496,0.21162436331815,0.184692228611379,0.172872086508604
OLSTEC_70,26,0.1,successful,10026,20026,30026,40026,502606,0.0999747728607892,0.0100041591544445,0.0100041591544445,0.1,120.5590726,0.123565701637028,0.143784329764103,0.128079406153128
OLSTEC_80,26,0.1,successful,10026,20026,30026,40026,502607,0.0999747728607892,0.0100041591544445,0.0100041591544445,0.1,120.5506572,0.114125112234802,0.143920454789467,0.116848096430171
OLSTEC_90,26,0.1,successful,10026,20026,30026,40026,502608,0.0999747728607892,0.0100041591544445,0.0100041591544445,0.1,120.6212644,0.0995338501946908,0.133694227422316,0.104096134180445
OLSTEC_99,26,0.1,successful,10026,20026,30026,40026,502609,0.0999747728607892,0.0100041591544445,0.0100041591544445,0.1,120.5947094,0.0781746902483963,0.102681558175577,0.0778605612775047
RSI_OLSTEC,26,0.1,successful,10026,20026,30026,40026,502610,0.0999747728607892,0.0100041591544445,0.0100041591544445,0.1,128.2942771,0.0523709510933323,0.0617833721112564,0.0538438115495475
CP_WOPT,27,0.1,successful,10027,20027,30027,40027,502701,0.100052416740945,0.00998842780163682,0.00998842780163682,0.1,226.5730947,0.176944355359996,0.192570059670317,0.185314752414341
Petrels,27,0.1,successful,10027,20027,30027,40027,502702,0.100052416740945,0.00998842780163682,0.00998842780163682,0.1,131.6632734,0.128097007914359,0.155350357405155,0.132200280127156
Grasta,27,0.1,successful,10027,20027,30027,40027,40027,0.100052416740945,0.00998842780163682,0.00998842780163682,0.1,117.3165674,0.203016561542215,0.180278002723089,0.177600251216769
Grouse,27,0.1,successful,10027,20027,30027,40027,502704,0.100052416740945,0.00998842780163682,0.00998842780163682,0.1,112.8306858,1.00156791912533,1.00226725842743,1.00142268983104
TeCPSGD,27,0.1,successful,10027,20027,30027,40027,502705,0.100052416740945,0.00998842780163682,0.00998842780163682,0.1,112.974369,0.183087406464617,0.185059125262543,0.173057726672897
OLSTEC_70,27,0.1,successful,10027,20027,30027,40027,502706,0.100052416740945,0.00998842780163682,0.00998842780163682,0.1,119.3282447,0.123077345906079,0.12860534844354,0.127982657689585
OLSTEC_80,27,0.1,successful,10027,20027,30027,40027,502707,0.100052416740945,0.00998842780163682,0.00998842780163682,0.1,119.1550851,0.113353967030986,0.116679742767953,0.117872408099827
OLSTEC_90,27,0.1,successful,10027,20027,30027,40027,502708,0.100052416740945,0.00998842780163682,0.00998842780163682,0.1,119.1494266,0.0973557477872294,0.117329307897485,0.101977199929685
OLSTEC_99,27,0.1,successful,10027,20027,30027,40027,502709,0.100052416740945,0.00998842780163682,0.00998842780163682,0.1,118.920547,0.0767535342839395,0.103936217984417,0.0778322979769186
RSI_OLSTEC,27,0.1,successful,10027,20027,30027,40027,502710,0.100052416740945,0.00998842780163682,0.00998842780163682,0.1,125.9928025,0.0523405342671856,0.0615668660094368,0.053182991784925
CP_WOPT,28,0.1,successful,10028,20028,30028,40028,502801,0.0999788877015639,0.0100136549408476,0.0100136549408476,0.1,235.8460044,0.177176447042783,0.198423338775081,0.185249461169124
Petrels,28,0.1,successful,10028,20028,30028,40028,502802,0.0999788877015639,0.0100136549408476,0.0100136549408476,0.1,130.9847595,0.127762881572925,0.165955521014013,0.133168659019174
Grasta,28,0.1,successful,10028,20028,30028,40028,40028,0.0999788877015639,0.0100136549408476,0.0100136549408476,0.1,117.0142644,0.202781082289956,0.192132082408824,0.179170961257979
Grouse,28,0.1,successful,10028,20028,30028,40028,502804,0.0999788877015639,0.0100136549408476,0.0100136549408476,0.1,112.4725561,1.00171968426604,1.00156875276268,1.00176477129719
TeCPSGD,28,0.1,successful,10028,20028,30028,40028,502805,0.0999788877015639,0.0100136549408476,0.0100136549408476,0.1,113.1559021,0.190564410962526,0.185229332782611,0.173092959287205
OLSTEC_70,28,0.1,successful,10028,20028,30028,40028,502806,0.0999788877015639,0.0100136549408476,0.0100136549408476,0.1,119.2592698,0.123051844109753,0.144171822645178,0.1297206866977
OLSTEC_80,28,0.1,successful,10028,20028,30028,40028,502807,0.0999788877015639,0.0100136549408476,0.0100136549408476,0.1,119.1671235,0.11341417827854,0.150172144499375,0.121808440526081
OLSTEC_90,28,0.1,successful,10028,20028,30028,40028,502808,0.0999788877015639,0.0100136549408476,0.0100136549408476,0.1,119.2113471,0.0982885878982766,0.131837043378803,0.106143250960772
OLSTEC_99,28,0.1,successful,10028,20028,30028,40028,502809,0.0999788877015639,0.0100136549408476,0.0100136549408476,0.1,119.1771706,0.0769250280043994,0.114795915001927,0.0789454967087409
RSI_OLSTEC,28,0.1,successful,10028,20028,30028,40028,502810,0.0999788877015639,0.0100136549408476,0.0100136549408476,0.1,125.9362322,0.052206729870684,0.0630831791132471,0.053229266371397
CP_WOPT,29,0.1,successful,10029,20029,30029,40029,502901,0.0998973505489831,0.0100014053763877,0.0100014053763877,0.1,239.0475708,0.177822022164989,0.196606914240656,0.185762372657621
Petrels,29,0.1,successful,10029,20029,30029,40029,502902,0.0998973505489831,0.0100014053763877,0.0100014053763877,0.1,131.284177,0.127978768203896,0.151715599014936,0.131929943438935
Grasta,29,0.1,successful,10029,20029,30029,40029,40029,0.0998973505489831,0.0100014053763877,0.0100014053763877,0.1,117.2175146,0.202600825993348,0.186893260916038,0.177065615786745
Grouse,29,0.1,successful,10029,20029,30029,40029,502904,0.0998973505489831,0.0100014053763877,0.0100014053763877,0.1,112.6254808,1.00160763737342,1.00189191048397,1.00166390832503
TeCPSGD,29,0.1,successful,10029,20029,30029,40029,502905,0.0998973505489831,0.0100014053763877,0.0100014053763877,0.1,113.3563775,0.247607429962274,0.184759390390588,0.172917165885699
OLSTEC_70,29,0.1,successful,10029,20029,30029,40029,502906,0.0998973505489831,0.0100014053763877,0.0100014053763877,0.1,119.5347184,0.124149530066064,0.130448106198164,0.129122556301933
OLSTEC_80,29,0.1,successful,10029,20029,30029,40029,502907,0.0998973505489831,0.0100014053763877,0.0100014053763877,0.1,119.3539207,0.114909465487491,0.120283737303124,0.119372534638937
OLSTEC_90,29,0.1,successful,10029,20029,30029,40029,502908,0.0998973505489831,0.0100014053763877,0.0100014053763877,0.1,119.9818267,0.101753725199071,0.113050098610876,0.105167827926881
OLSTEC_99,29,0.1,successful,10029,20029,30029,40029,502909,0.0998973505489831,0.0100014053763877,0.0100014053763877,0.1,119.5599927,0.0781944320510666,0.100880701556854,0.0764601596569379
RSI_OLSTEC,29,0.1,successful,10029,20029,30029,40029,502910,0.0998973505489831,0.0100014053763877,0.0100014053763877,0.1,126.4600254,0.0522720336242521,0.061217286325373,0.0530024380873654
CP_WOPT,30,0.1,successful,10030,20030,30030,40030,503001,0.0999090303662588,0.00997260149096508,0.00997260149096508,0.1,237.8734242,0.177394356948409,0.197476442614801,0.185431815796093
Petrels,30,0.1,successful,10030,20030,30030,40030,503002,0.0999090303662588,0.00997260149096508,0.00997260149096508,0.1,131.2245481,0.128414817823158,0.14573703087658,0.132317007620809
Grasta,30,0.1,successful,10030,20030,30030,40030,40030,0.0999090303662588,0.00997260149096508,0.00997260149096508,0.1,117.2037859,0.202885607830767,0.185687757416105,0.178022580894861
Grouse,30,0.1,successful,10030,20030,30030,40030,503004,0.0999090303662588,0.00997260149096508,0.00997260149096508,0.1,112.623241,1.00167954949187,1.00300056134026,1.00174703207766
TeCPSGD,30,0.1,successful,10030,20030,30030,40030,503005,0.0999090303662588,0.00997260149096508,0.00997260149096508,0.1,113.11292,0.210998977085822,0.184812177824641,0.172899917667989
OLSTEC_70,30,0.1,successful,10030,20030,30030,40030,503006,0.0999090303662588,0.00997260149096508,0.00997260149096508,0.1,119.2373661,0.123938816142035,0.122847348845241,0.129158469988508
OLSTEC_80,30,0.1,successful,10030,20030,30030,40030,503007,0.0999090303662588,0.00997260149096508,0.00997260149096508,0.1,118.7908116,0.114397534836929,0.111430424737878,0.120434833676798
OLSTEC_90,30,0.1,successful,10030,20030,30030,40030,503008,0.0999090303662588,0.00997260149096508,0.00997260149096508,0.1,118.8499542,0.0983998629264173,0.102018182946015,0.104138097834346
OLSTEC_99,30,0.1,successful,10030,20030,30030,40030,503009,0.0999090303662588,0.00997260149096508,0.00997260149096508,0.1,118.9130104,0.0765020720061964,0.0934656725644325,0.0770161618255966
RSI_OLSTEC,30,0.1,successful,10030,20030,30030,40030,503010,0.0999090303662588,0.00997260149096508,0.00997260149096508,0.1,126.4564434,0.0523113296071976,0.0603595962335152,0.0532244665270521
CP_WOPT,31,0.1,successful,10031,20031,30031,40031,503101,0.100076630996273,0.0100268540839478,0.0100268540839478,0.1,247.1132045,0.177563074870645,0.196566826673753,0.185876438943143
Petrels,31,0.1,successful,10031,20031,30031,40031,503102,0.100076630996273,0.0100268540839478,0.0100268540839478,0.1,131.218011,0.128381320080154,0.147749655831732,0.132600366932952
Grasta,31,0.1,successful,10031,20031,30031,40031,40031,0.100076630996273,0.0100268540839478,0.0100268540839478,0.1,117.177899,0.203136891112858,0.18702373484241,0.177241296669422
Grouse,31,0.1,successful,10031,20031,30031,40031,503104,0.100076630996273,0.0100268540839478,0.0100268540839478,0.1,112.4956406,1.00168788397082,1.00131850039099,1.00168809971644
TeCPSGD,31,0.1,successful,10031,20031,30031,40031,503105,0.100076630996273,0.0100268540839478,0.0100268540839478,0.1,114.0973356,0.213052621302373,0.185037831019143,0.1729227972657
OLSTEC_70,31,0.1,successful,10031,20031,30031,40031,503106,0.100076630996273,0.0100268540839478,0.0100268540839478,0.1,119.8144357,0.123671863736964,0.122418910515275,0.128384325780543
OLSTEC_80,31,0.1,successful,10031,20031,30031,40031,503107,0.100076630996273,0.0100268540839478,0.0100268540839478,0.1,120.0901846,0.11406324048478,0.122473484811435,0.119539659505133
OLSTEC_90,31,0.1,successful,10031,20031,30031,40031,503108,0.100076630996273,0.0100268540839478,0.0100268540839478,0.1,119.7193592,0.0998911984750528,0.113928023078032,0.105473239228244
OLSTEC_99,31,0.1,successful,10031,20031,30031,40031,503109,0.100076630996273,0.0100268540839478,0.0100268540839478,0.1,119.9821869,0.077338565365293,0.0996633488094323,0.0773792210087355
RSI_OLSTEC,31,0.1,successful,10031,20031,30031,40031,503110,0.100076630996273,0.0100268540839478,0.0100268540839478,0.1,127.2850357,0.0522005000700451,0.0615708044354731,0.0531672223286141
CP_WOPT,32,0.1,successful,10032,20032,30032,40032,503201,0.0999830025423386,0.0100359383862734,0.0100359383862734,0.1,234.9143115,0.177111387385305,0.197360944811065,0.185250743730473
Petrels,32,0.1,successful,10032,20032,30032,40032,503202,0.0999830025423386,0.0100359383862734,0.0100359383862734,0.1,131.5148482,0.128341808108303,0.162325526643948,0.132444709250719
Grasta,32,0.1,successful,10032,20032,30032,40032,40032,0.0999830025423386,0.0100359383862734,0.0100359383862734,0.1,117.5343029,0.203101168191644,0.19075822977597,0.179000533311121
Grouse,32,0.1,successful,10032,20032,30032,40032,503204,0.0999830025423386,0.0100359383862734,0.0100359383862734,0.1,112.7627657,1.00157762493031,1.0005342047709,1.00161318537059
TeCPSGD,32,0.1,successful,10032,20032,30032,40032,503205,0.0999830025423386,0.0100359383862734,0.0100359383862734,0.1,112.6028141,0.209312534429406,0.184391092075067,0.172879253958061
OLSTEC_70,32,0.1,successful,10032,20032,30032,40032,503206,0.0999830025423386,0.0100359383862734,0.0100359383862734,0.1,118.7768138,0.122787796702706,0.154535138228592,0.126438329622421
OLSTEC_80,32,0.1,successful,10032,20032,30032,40032,503207,0.0999830025423386,0.0100359383862734,0.0100359383862734,0.1,118.9002005,0.113946378534047,0.148287688266868,0.119002379926002
OLSTEC_90,32,0.1,successful,10032,20032,30032,40032,503208,0.0999830025423386,0.0100359383862734,0.0100359383862734,0.1,118.9818525,0.0992041521657384,0.126224224722211,0.104970770324207
OLSTEC_99,32,0.1,successful,10032,20032,30032,40032,503209,0.0999830025423386,0.0100359383862734,0.0100359383862734,0.1,118.8776594,0.0767229481117427,0.102460962762244,0.0788789906722906
RSI_OLSTEC,32,0.1,successful,10032,20032,30032,40032,503210,0.0999830025423386,0.0100359383862734,0.0100359383862734,0.1,126.284114,0.0524559750441115,0.0631286712734454,0.0539236827482327
CP_WOPT,33,0.1,successful,10033,20033,30033,40033,503301,0.100020669161737,0.00998064125678632,0.00998064125678632,0.1,215.6640037,0.177049126094049,0.198313963034025,0.18513452676946
Petrels,33,0.1,successful,10033,20033,30033,40033,503302,0.100020669161737,0.00998064125678632,0.00998064125678632,0.1,131.49348,0.128127178294978,0.158490175288742,0.132360732691673
Grasta,33,0.1,successful,10033,20033,30033,40033,40033,0.100020669161737,0.00998064125678632,0.00998064125678632,0.1,117.4171029,0.203651077445505,0.188724201389483,0.17882645127091
Grouse,33,0.1,successful,10033,20033,30033,40033,503304,0.100020669161737,0.00998064125678632,0.00998064125678632,0.1,112.5674133,1.00170034147781,1.00193283095267,1.00173267106547
TeCPSGD,33,0.1,successful,10033,20033,30033,40033,503305,0.100020669161737,0.00998064125678632,0.00998064125678632,0.1,112.5760462,0.213101929842694,0.185627012605897,0.172947336725998
OLSTEC_70,33,0.1,successful,10033,20033,30033,40033,503306,0.100020669161737,0.00998064125678632,0.00998064125678632,0.1,118.1714168,0.122591015573074,0.118821594533845,0.128041537344174
OLSTEC_80,33,0.1,successful,10033,20033,30033,40033,503307,0.100020669161737,0.00998064125678632,0.00998064125678632,0.1,118.1774007,0.113664352439562,0.115433038834054,0.11919638778628
OLSTEC_90,33,0.1,successful,10033,20033,30033,40033,503308,0.100020669161737,0.00998064125678632,0.00998064125678632,0.1,118.0811682,0.0996226535609823,0.117676016913457,0.10543211050221
OLSTEC_99,33,0.1,successful,10033,20033,30033,40033,503309,0.100020669161737,0.00998064125678632,0.00998064125678632,0.1,118.1788078,0.0790794330825406,0.10410654525564,0.0805067521520126
RSI_OLSTEC,33,0.1,successful,10033,20033,30033,40033,503310,0.100020669161737,0.00998064125678632,0.00998064125678632,0.1,125.4150513,0.0522749216414283,0.0609290661251251,0.0530615917034674
CP_WOPT,34,0.1,successful,10034,20034,30034,40034,503401,0.0999787927436999,0.00997583005834211,0.00997583005834211,0.1,237.1581143,0.177191910496532,0.197129492644142,0.185320537592963
Petrels,34,0.1,successful,10034,20034,30034,40034,503402,0.0999787927436999,0.00997583005834211,0.00997583005834211,0.1,131.4467074,0.128185470859964,0.156371731543435,0.13170979692659
Grasta,34,0.1,successful,10034,20034,30034,40034,40034,0.0999787927436999,0.00997583005834211,0.00997583005834211,0.1,117.1190732,0.202441634380191,0.188967203210232,0.177425627795015
Grouse,34,0.1,successful,10034,20034,30034,40034,503404,0.0999787927436999,0.00997583005834211,0.00997583005834211,0.1,112.3472684,1.00157396919572,1.00096427316064,1.00173890087359
TeCPSGD,34,0.1,successful,10034,20034,30034,40034,503405,0.0999787927436999,0.00997583005834211,0.00997583005834211,0.1,111.9331612,0.269216041972651,0.184678535642499,0.17281979467436
OLSTEC_70,34,0.1,successful,10034,20034,30034,40034,503406,0.0999787927436999,0.00997583005834211,0.00997583005834211,0.1,118.1361669,0.122474448548971,0.146659038988916,0.127861589653051
OLSTEC_80,34,0.1,successful,10034,20034,30034,40034,503407,0.0999787927436999,0.00997583005834211,0.00997583005834211,0.1,118.3466503,0.113301478442316,0.148083635706262,0.116946811160039
OLSTEC_90,34,0.1,successful,10034,20034,30034,40034,503408,0.0999787927436999,0.00997583005834211,0.00997583005834211,0.1,118.2290861,0.0978528525815509,0.116314557081649,0.101387389007961
OLSTEC_99,34,0.1,successful,10034,20034,30034,40034,503409,0.0999787927436999,0.00997583005834211,0.00997583005834211,0.1,117.9053844,0.0765697352930865,0.112531628476592,0.0766326326716839
RSI_OLSTEC,34,0.1,successful,10034,20034,30034,40034,503410,0.0999787927436999,0.00997583005834211,0.00997583005834211,0.1,125.7561679,0.0523215311380117,0.0613069237457984,0.0529144956079112
CP_WOPT,35,0.1,successful,10035,20035,30035,40035,503501,0.0999927515497123,0.00999520146260433,0.00999520146260433,0.1,242.4910262,0.177127923170065,0.197827969750141,0.185282735263589
Petrels,35,0.1,successful,10035,20035,30035,40035,503502,0.0999927515497123,0.00999520146260433,0.00999520146260433,0.1,136.6028227,0.127623939873037,0.158662665040745,0.130752461494177
Grasta,35,0.1,successful,10035,20035,30035,40035,40035,0.0999927515497123,0.00999520146260433,0.00999520146260433,0.1,122.2255431,0.202295614343981,0.186485248164872,0.176464326034168
Grouse,35,0.1,successful,10035,20035,30035,40035,503504,0.0999927515497123,0.00999520146260433,0.00999520146260433,0.1,117.3408266,1.00159667018541,1.00177283079318,1.00155487523587
TeCPSGD,35,0.1,successful,10035,20035,30035,40035,503505,0.0999927515497123,0.00999520146260433,0.00999520146260433,0.1,116.8579947,0.209592878787571,0.184599151750709,0.17291733185357
OLSTEC_70,35,0.1,successful,10035,20035,30035,40035,503506,0.0999927515497123,0.00999520146260433,0.00999520146260433,0.1,122.9907306,0.121619642558194,0.14117993853728,0.125609226758642
OLSTEC_80,35,0.1,successful,10035,20035,30035,40035,503507,0.0999927515497123,0.00999520146260433,0.00999520146260433,0.1,123.2050559,0.112581227677578,0.140386015836705,0.116649532010687
OLSTEC_90,35,0.1,successful,10035,20035,30035,40035,503508,0.0999927515497123,0.00999520146260433,0.00999520146260433,0.1,123.2075742,0.0966976025362694,0.122828688716822,0.10039394741063
OLSTEC_99,35,0.1,successful,10035,20035,30035,40035,503509,0.0999927515497123,0.00999520146260433,0.00999520146260433,0.1,122.8901797,0.0773140710724812,0.102513559686622,0.0771577161171699
RSI_OLSTEC,35,0.1,successful,10035,20035,30035,40035,503510,0.0999927515497123,0.00999520146260433,0.00999520146260433,0.1,130.6727508,0.0522242685129228,0.0612708117730632,0.0528786021056435
CP_WOPT,36,0.1,successful,10036,20036,30036,40036,503601,0.100078530153553,0.0100197322441455,0.0100197322441455,0.1,248.9249993,0.177448470234756,0.196319099461357,0.185806270708268
Petrels,36,0.1,successful,10036,20036,30036,40036,503602,0.100078530153553,0.0100197322441455,0.0100197322441455,0.1,136.7491266,0.127735053127801,0.155051597525891,0.133456971655928
Grasta,36,0.1,successful,10036,20036,30036,40036,40036,0.100078530153553,0.0100197322441455,0.0100197322441455,0.1,122.1628533,0.202497321551143,0.183992240289182,0.177529157364511
Grouse,36,0.1,successful,10036,20036,30036,40036,503604,0.100078530153553,0.0100197322441455,0.0100197322441455,0.1,117.2969173,1.00163461345635,1.00307997389593,1.00166310466682
TeCPSGD,36,0.1,successful,10036,20036,30036,40036,503605,0.100078530153553,0.0100197322441455,0.0100197322441455,0.1,116.5028498,0.206773567687029,0.184895207426305,0.172889614700525
OLSTEC_70,36,0.1,successful,10036,20036,30036,40036,503606,0.100078530153553,0.0100197322441455,0.0100197322441455,0.1,122.8355301,0.12330732256639,0.136807266810869,0.127623026691959
OLSTEC_80,36,0.1,successful,10036,20036,30036,40036,503607,0.100078530153553,0.0100197322441455,0.0100197322441455,0.1,122.8575847,0.112704652002679,0.129839780329606,0.118767622923371
OLSTEC_90,36,0.1,successful,10036,20036,30036,40036,503608,0.100078530153553,0.0100197322441455,0.0100197322441455,0.1,123.1750284,0.100652415278549,0.120399573770549,0.104578871514958
OLSTEC_99,36,0.1,successful,10036,20036,30036,40036,503609,0.100078530153553,0.0100197322441455,0.0100197322441455,0.1,123.7092945,0.0800330290699463,0.104731563681771,0.0807593045381494
RSI_OLSTEC,36,0.1,successful,10036,20036,30036,40036,503610,0.100078530153553,0.0100197322441455,0.0100197322441455,0.1,131.1975809,0.05215805987122,0.0619947976281188,0.0531680975938207
CP_WOPT,37,0.1,successful,10037,20037,30037,40037,503701,0.100008546207763,0.010032488250547,0.010032488250547,0.1,229.0678334,0.177203732554521,0.200336481236028,0.185412701915433
Petrels,37,0.1,successful,10037,20037,30037,40037,503702,0.100008546207763,0.010032488250547,0.010032488250547,0.1,131.4430221,0.127881296105926,0.157312048853581,0.13154712434215
Grasta,37,0.1,successful,10037,20037,30037,40037,40037,0.100008546207763,0.010032488250547,0.010032488250547,0.1,118.6725406,0.203130429290918,0.187535936025377,0.176405543188643
Grouse,37,0.1,successful,10037,20037,30037,40037,503704,0.100008546207763,0.010032488250547,0.010032488250547,0.1,121.6330527,1.00162809900721,1.00181540430317,1.00157716476474
TeCPSGD,37,0.1,successful,10037,20037,30037,40037,503705,0.100008546207763,0.010032488250547,0.010032488250547,0.1,117.4758792,0.213019374713867,0.184630289103181,0.172950695467326
OLSTEC_70,37,0.1,successful,10037,20037,30037,40037,503706,0.100008546207763,0.010032488250547,0.010032488250547,0.1,123.7786957,0.122778839504441,0.140309813910924,0.126735264965808
OLSTEC_80,37,0.1,successful,10037,20037,30037,40037,503707,0.100008546207763,0.010032488250547,0.010032488250547,0.1,124.0197605,0.114091163591212,0.134662853937511,0.119361820349438
OLSTEC_90,37,0.1,successful,10037,20037,30037,40037,503708,0.100008546207763,0.010032488250547,0.010032488250547,0.1,123.6882017,0.0982342937859875,0.113232997633659,0.102649138630859
OLSTEC_99,37,0.1,successful,10037,20037,30037,40037,503709,0.100008546207763,0.010032488250547,0.010032488250547,0.1,123.9441047,0.0776260208746744,0.108269933376531,0.0777513752110575
RSI_OLSTEC,37,0.1,successful,10037,20037,30037,40037,503710,0.100008546207763,0.010032488250547,0.010032488250547,0.1,131.6264405,0.0521861928617852,0.0622999166606313,0.0532185880780431
CP_WOPT,38,0.1,successful,10038,20038,30038,40038,503801,0.100036463819788,0.00999732218823434,0.00999732218823434,0.1,231.483718,0.177155744768449,0.198563487571165,0.184975894110409
Petrels,38,0.1,successful,10038,20038,30038,40038,503802,0.100036463819788,0.00999732218823434,0.00999732218823434,0.1,131.4531596,0.128923404956236,0.158773252288959,0.131910331462669
Grasta,38,0.1,successful,10038,20038,30038,40038,40038,0.100036463819788,0.00999732218823434,0.00999732218823434,0.1,117.2099724,0.204226055181756,0.187671537132737,0.177108368050911
Grouse,38,0.1,successful,10038,20038,30038,40038,503804,0.100036463819788,0.00999732218823434,0.00999732218823434,0.1,112.7375368,1.00169007887718,1.00207282303887,1.00151989341378
TeCPSGD,38,0.1,successful,10038,20038,30038,40038,503805,0.100036463819788,0.00999732218823434,0.00999732218823434,0.1,112.3735328,0.188498885197315,0.185052717452203,0.172984803265462
OLSTEC_70,38,0.1,successful,10038,20038,30038,40038,503806,0.100036463819788,0.00999732218823434,0.00999732218823434,0.1,118.6728169,0.12364206065247,0.130882287032799,0.126706691731941
OLSTEC_80,38,0.1,successful,10038,20038,30038,40038,503807,0.100036463819788,0.00999732218823434,0.00999732218823434,0.1,118.6442551,0.115149307940275,0.118319792519879,0.119377212226121
OLSTEC_90,38,0.1,successful,10038,20038,30038,40038,503808,0.100036463819788,0.00999732218823434,0.00999732218823434,0.1,118.6507581,0.102663888898043,0.108713040795008,0.105432631701575
OLSTEC_99,38,0.1,successful,10038,20038,30038,40038,503809,0.100036463819788,0.00999732218823434,0.00999732218823434,0.1,119.1134694,0.0777394235637148,0.104108539590581,0.076764201873066
RSI_OLSTEC,38,0.1,successful,10038,20038,30038,40038,503810,0.100036463819788,0.00999732218823434,0.00999732218823434,0.1,126.2340535,0.0525398214968109,0.0621154842940599,0.0531723091884329
CP_WOPT,39,0.1,successful,10039,20039,30039,40039,503901,0.0999077959140264,0.0100159339295843,0.0100159339295843,0.1,230.0449718,0.177486417693779,0.200500389105797,0.185657418012467
Petrels,39,0.1,successful,10039,20039,30039,40039,503902,0.0999077959140264,0.0100159339295843,0.0100159339295843,0.1,131.3068431,0.127894984131385,0.161870976719741,0.131846824289073
Grasta,39,0.1,successful,10039,20039,30039,40039,40039,0.0999077959140264,0.0100159339295843,0.0100159339295843,0.1,117.1612249,0.202906300406022,0.187581673342522,0.178630624977041
Grouse,39,0.1,successful,10039,20039,30039,40039,503904,0.0999077959140264,0.0100159339295843,0.0100159339295843,0.1,112.7289581,1.00165690602024,1.00187916561824,1.00144413988983
TeCPSGD,39,0.1,successful,10039,20039,30039,40039,503905,0.0999077959140264,0.0100159339295843,0.0100159339295843,0.1,113.4100321,0.193535486321336,0.184267416678586,0.172840252319029
OLSTEC_70,39,0.1,successful,10039,20039,30039,40039,503906,0.0999077959140264,0.0100159339295843,0.0100159339295843,0.1,118.8703993,0.122536903315287,0.149576896472571,0.128917332535564
OLSTEC_80,39,0.1,successful,10039,20039,30039,40039,503907,0.0999077959140264,0.0100159339295843,0.0100159339295843,0.1,119.00521,0.11172733012699,0.134950177830019,0.118215650825712
OLSTEC_90,39,0.1,successful,10039,20039,30039,40039,503908,0.0999077959140264,0.0100159339295843,0.0100159339295843,0.1,118.9388429,0.0978796759999974,0.144527050635868,0.101918521535336
OLSTEC_99,39,0.1,successful,10039,20039,30039,40039,503909,0.0999077959140264,0.0100159339295843,0.0100159339295843,0.1,118.9475187,0.0793813976130471,0.109717015418149,0.0796653173133327
RSI_OLSTEC,39,0.1,successful,10039,20039,30039,40039,503910,0.0999077959140264,0.0100159339295843,0.0100159339295843,0.1,125.8395181,0.0523306590943581,0.0609862116993969,0.0530082913252437
CP_WOPT,40,0.1,successful,10040,20040,30040,40040,504001,0.0999706263673932,0.0100077359006563,0.0100077359006563,0.1,222.9425994,0.176941480033538,0.193030858878143,0.18493372648456
Petrels,40,0.1,successful,10040,20040,30040,40040,504002,0.0999706263673932,0.0100077359006563,0.0100077359006563,0.1,131.37601,0.128254003308393,0.155924558378972,0.130374987138713
Grasta,40,0.1,successful,10040,20040,30040,40040,40040,0.0999706263673932,0.0100077359006563,0.0100077359006563,0.1,117.2793762,0.202837517879316,0.186088724099835,0.1747898948405
Grouse,40,0.1,successful,10040,20040,30040,40040,504004,0.0999706263673932,0.0100077359006563,0.0100077359006563,0.1,112.6555148,1.0016895431103,1.00100426631745,1.00165789714077
TeCPSGD,40,0.1,successful,10040,20040,30040,40040,504005,0.0999706263673932,0.0100077359006563,0.0100077359006563,0.1,117.1063188,0.233957572964574,0.184696858203625,0.172819003974752
OLSTEC_70,40,0.1,successful,10040,20040,30040,40040,504006,0.0999706263673932,0.0100077359006563,0.0100077359006563,0.1,123.6885429,0.12290024404984,0.135323620320656,0.125672923538704
OLSTEC_80,40,0.1,successful,10040,20040,30040,40040,504007,0.0999706263673932,0.0100077359006563,0.0100077359006563,0.1,124.1199202,0.113658722476155,0.123992240726411,0.117063711241309
OLSTEC_90,40,0.1,successful,10040,20040,30040,40040,504008,0.0999706263673932,0.0100077359006563,0.0100077359006563,0.1,124.0339918,0.100017815762679,0.126323852128232,0.10467714597445
OLSTEC_99,40,0.1,successful,10040,20040,30040,40040,504009,0.0999706263673932,0.0100077359006563,0.0100077359006563,0.1,124.0259198,0.0774903166860335,0.103530249810624,0.0762600512655726
RSI_OLSTEC,40,0.1,successful,10040,20040,30040,40040,504010,0.0999706263673932,0.0100077359006563,0.0100077359006563,0.1,131.7536692,0.0523477921227217,0.0617706739930531,0.0530560660809393
CP_WOPT,41,0.1,successful,10041,20041,30041,40041,504101,0.100005855734949,0.0100115025625962,0.0100115025625962,0.1,250.921841,0.178666173476749,0.201262128827103,0.186521267411575
Petrels,41,0.1,successful,10041,20041,30041,40041,504102,0.100005855734949,0.0100115025625962,0.0100115025625962,0.1,131.4952782,0.127994372400894,0.15549880541883,0.13134096402399
Grasta,41,0.1,successful,10041,20041,30041,40041,40041,0.100005855734949,0.0100115025625962,0.0100115025625962,0.1,117.2797514,0.202845174816655,0.187328680846359,0.176735286940826
Grouse,41,0.1,successful,10041,20041,30041,40041,504104,0.100005855734949,0.0100115025625962,0.0100115025625962,0.1,112.5631877,1.00155281206333,1.00182245623004,1.00161586651099
TeCPSGD,41,0.1,successful,10041,20041,30041,40041,504105,0.100005855734949,0.0100115025625962,0.0100115025625962,0.1,112.9376685,0.204636360498147,0.184410449194101,0.172860269420737
OLSTEC_70,41,0.1,successful,10041,20041,30041,40041,504106,0.100005855734949,0.0100115025625962,0.0100115025625962,0.1,118.6797597,0.123213840182234,0.120707931176116,0.125392818618553
OLSTEC_80,41,0.1,successful,10041,20041,30041,40041,504107,0.100005855734949,0.0100115025625962,0.0100115025625962,0.1,118.6000563,0.114487401466052,0.114348145921223,0.118314960627814
OLSTEC_90,41,0.1,successful,10041,20041,30041,40041,504108,0.100005855734949,0.0100115025625962,0.0100115025625962,0.1,118.7310523,0.0992263214095942,0.103751376113055,0.101461073552249
OLSTEC_99,41,0.1,successful,10041,20041,30041,40041,504109,0.100005855734949,0.0100115025625962,0.0100115025625962,0.1,118.6307718,0.0781694168969228,0.101800658889116,0.0797861169943846
RSI_OLSTEC,41,0.1,successful,10041,20041,30041,40041,504110,0.100005855734949,0.0100115025625962,0.0100115025625962,0.1,125.9029307,0.0522560730794331,0.0604767658177846,0.0530795395216629
CP_WOPT,42,0.1,successful,10042,20042,30042,40042,504201,0.0999642008852605,0.0100148260878373,0.0100148260878373,0.1,233.7881425,0.1772299142967,0.19762825016549,0.185242962853158
Petrels,42,0.1,successful,10042,20042,30042,40042,504202,0.0999642008852605,0.0100148260878373,0.0100148260878373,0.1,136.6561437,0.127550428955671,0.16413008053931,0.131881845114475
Grasta,42,0.1,successful,10042,20042,30042,40042,40042,0.0999642008852605,0.0100148260878373,0.0100148260878373,0.1,122.2181891,0.202586860425461,0.187999561053498,0.175712313618354
Grouse,42,0.1,successful,10042,20042,30042,40042,504204,0.0999642008852605,0.0100148260878373,0.0100148260878373,0.1,117.2186471,1.00171407569279,1.00103662465184,1.00165497730315
TeCPSGD,42,0.1,successful,10042,20042,30042,40042,504205,0.0999642008852605,0.0100148260878373,0.0100148260878373,0.1,117.495491,0.178295051349857,0.184340734569922,0.172839935845075
OLSTEC_70,42,0.1,successful,10042,20042,30042,40042,504206,0.0999642008852605,0.0100148260878373,0.0100148260878373,0.1,123.3341968,0.122047525153828,0.162845595534741,0.125640290573203
OLSTEC_80,42,0.1,successful,10042,20042,30042,40042,504207,0.0999642008852605,0.0100148260878373,0.0100148260878373,0.1,118.2522585,0.114112350992119,0.18374215532536,0.117558985405028
OLSTEC_90,42,0.1,successful,10042,20042,30042,40042,504208,0.0999642008852605,0.0100148260878373,0.0100148260878373,0.1,118.5554818,0.0998472800385529,0.133783316978378,0.104154125957677
OLSTEC_99,42,0.1,successful,10042,20042,30042,40042,504209,0.0999642008852605,0.0100148260878373,0.0100148260878373,0.1,119.1547415,0.0779228477779014,0.10276694463782,0.074318114355027
RSI_OLSTEC,42,0.1,successful,10042,20042,30042,40042,504210,0.0999642008852605,0.0100148260878373,0.0100148260878373,0.1,125.9725538,0.0522319385387082,0.0612659701313371,0.0528993353561125
CP_WOPT,43,0.1,successful,10043,20043,30043,40043,504301,0.100008609513005,0.0100447694676282,0.0100447694676282,0.1,226.2119981,0.177326817291735,0.197009687366624,0.185212428865367
Petrels,43,0.1,successful,10043,20043,30043,40043,504302,0.100008609513005,0.0100447694676282,0.0100447694676282,0.1,131.4093584,0.127515593266435,0.165524526555223,0.132230292043614
Grasta,43,0.1,successful,10043,20043,30043,40043,40043,0.100008609513005,0.0100447694676282,0.0100447694676282,0.1,117.3933333,0.204066182703581,0.189952250819352,0.177483323523672
Grouse,43,0.1,successful,10043,20043,30043,40043,504304,0.100008609513005,0.0100447694676282,0.0100447694676282,0.1,115.2486013,1.00167947964332,1.00164103038766,1.00164909286984
TeCPSGD,43,0.1,successful,10043,20043,30043,40043,504305,0.100008609513005,0.0100447694676282,0.0100447694676282,0.1,117.6151082,0.215476969714418,0.184639759411506,0.172838064335517
OLSTEC_70,43,0.1,successful,10043,20043,30043,40043,504306,0.100008609513005,0.0100447694676282,0.0100447694676282,0.1,124.4574625,0.122396306052774,0.143348594735958,0.128838539545934
OLSTEC_80,43,0.1,successful,10043,20043,30043,40043,504307,0.100008609513005,0.0100447694676282,0.0100447694676282,0.1,124.2945794,0.113191567891499,0.13441562623425,0.121080820183157
OLSTEC_90,43,0.1,successful,10043,20043,30043,40043,504308,0.100008609513005,0.0100447694676282,0.0100447694676282,0.1,124.0527638,0.0955529973029163,0.126398406071427,0.102617095350277
OLSTEC_99,43,0.1,successful,10043,20043,30043,40043,504309,0.100008609513005,0.0100447694676282,0.0100447694676282,0.1,124.2115461,0.0745322838534064,0.102195403641994,0.0764501223971037
RSI_OLSTEC,43,0.1,successful,10043,20043,30043,40043,504310,0.100008609513005,0.0100447694676282,0.0100447694676282,0.1,130.6137072,0.0519853840523816,0.0620552513256462,0.0529947848958554
CP_WOPT,44,0.1,successful,10044,20044,30044,40044,504401,0.0999951254963131,0.00999852498784539,0.00999852498784539,0.1,240.2429163,0.177266915081845,0.197718405312009,0.185432060061821
Petrels,44,0.1,successful,10044,20044,30044,40044,504402,0.0999951254963131,0.00999852498784539,0.00999852498784539,0.1,131.3218886,0.127637585600124,0.158396812501446,0.132712598733617
Grasta,44,0.1,successful,10044,20044,30044,40044,40044,0.0999951254963131,0.00999852498784539,0.00999852498784539,0.1,117.0136873,0.202658837698917,0.191101141869889,0.179731613471091
Grouse,44,0.1,successful,10044,20044,30044,40044,504404,0.0999951254963131,0.00999852498784539,0.00999852498784539,0.1,112.5354331,1.00170872961467,1.0011273259611,1.00187951915798
TeCPSGD,44,0.1,successful,10044,20044,30044,40044,504405,0.0999951254963131,0.00999852498784539,0.00999852498784539,0.1,112.306878,0.184991311384064,0.184657314928616,0.172998890379609
OLSTEC_70,44,0.1,successful,10044,20044,30044,40044,504406,0.0999951254963131,0.00999852498784539,0.00999852498784539,0.1,118.4733258,0.12344528789106,0.155194859809204,0.129591189133963
OLSTEC_80,44,0.1,successful,10044,20044,30044,40044,504407,0.0999951254963131,0.00999852498784539,0.00999852498784539,0.1,118.4437804,0.114304595308964,0.148001998274631,0.119527910881443
OLSTEC_90,44,0.1,successful,10044,20044,30044,40044,504408,0.0999951254963131,0.00999852498784539,0.00999852498784539,0.1,118.2617338,0.100450965783634,0.129330322001857,0.105290090775027
OLSTEC_99,44,0.1,successful,10044,20044,30044,40044,504409,0.0999951254963131,0.00999852498784539,0.00999852498784539,0.1,118.5530906,0.0794248590894564,0.107179373937496,0.0793287847241924
RSI_OLSTEC,44,0.1,successful,10044,20044,30044,40044,504410,0.0999951254963131,0.00999852498784539,0.00999852498784539,0.1,125.8405323,0.052409760979104,0.0618131888543675,0.0530178574437561
CP_WOPT,45,0.1,successful,10045,20045,30045,40045,504501,0.100066059020744,0.0100073560692002,0.0100073560692002,0.1,242.8357059,0.177329373566479,0.196412381200388,0.185241005327885
Petrels,45,0.1,successful,10045,20045,30045,40045,504502,0.100066059020744,0.0100073560692002,0.0100073560692002,0.1,131.2009732,0.128499894685887,0.152666576379574,0.131933461712807
Grasta,45,0.1,successful,10045,20045,30045,40045,40045,0.100066059020744,0.0100073560692002,0.0100073560692002,0.1,117.1174472,0.203742121307712,0.186334676951575,0.177793534808996
Grouse,45,0.1,successful,10045,20045,30045,40045,504504,0.100066059020744,0.0100073560692002,0.0100073560692002,0.1,112.3558404,1.00164891466805,1.001856217576,1.00172934784081
TeCPSGD,45,0.1,successful,10045,20045,30045,40045,504505,0.100066059020744,0.0100073560692002,0.0100073560692002,0.1,113.2760805,0.209529196536156,0.184915746791902,0.172889579995395
OLSTEC_70,45,0.1,successful,10045,20045,30045,40045,504506,0.100066059020744,0.0100073560692002,0.0100073560692002,0.1,119.5638909,0.123466092405325,0.136779011989283,0.128595102153235
OLSTEC_80,45,0.1,successful,10045,20045,30045,40045,504507,0.100066059020744,0.0100073560692002,0.0100073560692002,0.1,119.6867992,0.112955105271607,0.13416050835124,0.118313597961797
OLSTEC_90,45,0.1,successful,10045,20045,30045,40045,504508,0.100066059020744,0.0100073560692002,0.0100073560692002,0.1,119.4098966,0.0985505962244391,0.115666662278221,0.103344995646491
OLSTEC_99,45,0.1,successful,10045,20045,30045,40045,504509,0.100066059020744,0.0100073560692002,0.0100073560692002,0.1,119.5158845,0.0789120356304347,0.110352176467473,0.0807565124699035
RSI_OLSTEC,45,0.1,successful,10045,20045,30045,40045,504510,0.100066059020744,0.0100073560692002,0.0100073560692002,0.1,126.6652211,0.0521859506698272,0.0609926427033409,0.0531522892721148
CP_WOPT,46,0.1,successful,10046,20046,30046,40046,504601,0.100054600771818,0.0100052669961916,0.0100052669961916,0.1,240.4550143,0.177313587005548,0.196594378378732,0.185265219209794
Petrels,46,0.1,successful,10046,20046,30046,40046,504602,0.100054600771818,0.0100052669961916,0.0100052669961916,0.1,132.0731225,0.128195370502975,0.152686363503946,0.131331645999153
Grasta,46,0.1,successful,10046,20046,30046,40046,40046,0.100054600771818,0.0100052669961916,0.0100052669961916,0.1,117.5680894,0.203505735692292,0.191282378764962,0.176794325117034
Grouse,46,0.1,successful,10046,20046,30046,40046,504604,0.100054600771818,0.0100052669961916,0.0100052669961916,0.1,112.7903092,1.00162108376698,1.00134546805405,1.00173809251375
TeCPSGD,46,0.1,successful,10046,20046,30046,40046,504605,0.100054600771818,0.0100052669961916,0.0100052669961916,0.1,112.4943384,0.194341471145833,0.185084616437315,0.172900573279971
OLSTEC_70,46,0.1,successful,10046,20046,30046,40046,504606,0.100054600771818,0.0100052669961916,0.0100052669961916,0.1,118.8230963,0.121303420436554,0.129800731224264,0.126774430702446
OLSTEC_80,46,0.1,successful,10046,20046,30046,40046,504607,0.100054600771818,0.0100052669961916,0.0100052669961916,0.1,118.9093035,0.1133890201641,0.125648322428737,0.117925823638037
OLSTEC_90,46,0.1,successful,10046,20046,30046,40046,504608,0.100054600771818,0.0100052669961916,0.0100052669961916,0.1,118.8012852,0.0994809437748132,0.12213553156349,0.10502760603492
OLSTEC_99,46,0.1,successful,10046,20046,30046,40046,504609,0.100054600771818,0.0100052669961916,0.0100052669961916,0.1,118.6009493,0.0775624520271686,0.106533325244807,0.0791303174766931
RSI_OLSTEC,46,0.1,successful,10046,20046,30046,40046,504610,0.100054600771818,0.0100052669961916,0.0100052669961916,0.1,126.3190793,0.0523040068208528,0.062250916500785,0.0530670797045852
CP_WOPT,47,0.1,successful,10047,20047,30047,40047,504701,0.100026714812414,0.00997481717445912,0.00997481717445912,0.1,224.8683794,0.177266218010497,0.197995969088009,0.185348159998843
Petrels,47,0.1,successful,10047,20047,30047,40047,504702,0.100026714812414,0.00997481717445912,0.00997481717445912,0.1,136.8576604,0.127959910378945,0.167983210810603,0.131969916813363
Grasta,47,0.1,successful,10047,20047,30047,40047,40047,0.100026714812414,0.00997481717445912,0.00997481717445912,0.1,122.2285477,0.203962135820712,0.194976102959008,0.178799823466927
Grouse,47,0.1,successful,10047,20047,30047,40047,504704,0.100026714812414,0.00997481717445912,0.00997481717445912,0.1,117.1210682,1.00173791052428,1.0015932353205,1.00170809632626
TeCPSGD,47,0.1,successful,10047,20047,30047,40047,504705,0.100026714812414,0.00997481717445912,0.00997481717445912,0.1,116.6961252,0.197689029213009,0.184600684728538,0.172878108910269
OLSTEC_70,47,0.1,successful,10047,20047,30047,40047,504706,0.100026714812414,0.00997481717445912,0.00997481717445912,0.1,122.8889591,0.123266514964593,0.169008907634415,0.129274478120244
OLSTEC_80,47,0.1,successful,10047,20047,30047,40047,504707,0.100026714812414,0.00997481717445912,0.00997481717445912,0.1,122.938668,0.114223635764809,0.152431688783524,0.119573456678017
OLSTEC_90,47,0.1,successful,10047,20047,30047,40047,504708,0.100026714812414,0.00997481717445912,0.00997481717445912,0.1,122.812293,0.0988232417808595,0.134445731778606,0.103972212004316
OLSTEC_99,47,0.1,successful,10047,20047,30047,40047,504709,0.100026714812414,0.00997481717445912,0.00997481717445912,0.1,122.551975,0.0772771855029026,0.107479663255183,0.0774643055031664
RSI_OLSTEC,47,0.1,successful,10047,20047,30047,40047,504710,0.100026714812414,0.00997481717445912,0.00997481717445912,0.1,130.5328605,0.0523766960125529,0.0631119830914624,0.0531494508118965
CP_WOPT,48,0.1,successful,10048,20048,30048,40048,504801,0.099987560519812,0.00994392421602787,0.00994392421602787,0.1,230.6541464,0.17696580618043,0.197476568550926,0.185062087462283
Petrels,48,0.1,successful,10048,20048,30048,40048,504802,0.099987560519812,0.00994392421602787,0.00994392421602787,0.1,136.6774731,0.127974221957261,0.155304075751421,0.130015707080208
Grasta,48,0.1,successful,10048,20048,30048,40048,40048,0.099987560519812,0.00994392421602787,0.00994392421602787,0.1,122.1172097,0.204416637859,0.183806908559156,0.175694331741483
Grouse,48,0.1,successful,10048,20048,30048,40048,504804,0.099987560519812,0.00994392421602787,0.00994392421602787,0.1,117.1097361,1.0017860670912,1.00166987844885,1.00175215642845
TeCPSGD,48,0.1,successful,10048,20048,30048,40048,504805,0.099987560519812,0.00994392421602787,0.00994392421602787,0.1,116.4192026,0.181892348594524,0.18406174215661,0.172740471058446
OLSTEC_70,48,0.1,successful,10048,20048,30048,40048,504806,0.099987560519812,0.00994392421602787,0.00994392421602787,0.1,122.8472308,0.123073311269887,0.144859119748341,0.124673818565507
OLSTEC_80,48,0.1,successful,10048,20048,30048,40048,504807,0.099987560519812,0.00994392421602787,0.00994392421602787,0.1,122.7217111,0.112904646669853,0.142025453758673,0.115294664236749
OLSTEC_90,48,0.1,successful,10048,20048,30048,40048,504808,0.099987560519812,0.00994392421602787,0.00994392421602787,0.1,123.1581231,0.0984149770421373,0.133351380775425,0.0992601864917465
OLSTEC_99,48,0.1,successful,10048,20048,30048,40048,504809,0.099987560519812,0.00994392421602787,0.00994392421602787,0.1,122.8618822,0.0763983745381629,0.102353719185944,0.0774630164720045
RSI_OLSTEC,48,0.1,successful,10048,20048,30048,40048,504810,0.099987560519812,0.00994392421602787,0.00994392421602787,0.1,130.4072569,0.0521139244770423,0.062095862445931,0.0530351054591437
CP_WOPT,49,0.1,successful,10049,20049,30049,40049,504901,0.0999589148974962,0.0100194473705534,0.0100194473705534,0.1,228.9089997,0.177190727338625,0.196676525987608,0.185244020314535
Petrels,49,0.1,successful,10049,20049,30049,40049,504902,0.0999589148974962,0.0100194473705534,0.0100194473705534,0.1,131.3170328,0.128677563258465,0.161767731526078,0.13224918410251
Grasta,49,0.1,successful,10049,20049,30049,40049,40049,0.0999589148974962,0.0100194473705534,0.0100194473705534,0.1,117.4115913,0.203479546945471,0.195579371264848,0.17693589634788
Grouse,49,0.1,successful,10049,20049,30049,40049,504904,0.0999589148974962,0.0100194473705534,0.0100194473705534,0.1,112.6917927,1.00171796328775,1.00253362421258,1.00174085207522
TeCPSGD,49,0.1,successful,10049,20049,30049,40049,504905,0.0999589148974962,0.0100194473705534,0.0100194473705534,0.1,112.1343277,0.189394950503168,0.184446770034582,0.1729053883417
OLSTEC_70,49,0.1,successful,10049,20049,30049,40049,504906,0.0999589148974962,0.0100194473705534,0.0100194473705534,0.1,121.4707726,0.123755749788207,0.147736066309613,0.127931659204055
OLSTEC_80,49,0.1,successful,10049,20049,30049,40049,504907,0.0999589148974962,0.0100194473705534,0.0100194473705534,0.1,123.9693925,0.113910651133072,0.150100279416936,0.119022888210674
OLSTEC_90,49,0.1,successful,10049,20049,30049,40049,504908,0.0999589148974962,0.0100194473705534,0.0100194473705534,0.1,124.2895373,0.0996339783020339,0.140168806945533,0.103593014909326
OLSTEC_99,49,0.1,successful,10049,20049,30049,40049,504909,0.0999589148974962,0.0100194473705534,0.0100194473705534,0.1,123.9959911,0.0764973651313868,0.107730172497509,0.0767865961432821
RSI_OLSTEC,49,0.1,successful,10049,20049,30049,40049,504910,0.0999589148974962,0.0100194473705534,0.0100194473705534,0.1,131.4916962,0.0521932920639478,0.0621676227210935,0.0533068758458989
CP_WOPT,50,0.1,successful,10050,20050,30050,40050,505001,0.0999472034275991,0.0100006457134754,0.0100006457134754,0.1,235.0788877,0.177057885498501,0.196679755848069,0.184817792316433
Petrels,50,0.1,successful,10050,20050,30050,40050,505002,0.0999472034275991,0.0100006457134754,0.0100006457134754,0.1,131.3614485,0.127738529610378,0.147733895614654,0.131049929144811
Grasta,50,0.1,successful,10050,20050,30050,40050,40050,0.0999472034275991,0.0100006457134754,0.0100006457134754,0.1,117.3671906,0.202842452750862,0.183056536611136,0.175505661072393
Grouse,50,0.1,successful,10050,20050,30050,40050,505004,0.0999472034275991,0.0100006457134754,0.0100006457134754,0.1,112.5888554,1.00170117558497,1.0020408002222,1.00163830560957
TeCPSGD,50,0.1,successful,10050,20050,30050,40050,505005,0.0999472034275991,0.0100006457134754,0.0100006457134754,0.1,111.8513176,0.223119667188766,0.184547728102925,0.172855089106008
OLSTEC_70,50,0.1,successful,10050,20050,30050,40050,505006,0.0999472034275991,0.0100006457134754,0.0100006457134754,0.1,118.2252209,0.122412108258429,0.128083964217389,0.126261338882907
OLSTEC_80,50,0.1,successful,10050,20050,30050,40050,505007,0.0999472034275991,0.0100006457134754,0.0100006457134754,0.1,118.2109328,0.114910901048833,0.125538939043159,0.119587905197416
OLSTEC_90,50,0.1,successful,10050,20050,30050,40050,505008,0.0999472034275991,0.0100006457134754,0.0100006457134754,0.1,118.6743844,0.101283104238077,0.114842414375097,0.105311798378547
OLSTEC_99,50,0.1,successful,10050,20050,30050,40050,505009,0.0999472034275991,0.0100006457134754,0.0100006457134754,0.1,118.2771639,0.0777906341981394,0.104385201968261,0.0784826888091135
RSI_OLSTEC,50,0.1,successful,10050,20050,30050,40050,505010,0.0999472034275991,0.0100006457134754,0.0100006457134754,0.1,125.9846314,0.0521899878272236,0.060226572997574,0.0534009604492827
