Trial,ConditionID,Label,RuntimeSeconds,PreNRE50,PostPeakNRE50,RecoveryIntegral50,PostMeanNRE100,FirstLambdaReductionLag0To50,MinimumLambda0To50,CumulativeLambdaReduction0To50,PreMutationReducedLambdaFraction,SideThreshold,SideEventDelay,SideMissingRate,SideOnsetGradientToThresholdRatio
1,fixed_huber,Huber fixed lambda 0.80,10.8884386,0.0164728272537153,1.0004710205171,25.2386981217669,0.261009721751414,NaN,0.8,0,0,NaN,NaN,NaN,NaN
1,noise_free_mutation_aligned,Noise-free mutation-aligned cue,10.6706648,0.0164728272537153,1.00020972447229,13.3855201076857,0.142462098363461,0,0.1,1.27892020650628,0,0.05,0,0,100
1,noisy_mutation_aligned,Noisy mutation-aligned cue,10.4506112,0.0161034128563553,1.0001963234019,15.6117219234957,0.164726369496245,0,0.1,0.976974046127828,0.0887096774193548,0.463743048773465,0,0,11.3509358793006
1,delay_random_2_5,Random delay 2-5 frames,10.5493152,0.0161034128563553,1.00019636120175,15.2085535728542,0.160703076346309,5,0.1,0.984046132758807,0.0887096774193548,0.463743048773465,5,0,10.770592426685
1,noise_0p50,Noise sigma 0.50,10.5284381,0.0161034128563553,1.0001963234019,15.8501356763942,0.167085688863426,0,0.1,0.988870232058887,0.0887096774193548,1.15935762193364,0,0,4.88183621746304
1,noise_1p00,Noise sigma 1.00,10.5054666,0.0161034128563553,1.0001963234019,16.0304329451296,0.16886712035339,0,0.1,1.08490340506728,0.0887096774193548,2.31871524386729,0,0,2.72546966351708
1,delay_10,Delay 10 frames,10.4562243,0.0161034128563553,1.00051271117146,17.7762432576243,0.186364520130015,10,0.1,0.996973624206577,0.0887096774193548,0.463743048773465,10,0,11.55120425967
1,delay_20,Delay 20 frames,10.548798,0.0161034128563553,1.00051271117146,21.6410064972149,0.225019769402134,13,0.1,1.05195948510519,0.0887096774193548,0.463743048773465,20,0,10.4857070880927
1,gain_0p25,Moderate attenuation (gain 0.25),10.5313377,0.0161034128563553,1.0001963234019,15.9643166085461,0.168209537004206,0,0.1,1.0435054318091,0.0887096774193548,0.463743048773465,0,0,3.26456130200352
1,gain_0p10,Severe attenuation (gain 0.10),10.6564687,0.0161034128563553,1.0001963234019,16.1525755981054,0.170373237362512,0,0.1,1.52837174760709,0.0887096774193548,0.463743048773465,0,0,1.6472863865441
1,random_noise_only,Random noise only,10.6109317,0.0161034128563553,1.00051271117146,25.0336688530037,0.259174505604374,13,0.491465375931829,0.849256492085128,0.0887096774193548,0.463743048773465,NaN,0,NaN
1,constant,Constant signal,10.5794508,0.0164728272537153,1.0004710205171,25.2386981217669,0.261009721751414,NaN,0.8,0,0,0.05,NaN,0,NaN
1,missing_random_0p30,Random missing 30% with causal hold,10.6657464,0.0161996348831287,1.00019688817289,15.0809283879402,0.159427584684841,0,0.1,1.09594624557738,0.0564516129032258,0.463743048773465,0,0.324489795918367,11.3509358793006
1,missing_random_0p50,Random missing 50% with causal hold,10.4562947,0.0162289167377211,1.00020115481018,15.0712976116205,0.159334063823596,0,0.1,1.08226265279808,0.0416666666666667,0.463743048773465,0,0.509523809523809,11.3509358793006
1,missing_burst_20,Event burst missing 20 frames,10.4680933,0.0161034128563553,1.00051271117146,25.3226480196023,0.262067821095603,21,0.48631050202076,0.833227203535978,0.0887096774193548,0.463743048773465,0,0.0136054421768707,0
1,smooth_beta_0p90,Causal EWMA beta 0.90,10.578355,0.016472211843357,1.00020842311114,11.6536667864087,0.125240971088423,0,0.1,1.83636228322236,0.00268817204301075,0.0604969712755987,0,0,8.47737711480204
1,smooth_beta_0p99,Causal EWMA beta 0.99,10.6313952,0.0164728272537153,1.00020972447229,16.1371865059102,0.170025380773612,0,0.1,0.7,0,0.05,0,0,1.02204142918172
1,clock_lead_20,Clock lead 20 frames,10.5971547,0.016674542909279,1.00050943537264,25.5863228063132,0.264456391703636,13,0.781476515137284,0.0516628229736574,0.0954301075268817,0.463743048773465,-20,0,11.0864932572471
1,false_event_minus50,Additional false event at -50,10.4852969,0.0167404159759212,1.00019706764629,15.6287235582571,0.164895300215947,0,0.1,0.976980683355935,0.0954301075268817,0.463743048773465,0,0,11.3508974084358
1,compound_stress,Compound side-information stress,10.4928867,0.0161996348831287,1.00050675561645,18.3365706792618,0.191928517368399,11,0.1,1.32100740294656,0.0564516129032258,1.15935762193364,10,0.324489795918367,0
2,fixed_huber,Huber fixed lambda 0.80,10.512513,0.0166780161318583,1.00075539313276,24.8054328794021,0.256055301808291,NaN,0.8,0,0,NaN,NaN,NaN,NaN
2,noise_free_mutation_aligned,Noise-free mutation-aligned cue,10.5871373,0.0166780161318583,0.99954547342049,12.9522235643715,0.137600449535037,0,0.1,1.27892020650628,0,0.05,0,0,100
2,noisy_mutation_aligned,Noisy mutation-aligned cue,10.5005876,0.0166780161318583,0.999776343535575,15.6468327602703,0.164543727371594,0,0.1,0.785620205114594,0,0.897681825914843,0,0,5.31468987347243
2,delay_random_2_5,Random delay 2-5 frames,10.6113319,0.0166780161318583,1.00098293668599,16.0659758701501,0.168743597041091,4,0.1,0.740314498424758,0,0.897681825914843,4,0,5.38464763032844
2,noise_0p50,Noise sigma 0.50,10.5618283,0.0166780161318583,0.999965415629545,16.1317606346468,0.1693916081016,0,0.1,0.7,0,2.2442045647871,0,0,1.97274853814168
2,noise_1p00,Noise sigma 1.00,10.6083299,0.0166780161318583,1.00075539313276,24.8054328794021,0.256055301808291,NaN,0.8,0,0,4.48840912957421,0,0,0.858768093031427
2,delay_10,Delay 10 frames,10.6472783,0.0166780161318583,1.00075539313276,17.6813663315124,0.18495149816938,10,0.1,0.714464335947451,0,0.897681825914843,10,0,5.07879815580247
2,delay_20,Delay 20 frames,10.5844759,0.0166780161318583,1.00075539313276,23.4265694019992,0.242263498703288,20,0.1,0.710342837163044,0,0.897681825914843,20,0,5.277817989743
2,gain_0p25,Moderate attenuation (gain 0.25),10.4841947,0.0166780161318583,0.999965415629545,16.1317606346468,0.1693916081016,0,0.1,0.7,0,0.897681825914843,0,0,1.13726320430899
2,gain_0p10,Severe attenuation (gain 0.10),10.5525247,0.0166780161318583,1.00075539313276,24.8054328794021,0.256055301808291,NaN,0.8,0,0,0.897681825914843,0,0,0.3017778704763
2,random_noise_only,Random noise only,10.5703106,0.0166780161318583,1.00075539313276,24.8054328794021,0.256055301808291,NaN,0.8,0,0,0.897681825914843,NaN,0,NaN
2,constant,Constant signal,10.5957982,0.0166780161318583,1.00075539313276,24.8054328794021,0.256055301808291,NaN,0.8,0,0,0.05,NaN,0,NaN
2,missing_random_0p30,Random missing 30% with causal hold,10.6770976,0.0166780161318583,1.00019311677894,15.4974868850283,0.163055579002618,1,0.1,0.8241850747894,0,0.897681825914843,0,0.297278911564626,0
2,missing_random_0p50,Random missing 50% with causal hold,10.474699,0.0166780161318583,1.00019311677894,15.6803257483604,0.164882590045187,1,0.1,0.763437598522578,0,0.897681825914843,0,0.508163265306122,0
2,missing_burst_20,Event burst missing 20 frames,10.4641979,0.0166780161318583,1.00075539313276,24.8054328794021,0.256055301808291,NaN,0.8,0,0,0.897681825914843,0,0.0136054421768707,0
2,smooth_beta_0p90,Causal EWMA beta 0.90,10.6108195,0.0166780161318583,0.99954547342049,10.5159091663707,0.113180928856965,0,0.1,1.58895957351993,0,0.0843256995209243,0,0,6.00868531045014
2,smooth_beta_0p99,Causal EWMA beta 0.99,10.5970951,0.0166780161318583,1.0007219038205,24.2155225543862,0.250170746023107,0,0.466163144476132,0.333836855523868,0,0.05,0,0,1.00953819587211
2,clock_lead_20,Clock lead 20 frames,10.5001404,0.0170671053902981,1.0007608538947,24.7501950775687,0.255504436476691,NaN,0.8,0,0.00480769230769231,0.897681825914843,-20,0,5.08984978548526
2,false_event_minus50,Additional false event at -50,10.5121687,0.0169501607779973,0.999881917736289,15.7556757379228,0.165633182503295,0,0.104451900394404,0.780626795393302,0.00480769230769231,0.897681825914843,0,0,5.31466999939718
2,compound_stress,Compound side-information stress,10.4051401,0.0166780161318583,1.00075539313276,24.8054328794021,0.256055301808291,NaN,0.8,0,0,2.2442045647871,10,0.297278911564626,0.194748870641283
3,fixed_huber,Huber fixed lambda 0.80,10.5836964,0.0170082813846739,0.999437697465368,24.1081767397704,0.249177390382486,NaN,0.8,0,0,NaN,NaN,NaN,NaN
3,noise_free_mutation_aligned,Noise-free mutation-aligned cue,10.5270632,0.0170082813846739,0.999067356796323,12.6820004954002,0.134797452555498,0,0.1,1.27892020650628,0,0.05,0,0,100
3,noisy_mutation_aligned,Noisy mutation-aligned cue,10.6073576,0.0170082813846739,0.99910787277725,17.6603587184936,0.184625734443165,0,0.1,0.7,0,1.37703006008176,0,0,3.3946950815837
3,delay_random_2_5,Random delay 2-5 frames,10.5570786,0.0170082813846739,0.999437697465368,16.03449709376,0.168337252948175,3,0.1,0.7,0,1.37703006008176,3,0,3.16109086357127
3,noise_0p50,Noise sigma 0.50,10.4747043,0.0170082813846739,0.99910787277725,17.6603587184936,0.184625734443165,0,0.1,0.7,0,3.44257515020439,0,0,1.21609340325732
3,noise_1p00,Noise sigma 1.00,10.5187143,0.0170082813846739,0.999437697465368,24.1081767397704,0.249177390382486,NaN,0.8,0,0,6.8851503004088,0,0,0.489892843815186
3,delay_10,Delay 10 frames,10.5082824,0.0170082813846739,0.999437697465368,16.2336356780349,0.170347730804956,10,0.1,0.7,0,1.37703006008176,10,0,3.21867466941786
3,delay_20,Delay 20 frames,10.5015055,0.0170082813846739,0.999437697465368,21.3222598367706,0.221256656401244,20,0.1,0.7,0,1.37703006008176,20,0,3.81285019716958
3,gain_0p25,Moderate attenuation (gain 0.25),10.5320055,0.0170082813846739,0.999437697465368,24.1081767397704,0.249177390382486,NaN,0.8,0,0,1.37703006008176,0,0,0.671442983675719
3,gain_0p10,Severe attenuation (gain 0.10),10.4868122,0.0170082813846739,0.999437697465368,24.1081767397704,0.249177390382486,NaN,0.8,0,0,1.37703006008176,0,0,0.126792564094123
3,random_noise_only,Random noise only,10.5269949,0.0170082813846739,0.999437697465368,24.1081767397704,0.249177390382486,NaN,0.8,0,0,1.37703006008176,NaN,0,NaN
3,constant,Constant signal,10.6511399,0.0170082813846739,0.999437697465368,24.1081767397704,0.249177390382486,NaN,0.8,0,0,0.05,NaN,0,NaN
3,missing_random_0p30,Random missing 30% with causal hold,10.5122169,0.0170082813846739,0.99910787277725,17.6603587184936,0.184625734443165,0,0.1,0.7,0,1.37703006008176,0,0.29047619047619,3.3946950815837
3,missing_random_0p50,Random missing 50% with causal hold,10.5395818,0.0170082813846739,0.99910787277725,17.6603587184936,0.184625734443165,0,0.1,0.7,0,1.37703006008176,0,0.508163265306122,3.62582718159418
3,missing_burst_20,Event burst missing 20 frames,10.5492139,0.0170082813846739,0.999437697465368,24.1081767397704,0.249177390382486,NaN,0.8,0,0,1.37703006008176,0,0.0136054421768707,0
3,smooth_beta_0p90,Causal EWMA beta 0.90,10.4964779,0.0170082813846739,0.998842007431885,8.92253671861116,0.0971671264001872,0,0.1,1.76617376006722,0,0.0749203190898924,0,0,6.39453240038566
3,smooth_beta_0p99,Causal EWMA beta 0.99,10.5622039,0.0170082813846739,0.999437697465368,24.1081767397704,0.249177390382486,NaN,0.8,0,0,0.05,0,0,0.968722274573928
3,clock_lead_20,Clock lead 20 frames,10.6566313,0.0169630130808726,0.999439494806482,24.0409273238109,0.248502861262055,NaN,0.8,0,0.00323101777059774,1.37703006008176,-20,0,3.67384380492527
3,false_event_minus50,Additional false event at -50,10.457648,0.0173628735371102,0.9992157526108,17.4005399562506,0.182034252514168,0,0.135469085199084,0.664530914800916,0.00161550888529887,1.37703006008176,0,0,3.39468212573278
3,compound_stress,Compound side-information stress,10.5341493,0.0170082813846739,0.999437697465368,24.1081767397704,0.249177390382486,NaN,0.8,0,0,3.44257515020439,10,0.29047619047619,0
4,fixed_huber,Huber fixed lambda 0.80,10.4800949,0.0166409321084011,1.00080035856718,25.679615316544,0.264972428297238,NaN,0.8,0,0,NaN,NaN,NaN,NaN
4,noise_free_mutation_aligned,Noise-free mutation-aligned cue,10.6286185,0.0166409321084011,1.00051230971773,13.2592377882454,0.140722430001244,0,0.1,1.27892020650628,0,0.05,0,0,100
4,noisy_mutation_aligned,Noisy mutation-aligned cue,10.4850527,0.0166409321084011,1.00049358675228,15.6312520929549,0.164418834805967,0,0.1,0.768737911705564,0,1.01153912361866,0,0,5.19330348696976
4,delay_random_2_5,Random delay 2-5 frames,10.5717385,0.0166409321084011,1.00045358526236,15.9211780359853,0.167495015568243,3,0.1,0.718293843644828,0,1.01153912361866,3,0,5.1537221180777
4,noise_0p50,Noise sigma 0.50,10.5389362,0.0166409321084011,1.00048741697175,16.0130792568486,0.16827237412095,0,0.1,0.7,0,2.52884780904666,0,0,2.22752596047344
4,noise_1p00,Noise sigma 1.00,10.5857081,0.0166409321084011,1.00048741697175,16.0130792568486,0.16827237412095,0,0.1,0.7,0,5.05769561809332,0,0,1.23893345164134
4,delay_10,Delay 10 frames,10.5985788,0.0166409321084011,1.00045358526236,17.8939571714349,0.187133665811503,10,0.1,0.736093194042942,0,1.01153912361866,10,0,4.49779897275948
4,delay_20,Delay 20 frames,10.5612571,0.0166409321084011,1.00080035856718,23.0726636951315,0.238719304088528,20,0.1,0.737490146052141,0,1.01153912361866,20,0,5.14236287056185
4,gain_0p25,Moderate attenuation (gain 0.25),10.6299625,0.0166409321084011,1.00048741697175,16.0130792568486,0.16827237412095,0,0.1,0.7,0,1.01153912361866,0,0,1.48608157884937
4,gain_0p10,Severe attenuation (gain 0.10),10.525104,0.0166409321084011,1.00080035856718,25.679615316544,0.264972428297238,NaN,0.8,0,0,1.01153912361866,0,0,0.744637197225289
4,random_noise_only,Random noise only,10.6067676,0.0166409321084011,1.00080035856718,25.679615316544,0.264972428297238,NaN,0.8,0,0,1.01153912361866,NaN,0,NaN
4,constant,Constant signal,10.5213358,0.0166409321084011,1.00080035856718,25.679615316544,0.264972428297238,NaN,0.8,0,0,0.05,NaN,0,NaN
4,missing_random_0p30,Random missing 30% with causal hold,10.5976362,0.0166409321084011,1.00049431990047,15.590911270982,0.16401176004062,0,0.1,0.776167644525113,0,1.01153912361866,0,0.304081632653061,4.78427019837237
4,missing_random_0p50,Random missing 50% with causal hold,10.4440581,0.0166409321084011,1.00049431990047,15.590911270982,0.16401176004062,0,0.1,0.776167644525113,0,1.01153912361866,0,0.496598639455782,4.78427019837237
4,missing_burst_20,Event burst missing 20 frames,10.6645827,0.0166409321084011,1.00080035856718,25.679615316544,0.264972428297238,NaN,0.8,0,0,1.01153912361866,0,0.0136054421768707,0
4,smooth_beta_0p90,Causal EWMA beta 0.90,10.5016294,0.0166409321084011,1.00065065359113,11.1411925627982,0.119534633240165,0,0.1,1.62921393657808,0,0.087728249311083,0,0,5.6641359876671
4,smooth_beta_0p99,Causal EWMA beta 0.99,10.5296517,0.0166409321084011,1.00080035856718,25.679615316544,0.264972428297238,NaN,0.8,0,0,0.05,0,0,0.993688725979816
4,clock_lead_20,Clock lead 20 frames,10.4808629,0.0168225282331286,1.00080258258322,25.6575198000839,0.264799336030047,NaN,0.8,0,0.00602409638554217,1.01153912361866,-20,0,4.70046971871531
4,false_event_minus50,Additional false event at -50,10.5492395,0.0166772053062859,1.00049611389451,15.6202589360684,0.164297509767872,0,0.1,0.768740088478827,0.00401606425702811,1.01153912361866,0,0,5.19328584989005
4,compound_stress,Compound side-information stress,10.4617889,0.0166409321084011,1.00080035856718,25.679615316544,0.264972428297238,NaN,0.8,0,0,2.52884780904666,10,0.304081632653061,0.543428937431052
5,fixed_huber,Huber fixed lambda 0.80,10.5978686,0.0158068855609308,0.999394834541972,25.5246671134184,0.264268738805421,NaN,0.8,0,0,NaN,NaN,NaN,NaN
5,noise_free_mutation_aligned,Noise-free mutation-aligned cue,10.450765,0.0158068855609308,0.999319198534713,14.22281040552,0.151291329882568,0,0.1,1.27892020650628,0,0.05,0,0,100
5,noisy_mutation_aligned,Noisy mutation-aligned cue,10.4356603,0.0158073289002923,0.999317769902211,16.3217990303432,0.172317129413439,0,0.1,0.767505323642869,0.00341880341880342,0.74960141405975,0,0,6.72584277978125
5,delay_random_2_5,Random delay 2-5 frames,10.5668608,0.0158073289002923,0.999382327555843,15.1333044786094,0.160437106001388,3,0.1,0.79764193929218,0.00341880341880342,0.74960141405975,3,0,7.25713930227338
5,noise_0p50,Noise sigma 0.50,10.5372609,0.0158073289002923,0.999317769902211,16.6199128367716,0.175306139043668,0,0.1,0.7,0.00341880341880342,1.87400353514937,0,0,2.72371585775164
5,noise_1p00,Noise sigma 1.00,10.5219976,0.0158073289002923,0.999317769902211,16.6199128367716,0.175301434371772,0,0.1,0.7,0.00341880341880342,3.74800707029873,0,0,1.38967355040843
5,delay_10,Delay 10 frames,10.5228293,0.0158073289002923,0.999391923505875,18.1064296927136,0.190192392582733,10,0.1,0.819584057809692,0.00341880341880342,0.74960141405975,10,0,6.35534154591129
5,delay_20,Delay 20 frames,10.4410071,0.0158073289002923,0.999391923505875,21.972021849972,0.228682463678845,20,0.1,0.739037842286628,0.00341880341880342,0.74960141405975,20,0,6.37398287657772
5,gain_0p25,Moderate attenuation (gain 0.25),10.4527474,0.0158073289002923,0.999317769902211,16.6199128367716,0.175304361679156,0,0.1,0.7,0.00341880341880342,0.74960141405975,0,0,1.72318412724422
5,gain_0p10,Severe attenuation (gain 0.10),10.548717,0.0158073289002923,0.999391923505875,25.5490120954207,0.264503681154212,NaN,0.8,0,0.00341880341880342,0.74960141405975,0,0,0.722652396736818
5,random_noise_only,Random noise only,10.5148902,0.0158073289002923,0.999391923505875,25.5490120954207,0.264503651290328,NaN,0.8,0,0.00341880341880342,0.74960141405975,NaN,0,NaN
5,constant,Constant signal,10.5421552,0.0158068855609308,0.999394834541972,25.5246671134184,0.264268738805421,NaN,0.8,0,0,0.05,NaN,0,NaN
5,missing_random_0p30,Random missing 30% with causal hold,10.4575411,0.0158076798235829,0.999321586826066,15.727758594327,0.166371935426885,0,0.1,0.871725892886422,0.00341880341880342,0.74960141405975,0,0.31156462585034,6.82430299476507
5,missing_random_0p50,Random missing 50% with causal hold,10.5020849,0.0158076798235829,0.999321586826066,15.1625283688415,0.160712216349773,0,0.1,0.992305147066069,0.00341880341880342,0.74960141405975,0,0.489115646258503,6.82430299476507
5,missing_burst_20,Event burst missing 20 frames,10.5527528,0.0158073289002923,0.999391923505875,25.5490120954207,0.26450341236475,NaN,0.8,0,0.00341880341880342,0.74960141405975,0,0.0136054421768707,0
5,smooth_beta_0p90,Causal EWMA beta 0.90,10.669756,0.0158107338476423,0.999313128731847,13.1657539085365,0.140638911454055,0,0.1,1.93388511371186,0.00512820512820513,0.0566349747786588,0,0,8.53206586531475
5,smooth_beta_0p99,Causal EWMA beta 0.99,10.6466791,0.0158068855609308,0.999394834541972,25.5246671134184,0.264268738805421,NaN,0.8,0,0,0.05,0,0,0.972459713487233
5,clock_lead_20,Clock lead 20 frames,10.6177749,0.0163539344209465,0.999390911630141,25.4754375124318,0.263777837674864,NaN,0.8,0,0.00683760683760684,0.74960141405975,-20,0,6.88770575994171
5,false_event_minus50,Additional false event at -50,10.4641188,0.0159298026193375,0.999330449530465,16.4089503271652,0.173191316946277,0,0.106391095597398,0.760502379494755,0.00683760683760684,0.74960141405975,0,0,6.72581897967119
5,compound_stress,Compound side-information stress,10.5157299,0.0158076798235829,0.999393035157379,25.5173920435449,0.264178689788462,NaN,0.8,0,0.00341880341880342,1.87400353514937,10,0.31156462585034,0.979407414153651
6,fixed_huber,Huber fixed lambda 0.80,10.5102673,0.0170157198357919,0.99842238593215,23.4416170889939,0.242131849316087,NaN,0.8,0,0,NaN,NaN,NaN,NaN
6,noise_free_mutation_aligned,Noise-free mutation-aligned cue,10.4722469,0.0170157198357919,0.99825523744732,12.2263205563505,0.130135609896543,0,0.1,1.27892020650628,0,0.05,0,0,100
6,noisy_mutation_aligned,Noisy mutation-aligned cue,10.564177,0.0170157198357919,0.99825523744732,14.3153507582165,0.151012262836114,0,0.1,0.764899408394466,0,0.819823284851117,0,0,5.64493928828846
6,delay_random_2_5,Random delay 2-5 frames,10.4772666,0.0170157198357919,0.99842238593215,14.418153681407,0.152109967003824,4,0.1,0.895147404970743,0,0.819823284851117,4,0,6.42953569516749
6,noise_0p50,Noise sigma 0.50,10.5404616,0.0170157198357919,0.99825523744732,14.601535181155,0.15386669558492,0,0.1,0.7,0,2.04955821212779,0,0,1.98561409536617
6,noise_1p00,Noise sigma 1.00,10.539679,0.0170157198357919,0.99842238593215,23.4416170889939,0.242337745225362,NaN,0.8,0,0,4.09911642425559,0,0,0.765839031058735
6,delay_10,Delay 10 frames,10.605432,0.0170157198357919,0.99842238593215,16.1231958573158,0.169055865158257,10,0.1,0.73279930817368,0,0.819823284851117,10,0,5.24678038139423
6,delay_20,Delay 20 frames,10.5505335,0.0170157198357919,0.99842238593215,21.5573177506798,0.22328412338485,20,0.1,0.762019481407961,0,0.819823284851117,20,0,5.63438487510195
6,gain_0p25,Moderate attenuation (gain 0.25),10.5710472,0.0170157198357919,0.99825523744732,14.601535181155,0.154048373584256,0,0.1,0.7,0,0.819823284851117,0,0,1.07078279713559
6,gain_0p10,Severe attenuation (gain 0.10),10.5982224,0.0170157198357919,0.99842238593215,23.4416170889939,0.242337745225362,NaN,0.8,0,0,0.819823284851117,0,0,0.155951498905021
6,random_noise_only,Random noise only,10.5209323,0.0170157198357919,0.99842238593215,23.4416170889939,0.242337745225362,NaN,0.8,0,0,0.819823284851117,NaN,0,NaN
6,constant,Constant signal,10.6097687,0.0170157198357919,0.99842238593215,23.4416170889939,0.242131849316087,NaN,0.8,0,0,0.05,NaN,0,NaN
6,missing_random_0p30,Random missing 30% with causal hold,10.4539444,0.0170157198357919,0.99825523744732,14.319497780723,0.151052892482716,0,0.1,0.769709612855972,0,0.819823284851117,0,0.297959183673469,5.64493928828846
6,missing_random_0p50,Random missing 50% with causal hold,10.6258851,0.0170157198357919,0.99825523744732,14.2704661838936,0.15056531377573,0,0.1,0.78180744723961,0,0.819823284851117,0,0.500680272108844,5.64493928828846
6,missing_burst_20,Event burst missing 20 frames,10.5342215,0.0170157198357919,0.99842238593215,23.4416170889939,0.242337745225362,NaN,0.8,0,0,0.819823284851117,0,0.0136054421768707,0
6,smooth_beta_0p90,Causal EWMA beta 0.90,10.6103492,0.0170157198357919,0.99825523744732,9.33667112724096,0.101129940759473,0,0.1,1.69957628827846,0,0.0703085333398756,0,0,6.7058080807821
6,smooth_beta_0p99,Causal EWMA beta 0.99,10.5869372,0.0170157198357919,0.99842238593215,23.4416170889939,0.242131849316087,NaN,0.8,0,0,0.05,0,0,0.958297828621966
6,clock_lead_20,Clock lead 20 frames,10.4846809,0.0171962590392551,0.998426566134738,23.408782463623,0.241803680695892,NaN,0.8,0,0.00643776824034335,0.819823284851117,-20,0,6.498230626734
6,false_event_minus50,Additional false event at -50,10.5131963,0.0173250593605194,0.998289363681453,14.9166660411337,0.157028143589956,0,0.115327935354406,0.74815636861462,0.00643776824034335,0.819823284851117,0,0,5.64491752677413
6,compound_stress,Compound side-information stress,10.6073588,0.0170157198357919,0.99842238593215,23.4416170889939,0.242337745225362,NaN,0.8,0,0,2.04955821212779,10,0.297959183673469,0.367680124164508
7,fixed_huber,Huber fixed lambda 0.80,10.4694712,0.0170344316194823,0.9964066652446,21.400979257025,0.222062124204992,NaN,0.8,0,0,NaN,NaN,NaN,NaN
7,noise_free_mutation_aligned,Noise-free mutation-aligned cue,10.5575664,0.0170344316194823,0.995675780163037,10.6873276284901,0.114955266679165,0,0.1,1.27892020650628,0,0.05,0,0,100
7,noisy_mutation_aligned,Noisy mutation-aligned cue,10.5195632,0.0170344316194823,0.995675780163037,12.8780291812775,0.136878482109637,0,0.1,0.728472950621373,0,1.00733047949128,0,0,5.20469733236033
7,delay_random_2_5,Random delay 2-5 frames,10.5231321,0.0170344316194823,0.996384545251377,13.2363777367923,0.140458906736445,3,0.1,0.725455652586037,0,1.00733047949128,3,0,5.09302625203031
7,noise_0p50,Noise sigma 0.50,10.6362006,0.0170344316194823,0.995675780163037,13.0212596335414,0.138315088065024,0,0.1,0.700140699510683,0,2.51832619872819,0,0,2.22652873617621
7,noise_1p00,Noise sigma 1.00,10.6094083,0.0170344316194823,0.995675780163037,13.021247191331,0.138314927892002,0,0.1,0.700781326565648,0,5.03665239745639,0,0,1.23380587078151
7,delay_10,Delay 10 frames,10.5329099,0.0170344316194823,0.9964066652446,15.5137448264821,0.163297021251791,10,0.1,0.700169991619775,0,1.00733047949128,10,0,5.20402673455461
7,delay_20,Delay 20 frames,10.5507918,0.0170344316194823,0.9964066652446,19.9710564271943,0.207775782280248,20,0.1,0.701485136806851,0,1.00733047949128,20,0,4.64223792074429
7,gain_0p25,Moderate attenuation (gain 0.25),10.6339212,0.0170344316194823,0.995675780163037,13.0212554819152,0.138315034619027,0,0.1,0.700354399270866,0,1.00733047949128,0,0,1.48198658713019
7,gain_0p10,Severe attenuation (gain 0.10),10.5650477,0.0170344316194823,0.9964066652446,21.3986548520133,0.22203193578498,43,0.656005009572663,0.143994990427337,0,1.00733047949128,0,0,0.737444438084159
7,random_noise_only,Random noise only,10.5898238,0.0170344316194823,0.9964066652446,21.3987342918691,0.22203297965022,43,0.661959950993524,0.138040049006476,0,1.00733047949128,NaN,0,NaN
7,constant,Constant signal,10.5307948,0.0170344316194823,0.9964066652446,21.400979257025,0.222062124204992,NaN,0.8,0,0,0.05,NaN,0,NaN
7,missing_random_0p30,Random missing 30% with causal hold,10.5517062,0.0170344316194823,0.995675780163037,12.8780291809838,0.136878482105856,0,0.1,0.728472965744433,0,1.00733047949128,0,0.277551020408163,5.20469733236033
7,missing_random_0p50,Random missing 50% with causal hold,10.5985541,0.0170344316194823,0.995675780163037,12.8780291809224,0.136878482105065,0,0.1,0.728472968908203,0,1.00733047949128,0,0.501360544217687,5.20469733236033
7,missing_burst_20,Event burst missing 20 frames,10.4571234,0.0170344316194823,0.9964066652446,21.3980253200457,0.222023548057357,43,0.602410536782427,0.197589463217573,0,1.00733047949128,0,0.0136054421768707,0
7,smooth_beta_0p90,Causal EWMA beta 0.90,10.4284497,0.0170437056000531,0.995672704023292,8.58234191594716,0.0939349336297045,0,0.1,1.81263837489138,0.0053475935828877,0.0581513468071329,0,0,8.6818781514268
7,smooth_beta_0p99,Causal EWMA beta 0.99,10.6090275,0.0170344316194823,0.996181488387304,17.9824520652534,0.187909698859903,0,0.351627674363845,0.448372325636155,0,0.05,0,0,1.01281063787532
7,clock_lead_20,Clock lead 20 frames,10.5635305,0.0171513557178062,0.996400010052174,21.3601916556806,0.221654285572887,43,0.799962349352532,3.76506474678573e-05,0.0035650623885918,1.00733047949128,-20,0,4.94423249874218
7,false_event_minus50,Additional false event at -50,10.5390915,0.0177066883920589,0.995671781919846,12.8824350513889,0.136922842286625,0,0.1,0.728475431737968,0.0053475935828877,1.00733047949128,0,0,5.20467962159259
7,compound_stress,Compound side-information stress,10.5100048,0.0170344316194823,0.9964066652446,15.5137225304012,0.163296733224369,10,0.1,0.701242810530452,0,2.51832619872819,10,0.277551020408163,1.23313527297579
8,fixed_huber,Huber fixed lambda 0.80,10.5902852,0.017655817628497,0.999694952488779,25.5834077679249,0.263623737865771,NaN,0.8,0,0,NaN,NaN,NaN,NaN
8,noise_free_mutation_aligned,Noise-free mutation-aligned cue,10.4819964,0.017655817628497,0.99936933036377,13.1243254727892,0.139423619330171,0,0.1,1.27892020650628,0,0.05,0,0,100
8,noisy_mutation_aligned,Noisy mutation-aligned cue,10.5954661,0.0179083842246547,0.999384047991003,14.494122167602,0.153047773867108,0,0.1,0.868059262223068,0.0884476534296029,0.507538125976669,0,0,10.2049049869984
8,delay_random_2_5,Random delay 2-5 frames,10.6570203,0.0179083842246547,0.999634466885634,15.9474714020057,0.167601893360302,4,0.1,0.887559715177758,0.0884476534296029,0.507538125976669,4,0,9.84639257897939
8,noise_0p50,Noise sigma 0.50,10.5055889,0.0179083842246547,0.999384047991003,14.820549429092,0.156279765124295,0,0.1,0.832776688505719,0.0884476534296029,1.26884531494168,0,0,4.29401899350371
8,noise_1p00,Noise sigma 1.00,10.6324398,0.0179083842246547,0.999384047991003,15.229269460812,0.160309198373979,0,0.1,0.822875327029951,0.0884476534296029,2.53769062988338,0,0,2.32372366233885
8,delay_10,Delay 10 frames,10.5768702,0.0179083842246547,0.99969367607439,16.6255045807844,0.174706563140528,10,0.1,0.89302153670679,0.0884476534296029,0.507538125976669,10,0,9.34936525272753
8,delay_20,Delay 20 frames,10.6750004,0.0179083842246547,0.99969367607439,22.7977700269056,0.235921207017368,20,0.1,0.83841108320619,0.0884476534296029,0.507538125976669,20,0,9.07499661326854
8,gain_0p25,Moderate attenuation (gain 0.25),10.6207247,0.0179083842246547,0.999384047991003,15.046654241505,0.158505206596835,0,0.1,0.827211765882934,0.0884476534296029,0.507538125976669,0,0,2.81629749513009
8,gain_0p10,Severe attenuation (gain 0.10),10.5826882,0.0179083842246547,0.999406442054394,19.7184663420483,0.205279220336682,0,0.222233225064479,0.836250170154343,0.0884476534296029,0.507538125976669,0,0,1.33857599675644
8,random_noise_only,Random noise only,10.6241284,0.0179083842246547,0.99969367607439,26.1827310643818,0.26985442822659,49,0.540769117147919,0.259230882852081,0.0884476534296029,0.507538125976669,NaN,0,NaN
8,constant,Constant signal,10.6152217,0.017655817628497,0.999694952488779,25.5834077679249,0.263623737865771,NaN,0.8,0,0,0.05,NaN,0,NaN
8,missing_random_0p30,Random missing 30% with causal hold,10.5205098,0.0176534491663605,0.999414534326096,15.1782680435132,0.159691207921427,1,0.1,0.944512695821616,0.0487364620938628,0.507538125976669,0,0.295918367346939,0
8,missing_random_0p50,Random missing 50% with causal hold,10.6638725,0.0176518382594756,0.999413108667817,15.0411512370754,0.158347589076449,1,0.1,0.944512695821616,0.0451263537906137,0.507538125976669,0,0.484353741496599,0
8,missing_burst_20,Event burst missing 20 frames,10.6015542,0.0179083842246547,0.99969367607439,26.1827396093094,0.269855094619001,49,0.535939987538797,0.264060012461203,0.0884476534296029,0.507538125976669,0,0.0136054421768707,0
8,smooth_beta_0p90,Causal EWMA beta 0.90,10.5202627,0.0180491218915366,0.999376981588237,10.0421311569416,0.108749381433922,0,0.1,1.94064191126572,0.0216606498194946,0.05,0,0,10.4740375013156
8,smooth_beta_0p99,Causal EWMA beta 0.99,10.6711567,0.017655817628497,0.99936933036377,15.6665427846667,0.164773123134246,0,0.1,0.7,0,0.05,0,0,1.03978658455087
8,clock_lead_20,Clock lead 20 frames,10.4892252,0.0180849762789184,0.999694442416766,26.2167766062946,0.27001359750339,49,0.788268958654401,0.0117310413455985,0.0956678700361011,0.507538125976669,-20,0,9.60443717496991
8,false_event_minus50,Additional false event at -50,10.526558,0.018009289502385,0.999382097443474,14.5481838364776,0.153584986007712,0,0.1,0.868064856512997,0.0974729241877256,0.507538125976669,0,0,10.2048698357551
8,compound_stress,Compound side-information stress,10.4652507,0.0176534491663605,0.999694328123048,17.2453216420984,0.180671740330715,10,0.1,0.7,0.0487364620938628,1.26884531494168,10,0.295918367346939,1.46818392806803
9,fixed_huber,Huber fixed lambda 0.80,10.5966824,0.0172771179566177,0.999171875605709,22.7204260000087,0.235336086966903,NaN,0.8,0,0,NaN,NaN,NaN,NaN
9,noise_free_mutation_aligned,Noise-free mutation-aligned cue,10.5106507,0.0172771179566177,0.999096300197833,11.7070885665148,0.125128374341236,0,0.1,1.27892020650628,0,0.05,0,0,100
9,noisy_mutation_aligned,Noisy mutation-aligned cue,10.5130583,0.017428130229194,0.999038495803429,12.6367785450844,0.134425385489526,0,0.1,0.706437558042481,0.0025062656641604,0.860606333831485,0,0,5.31828100179784
9,delay_random_2_5,Random delay 2-5 frames,10.6172749,0.017428130229194,0.999159392505431,13.4262559903486,0.142286357115421,5,0.1,0.727790231248408,0.0025062656641604,0.860606333831485,5,0,5.45511506201841
9,noise_0p50,Noise sigma 0.50,10.5477873,0.017428130229194,0.999038495803429,12.6765741957613,0.134823363122976,0,0.1,0.7,0.0025062656641604,2.15151583457871,0,0,1.83236661554905
9,noise_1p00,Noise sigma 1.00,10.5000703,0.017428130229194,0.999159392505431,21.2211312665349,0.220321822691191,NaN,0.8,0,0.0025062656641604,4.30303166915742,0,0,0.670395153466124
9,delay_10,Delay 10 frames,10.4167492,0.017428130229194,0.999159392505431,14.6887035948955,0.154944206373865,10,0.1,0.780704609670937,0.0025062656641604,0.860606333831485,10,0,6.03809918885449
9,delay_20,Delay 20 frames,10.5322249,0.017428130229194,0.999159392505431,20.2644545407858,0.210748707297497,20,0.1,0.713906610385406,0.0025062656641604,0.860606333831485,20,0,5.54215332173404
9,gain_0p25,Moderate attenuation (gain 0.25),10.5856193,0.017428130229194,0.999159392505431,21.2211312665349,0.220321822691191,NaN,0.8,0,0.0025062656641604,0.860606333831485,0,0,0.960888018986854
9,gain_0p10,Severe attenuation (gain 0.10),10.5724059,0.017428130229194,0.999159392505431,21.2211312665349,0.220321822691191,NaN,0.8,0,0.0025062656641604,0.860606333831485,0,0,0.0894094224246573
9,random_noise_only,Random noise only,10.6415013,0.017428130229194,0.999159392505431,21.2211312665349,0.220321822691191,NaN,0.8,0,0.0025062656641604,0.860606333831485,NaN,0,NaN
9,constant,Constant signal,10.4885657,0.0172771179566177,0.999171875605709,22.7204260000087,0.235336086966903,NaN,0.8,0,0,0.05,NaN,0,NaN
9,missing_random_0p30,Random missing 30% with causal hold,10.5623778,0.0172771179566177,0.999096300197833,14.1276294615529,0.149347768012425,0,0.1,0.855880168046446,0,0.860606333831485,0,0.305442176870748,5.31828100179784
9,missing_random_0p50,Random missing 50% with causal hold,10.4861762,0.0172771179566177,0.999096300197833,13.1642157813287,0.139699912208909,0,0.1,0.942054954909327,0,0.860606333831485,0,0.5,5.31828100179784
9,missing_burst_20,Event burst missing 20 frames,10.4469136,0.017428130229194,0.999159392505431,21.2211312665349,0.220321822691191,NaN,0.8,0,0.0025062656641604,0.860606333831485,0,0.0136054421768707,0
9,smooth_beta_0p90,Causal EWMA beta 0.90,10.5737825,0.0174244742774272,0.999035990435999,8.24657481558877,0.0904475562695958,0,0.1,1.79063455490092,0.0050125313283208,0.067088463592069,0,0,7.38815410480753
9,smooth_beta_0p99,Causal EWMA beta 0.99,10.5968546,0.0172771179566177,0.999171875605709,22.7204260000087,0.235336086966903,NaN,0.8,0,0,0.05,0,0,0.993998792386002
9,clock_lead_20,Clock lead 20 frames,10.4894781,0.017452231987135,0.999178798589652,22.6591337012686,0.23472385860075,NaN,0.8,0,0.0100250626566416,0.860606333831485,-20,0,5.50711669262905
9,false_event_minus50,Additional false event at -50,10.5443272,0.0174578116632374,0.999098716324814,16.0355415467163,0.168425151786019,0,0.1,0.706439743901505,0.0050125313283208,0.860606333831485,0,0,5.31826027153423
9,compound_stress,Compound side-information stress,10.4603942,0.0172771179566177,0.999171875605709,16.2551543768594,0.170662750871922,10,0.1,0.7,0,2.15151583457871,10,0.305442176870748,1.63712841617879
10,fixed_huber,Huber fixed lambda 0.80,10.4946695,0.0163469418377905,0.999558028932411,23.5212716167656,0.242821893195299,NaN,0.8,0,0,NaN,NaN,NaN,NaN
10,noise_free_mutation_aligned,Noise-free mutation-aligned cue,10.5716067,0.0163469418377905,0.999523755923591,11.8929757340734,0.126538038332971,0,0.1,1.27892020650628,0,0.05,0,0,100
10,noisy_mutation_aligned,Noisy mutation-aligned cue,10.5082164,0.0163469418377905,0.999523755923591,14.5492694362135,0.152975444973141,0,0.1,0.7,0,1.14489733637769,0,0,4.29288921448157
10,delay_random_2_5,Random delay 2-5 frames,10.6106252,0.0163469418377905,0.999558028932411,14.8307981687989,0.155781316615741,3,0.1,0.714537117173897,0,1.14489733637769,3,0,4.39390926429339
10,noise_0p50,Noise sigma 0.50,10.594899,0.0163469418377905,0.999523755923591,14.5492694362135,0.152975444973141,0,0.1,0.7,0,2.8622433409442,0,0,1.67256693345363
10,noise_1p00,Noise sigma 1.00,10.5400573,0.0163469418377905,0.999558028932411,23.5212716167656,0.242821893195299,NaN,0.8,0,0,5.7244866818884,0,0,0.799126173110976
10,delay_10,Delay 10 frames,10.7132282,0.0163469418377905,0.999558028932411,18.435001469206,0.19226972327831,10,0.1,0.7,0,1.14489733637769,10,0,4.36788382636712
10,delay_20,Delay 20 frames,10.557898,0.0163469418377905,0.999558028932411,21.8565056769043,0.22608965426937,20,0.1,0.727148931151718,0,1.14489733637769,20,0,4.63570158774351
10,gain_0p25,Moderate attenuation (gain 0.25),10.5715483,0.0163469418377905,0.999523755923591,14.5492694362135,0.152975444973141,0,0.1,0.7,0,1.14489733637769,0,0,1.01748636319663
10,gain_0p10,Severe attenuation (gain 0.10),10.5716954,0.0163469418377905,0.999558028932411,23.5212716167656,0.242821893195299,NaN,0.8,0,0,1.14489733637769,0,0,0.362405792939647
10,random_noise_only,Random noise only,10.6222493,0.0163469418377905,0.999558028932411,23.5212716167656,0.242821893195299,NaN,0.8,0,0,1.14489733637769,NaN,0,NaN
10,constant,Constant signal,10.5421443,0.0163469418377905,0.999558028932411,23.5212716167656,0.242821893195299,NaN,0.8,0,0,0.05,NaN,0,NaN
10,missing_random_0p30,Random missing 30% with causal hold,10.5122827,0.0163469418377905,0.999523755923591,14.5492694362135,0.152975444973141,0,0.1,0.7,0,1.14489733637769,0,0.304761904761905,4.69295071053279
10,missing_random_0p50,Random missing 50% with causal hold,10.4251074,0.0163469418377905,0.999523755923591,14.5492694362135,0.152975444973141,0,0.1,0.7,0,1.14489733637769,0,0.483673469387755,4.69295071053279
10,missing_burst_20,Event burst missing 20 frames,10.463406,0.0163469418377905,0.999558028932411,23.5212716167656,0.242821893195299,NaN,0.8,0,0,1.14489733637769,0,0.0136054421768707,0
10,smooth_beta_0p90,Causal EWMA beta 0.90,10.651262,0.0163458274821967,0.999526279645123,8.85742857206374,0.096271504059821,0,0.1,1.73114756826175,0.0024390243902439,0.0605261505992577,0,0,8.27461884190228
10,smooth_beta_0p99,Causal EWMA beta 0.99,10.527954,0.0163469418377905,0.999558028932411,23.5212716167656,0.242821893195299,NaN,0.8,0,0,0.05,0,0,0.998048661470854
10,clock_lead_20,Clock lead 20 frames,10.578704,0.0166537180612349,0.999562241002446,23.4645993628912,0.242249120232401,NaN,0.8,0,0.0024390243902439,1.14489733637769,-20,0,4.66444770289293
10,false_event_minus50,Additional false event at -50,10.635988,0.0166595897025739,0.99951549492989,14.5459689551999,0.152944588316033,0,0.1,0.7,0.0024390243902439,1.14489733637769,0,0,4.29287363177769
10,compound_stress,Compound side-information stress,10.5215911,0.0163469418377905,0.999558028932411,23.5212716167656,0.242821893195299,NaN,0.8,0,0,2.8622433409442,10,0.304761904761905,0.87412078499653
11,fixed_huber,Huber fixed lambda 0.80,10.5272059,0.0169888039917043,0.998944867578709,22.9270576042503,0.237445748575043,NaN,0.8,0,0,NaN,NaN,NaN,NaN
11,noise_free_mutation_aligned,Noise-free mutation-aligned cue,10.534883,0.0169888039917043,0.998676317288796,11.6831966346854,0.124882415377783,0,0.1,1.27892020650628,0,0.05,0,0,100
11,noisy_mutation_aligned,Noisy mutation-aligned cue,10.5525078,0.0169898872227726,0.998682506762723,13.6833365854121,0.144874470412141,0,0.1,0.761650115350541,0.00172711571675302,0.880427653626511,0,0,6.03823292220755
11,delay_random_2_5,Random delay 2-5 frames,10.5451766,0.0169898872227726,0.998937434842554,14.1725497166235,0.149761795899453,3,0.1,0.725383581357711,0.00172711571675302,0.880427653626511,3,0,5.80966898945359
11,noise_0p50,Noise sigma 0.50,10.558123,0.0169898872227726,0.998693418813031,13.982461098653,0.147867332506155,0,0.1,0.7,0.00172711571675302,2.20106913406627,0,0,2.63079792440518
11,noise_1p00,Noise sigma 1.00,10.6003012,0.0169898872227726,0.998693418813031,13.982461098653,0.147867332506155,0,0.1,0.7,0.00172711571675302,4.40213826813256,0,0,1.49498625847105
11,delay_10,Delay 10 frames,10.5779432,0.0169898872227726,0.998937434842554,16.050858082991,0.168651732361471,10,0.1,0.762382493344816,0.00172711571675302,0.880427653626511,10,0,5.77309923502091
11,delay_20,Delay 20 frames,10.4976934,0.0169898872227726,0.998937434842554,20.9917486475089,0.218087898860902,20,0.1,0.770298715096925,0.00172711571675302,0.880427653626511,20,0,5.82342004973687
11,gain_0p25,Moderate attenuation (gain 0.25),10.5220577,0.0169898872227726,0.998693418813031,13.982461098653,0.147867332506155,0,0.1,0.7,0.00172711571675302,0.880427653626511,0,0,1.77893917495458
11,gain_0p10,Severe attenuation (gain 0.10),10.5641126,0.0169898872227726,0.998937434842554,22.951032266159,0.237683992837604,NaN,0.8,0,0.00172711571675302,0.880427653626511,0,0,0.927080425503987
11,random_noise_only,Random noise only,10.5668022,0.0169898872227726,0.998937434842554,22.951032266159,0.237683992837604,NaN,0.8,0,0.00172711571675302,0.880427653626511,NaN,0,NaN
11,constant,Constant signal,10.4726604,0.0169888039917043,0.998944867578709,22.9270576042503,0.237445748575043,NaN,0.8,0,0,0.05,NaN,0,NaN
11,missing_random_0p30,Random missing 30% with causal hold,10.5111796,0.0169888039917043,0.998692368589709,13.6676109342889,0.144719425769987,0,0.1,0.761650115350541,0,0.880427653626511,0,0.29047619047619,6.03823292220755
11,missing_random_0p50,Random missing 50% with causal hold,10.5500805,0.0169888039917043,0.998692309797046,13.1191567563202,0.139236724423512,0,0.1,0.883292964165171,0,0.880427653626511,0,0.501360544217687,6.01283823356605
11,missing_burst_20,Event burst missing 20 frames,10.5388815,0.0169898872227726,0.998937434842554,22.951032266159,0.237683992837604,NaN,0.8,0,0.00172711571675302,0.880427653626511,0,0.0136054421768707,0
11,smooth_beta_0p90,Causal EWMA beta 0.90,10.493128,0.0169888039917043,0.998537182361648,9.51284524623068,0.10318153087559,0,0.1,1.65003003458338,0,0.0724373871912228,0,0,7.31301112914616
11,smooth_beta_0p99,Causal EWMA beta 0.99,10.4787383,0.0169888039917043,0.998703133951665,13.9662448278048,0.147707761557929,0,0.1,0.7,0,0.05,0,0,1.05687419955615
11,clock_lead_20,Clock lead 20 frames,10.4893964,0.0174579031610472,0.998940174539239,22.8881921207114,0.237054745415536,NaN,0.8,0,0.00690846286701209,0.880427653626511,-20,0,5.94228093907169
11,false_event_minus50,Additional false event at -50,10.6357436,0.0170873649315402,0.998677608376744,13.6839964633938,0.144878973485765,0,0.1,0.761654422741464,0.00518134715025907,0.880427653626511,0,0,6.0382126586503
11,compound_stress,Compound side-information stress,10.5003916,0.0169888039917043,0.998944867578709,16.1795641163216,0.169946538439422,10,0.1,0.7,0,2.20106913406627,10,0.29047619047619,1.22985257128442
12,fixed_huber,Huber fixed lambda 0.80,10.5375924,0.0152653642942413,0.998574115418933,23.4702282038425,0.24312543894041,NaN,0.8,0,0,NaN,NaN,NaN,NaN
12,noise_free_mutation_aligned,Noise-free mutation-aligned cue,10.5994984,0.0152653642942413,0.99838286481834,11.5405968159019,0.124012072007479,0,0.1,1.27892020650628,0,0.05,0,0,100
12,noisy_mutation_aligned,Noisy mutation-aligned cue,10.4721756,0.0161327897473364,0.998328578129075,12.4005094753599,0.132484769618428,0,0.1,0.999251318952816,0.130841121495327,0.394712969567173,0,0,12.7535768922047
12,delay_random_2_5,Random delay 2-5 frames,10.4889294,0.0161327897473364,0.998545494938097,10.7601794185061,0.116101443907992,2,0.1,1.42284609955761,0.130841121495327,0.394712969567173,3,0,13.3683734622866
12,noise_0p50,Noise sigma 0.50,10.5960643,0.0161327897473364,0.998328578129075,12.5258916949558,0.133598856666769,0,0.1,1.15155836367267,0.130841121495327,0.986782423917952,0,0,5.15311723847272
12,noise_1p00,Noise sigma 1.00,10.5082652,0.0161327897473364,0.998328578129075,12.3220557160428,0.131505807470602,0,0.1,1.64828336833121,0.130841121495327,1.97356484783589,0,0,2.61963068722883
12,delay_10,Delay 10 frames,10.5712623,0.0161327897473364,0.998545494938097,14.2995094805471,0.151285514238982,2,0.1,1.36774124778742,0.130841121495327,0.394712969567173,10,0,12.7406439493039
12,delay_20,Delay 20 frames,10.4529545,0.0161327897473364,0.998545494938097,18.9696185455006,0.198003779154848,2,0.1,1.43812203448877,0.130841121495327,0.394712969567173,20,0,12.9725488363082
12,gain_0p25,Moderate attenuation (gain 0.25),10.493737,0.0161327897473364,0.998328578129075,12.4714859889006,0.132974992813122,0,0.1,1.40608683745381,0.130841121495327,0.394712969567173,0,0,3.25300232503985
12,gain_0p10,Severe attenuation (gain 0.10),10.4723614,0.0161327897473364,0.998530118736862,18.4499574017337,0.193102859204594,0,0.30063379592187,1.90636603410485,0.130841121495327,0.394712969567173,0,0,1.35288741160688
12,random_noise_only,Random noise only,10.5103048,0.0161327897473364,0.998545494938097,19.5257483856742,0.203869933320554,2,0.301394540246084,1.68564969533032,0.130841121495327,0.394712969567173,NaN,0,NaN
12,constant,Constant signal,10.4521931,0.0152653642942413,0.998574115418933,23.4702282038425,0.24312543894041,NaN,0.8,0,0,0.05,NaN,0,NaN
12,missing_random_0p30,Random missing 30% with causal hold,10.6735515,0.0161224773245721,0.998539594136977,13.1137066191892,0.139566061762853,2,0.1,0.858338738221683,0.0953271028037383,0.394712969567173,0,0.289115646258503,0
12,missing_random_0p50,Random missing 50% with causal hold,10.4753919,0.0152955936251523,0.998559815387861,12.587494245349,0.134312505122967,2,0.1,1.05696380186231,0.0635514018691589,0.394712969567173,0,0.506122448979592,0
12,missing_burst_20,Event burst missing 20 frames,10.4548111,0.0161327897473364,0.998545494938097,21.9671250081274,0.228285679143295,20,0.28220506452448,1.29051934667645,0.130841121495327,0.394712969567173,0,0.0136054421768707,0
12,smooth_beta_0p90,Causal EWMA beta 0.90,10.5274554,0.0157385153195373,0.998380299765052,8.68463727214943,0.0955018794497268,0,0.1,2.05282583435942,0.011214953271028,0.05,0,0,9.68604669890968
12,smooth_beta_0p99,Causal EWMA beta 0.99,10.6765664,0.0152653642942413,0.998574115418933,23.4702282038425,0.24312543894041,NaN,0.8,0,0,0.05,0,0,0.968196408794881
12,clock_lead_20,Clock lead 20 frames,10.527253,0.0168519216589531,0.998559555416955,23.1700099471329,0.240024999072067,2,0.756270234057105,0.146558190847817,0.14018691588785,0.394712969567173,-20,0,11.4984971161432
12,false_event_minus50,Additional false event at -50,10.5399006,0.0157420512080987,0.998362464363119,12.8208554841191,0.136680322674818,0,0.1,0.999256612153843,0.14392523364486,0.394712969567173,0,0,12.7535316932943
12,compound_stress,Compound side-information stress,10.5312701,0.0161224773245721,0.998539594136977,18.8665468707978,0.197171845948928,13,0.243504825738169,1.28719244411784,0.0953271028037383,0.986782423917952,10,0.289115646258503,0
13,fixed_huber,Huber fixed lambda 0.80,10.5448871,0.0171219160910914,1.00021438923416,24.3092049227191,0.25160515365124,NaN,0.8,0,0,NaN,NaN,NaN,NaN
13,noise_free_mutation_aligned,Noise-free mutation-aligned cue,10.4901059,0.0171219160910914,0.999323323104838,12.2262921730237,0.130804165847963,0,0.1,1.27892020650628,0,0.05,0,0,100
13,noisy_mutation_aligned,Noisy mutation-aligned cue,10.5179558,0.0171310849317775,0.999487442057123,14.0808047113918,0.149311392575722,0,0.1,0.838119257070928,0.020501138952164,0.631838428174407,0,0,8.0215549098755
13,delay_random_2_5,Random delay 2-5 frames,10.7122559,0.0171310849317775,1.0002242449181,15.0077401278142,0.158606386726089,5,0.1,0.867994762714616,0.020501138952164,0.631838428174407,5,0,7.38072412173107
13,noise_0p50,Noise sigma 0.50,10.5242603,0.0171310849317775,0.999597995246963,14.7436220717373,0.155902767092642,0,0.1,0.720570805341495,0.020501138952164,1.57959607043602,0,0,3.27350562033164
13,noise_1p00,Noise sigma 1.00,10.5489663,0.0171310849317775,0.99961852249578,14.8542283198421,0.157112168072904,0,0.1,0.7,0.020501138952164,3.15919214087203,0,0,1.69082252381702
13,delay_10,Delay 10 frames,10.6164567,0.0171310849317775,1.0002242449181,16.915509013484,0.177593368408009,10,0.1,0.806351977220011,0.020501138952164,0.631838428174407,10,0,7.29173813709039
13,delay_20,Delay 20 frames,10.4634463,0.0171310849317775,1.0002242449181,21.9456009570227,0.227844159154945,20,0.1,0.7989640430062,0.020501138952164,0.631838428174407,20,0,7.30313793080452
13,gain_0p25,Moderate attenuation (gain 0.25),10.4984968,0.0171310849317775,0.99961852249578,14.8542283198421,0.156997771860946,0,0.1,0.7,0.020501138952164,0.631838428174407,0,0,2.08649329794568
13,gain_0p10,Severe attenuation (gain 0.10),10.7274242,0.0171310849317775,1.0002242449181,24.2903324319318,0.251767446614178,NaN,0.8,0,0.020501138952164,0.631838428174407,0,0,0.899480975559711
13,random_noise_only,Random noise only,10.5536338,0.0171310849317775,1.0002242449181,24.2903324319318,0.251768001764578,NaN,0.8,0,0.020501138952164,0.631838428174407,NaN,0,NaN
13,constant,Constant signal,10.5322888,0.0171219160910914,1.00021438923416,24.3092049227191,0.25160515365124,NaN,0.8,0,0,0.05,NaN,0,NaN
13,missing_random_0p30,Random missing 30% with causal hold,10.4156553,0.0172381972602791,0.999420096075536,13.2067736461792,0.140603368524967,0,0.1,0.990568377781881,0.0182232346241458,0.631838428174407,0,0.312925170068027,8.0215549098755
13,missing_random_0p50,Random missing 50% with causal hold,10.5765127,0.0171203012424004,0.999636261696727,12.755396513487,0.136091226788485,0,0.1,1.07706873639544,0.00911161731207289,0.631838428174407,0,0.507482993197279,8.37104230485698
13,missing_burst_20,Event burst missing 20 frames,10.5110075,0.0171310849317775,1.0002242449181,24.2903324319318,0.251772931136777,NaN,0.8,0,0.020501138952164,0.631838428174407,0,0.0136054421768707,0
13,smooth_beta_0p90,Causal EWMA beta 0.90,10.5606533,0.0171565363170804,0.999286171310622,9.49715142747144,0.103517796215112,0,0.1,1.79840489310838,0.00455580865603645,0.0597495204666452,0,0,8.47598587855151
13,smooth_beta_0p99,Causal EWMA beta 0.99,10.5117512,0.0171219160910914,1.00021438923416,24.3092049227191,0.25160515365124,NaN,0.8,0,0,0.05,0,0,0.998834077637163
13,clock_lead_20,Clock lead 20 frames,10.5161626,0.0175002996659504,1.00021294116178,24.2554764748195,0.251030802421887,NaN,0.8,0,0.0250569476082005,0.631838428174407,-20,0,7.9021662867679
13,false_event_minus50,Additional false event at -50,10.5483715,0.0173126779517522,0.999778206576609,15.3235221480183,0.161765998861196,0,0.131494479478956,0.800416607266273,0.0318906605922551,0.631838428174407,0,0,8.02152667386552
13,compound_stress,Compound side-information stress,10.4403317,0.0172381972602791,1.00021058908756,24.2923650434734,0.251432511592552,NaN,0.8,0,0.0182232346241458,1.57959607043602,10,0.312925170068027,0.961005751031911
14,fixed_huber,Huber fixed lambda 0.80,10.6307038,0.0158387790012224,1.00040095565102,24.7691015668171,0.256089291378636,NaN,0.8,0,0,NaN,NaN,NaN,NaN
14,noise_free_mutation_aligned,Noise-free mutation-aligned cue,10.4461491,0.0158387790012224,0.999986125420065,13.1852906136971,0.139763288322039,0,0.1,1.27892020650628,0,0.05,0,0,100
14,noisy_mutation_aligned,Noisy mutation-aligned cue,10.4996746,0.0158856274974541,0.99998582021264,14.7691722781815,0.155579163375199,0,0.1,0.892250610994564,0.0473933649289099,0.623892753180789,0,0,8.15477712364939
14,delay_random_2_5,Random delay 2-5 frames,10.5120821,0.0158856274974541,1.0001548216325,15.6543967973897,0.164348102433778,5,0.1,0.819439674119975,0.0473933649289099,0.623892753180789,5,0,8.45760894097332
14,noise_0p50,Noise sigma 0.50,10.4648546,0.0158856274974541,0.999985438199586,15.3673745672729,0.16152316168208,0,0.1,0.804727210923742,0.0473933649289099,1.55973188295197,0,0,3.34625837630844
14,noise_1p00,Noise sigma 1.00,10.5061539,0.0158856274974541,0.999985438199586,15.4611442627659,0.162421372308283,0,0.1,0.788637034573579,0.0473933649289099,3.11946376590394,0,0,1.74341879386143
14,delay_10,Delay 10 frames,10.588267,0.0158856274974541,1.0001548216325,16.2891804974244,0.17131635457913,10,0.1,0.845766417866485,0.0473933649289099,0.623892753180789,10,0,8.19517917267133
14,delay_20,Delay 20 frames,10.4847966,0.0158856274974541,1.0004227221939,22.2003342863985,0.23044253497598,20,0.1,0.811498358281791,0.0473933649289099,0.623892753180789,20,0,7.74117793145833
14,gain_0p25,Moderate attenuation (gain 0.25),10.6969349,0.0158856274974541,0.999985438199586,15.4156176411825,0.161980372151643,0,0.1,0.796888312117566,0.0473933649289099,0.623892753180789,0,0,2.14412868947318
14,gain_0p10,Severe attenuation (gain 0.10),10.5652397,0.0158856274974541,1.0004227221939,24.857755012481,0.256883731291202,NaN,0.8,0,0.0473933649289099,0.623892753180789,0,0,0.941999002637933
14,random_noise_only,Random noise only,10.5730317,0.0158856274974541,1.0004227221939,24.857755012481,0.256885206338091,NaN,0.8,0,0.0473933649289099,0.623892753180789,NaN,0,NaN
14,constant,Constant signal,10.6467784,0.0158387790012224,1.00040095565102,24.7691015668171,0.256089291378636,NaN,0.8,0,0,0.05,NaN,0,NaN
14,missing_random_0p30,Random missing 30% with causal hold,10.6261966,0.0158477156978691,1.00010463237991,15.7270533382629,0.165122435736221,2,0.1,0.797022406446688,0.0315955766192733,0.623892753180789,0,0.306802721088435,0
14,missing_random_0p50,Random missing 50% with causal hold,10.6043846,0.0161049589126892,1.00010400581061,15.3701108675057,0.161569146852502,2,0.1,0.797022406446688,0.018957345971564,0.623892753180789,0,0.495238095238095,0
14,missing_burst_20,Event burst missing 20 frames,10.5821984,0.0158856274974541,1.0004227221939,24.857755012481,0.256897164119666,NaN,0.8,0,0.0473933649289099,0.623892753180789,0,0.0136054421768707,0
14,smooth_beta_0p90,Causal EWMA beta 0.90,10.5044514,0.0159175003138018,0.999992329131606,10.6119750901077,0.114081464569411,0,0.1,1.95068108819551,0.0173775671406003,0.05,0,0,10.4646713721277
14,smooth_beta_0p99,Causal EWMA beta 0.99,10.526691,0.0158387790012224,1.00000978433945,17.1160425967686,0.179006959756465,0,0.1,0.7,0,0.05,0,0,1.04812456117198
14,clock_lead_20,Clock lead 20 frames,10.6336675,0.0161590551236694,1.00041446035408,25.0918629899975,0.259310748656764,NaN,0.8,0,0.0505529225908373,0.623892753180789,-20,0,7.94999117362342
14,false_event_minus50,Additional false event at -50,10.4696043,0.01643516508871,0.999990485451336,14.9161802391823,0.157032599866587,0,0.1,0.89225541208915,0.0552922590837283,0.623892753180789,0,0,8.15474852803569
14,compound_stress,Compound side-information stress,10.4941049,0.0158477156978691,1.00042573266546,24.6927858080107,0.255305398854655,11,0.761084124118541,0.0389158758814593,0.0315955766192733,1.55973188295197,10,0.306802721088435,0
15,fixed_huber,Huber fixed lambda 0.80,10.6065603,0.0168764336156928,0.998635445685612,22.1672608228739,0.229677547589194,NaN,0.8,0,0,NaN,NaN,NaN,NaN
15,noise_free_mutation_aligned,Noise-free mutation-aligned cue,10.4895178,0.0168764336156928,0.997679198918377,10.9049096615149,0.117049248264299,0,0.1,1.27892020650628,0,0.05,0,0,100
15,noisy_mutation_aligned,Noisy mutation-aligned cue,10.4742952,0.0168783263733267,0.997676660732973,12.9382889944384,0.137400184245271,0,0.1,0.75060127323221,0.00140646976090014,0.922873850789535,0,0,4.96617980156116
15,delay_random_2_5,Random delay 2-5 frames,10.5523579,0.0168783263733267,0.998635788415653,13.3216133405638,0.141275774011416,5,0.1,0.830584716906285,0.00140646976090014,0.922873850789535,5,0,5.2935430416839
15,noise_0p50,Noise sigma 0.50,10.4637233,0.0168783263733267,0.997676660732973,13.1059985117708,0.1390691993373,0,0.1,0.77738862233504,0.00140646976090014,2.30718462697383,0,0,1.71546466055523
15,noise_1p00,Noise sigma 1.00,10.4989191,0.0168783263733267,0.998635788415653,22.1806666048793,0.229752765978556,45,0.1,0.7,0.00140646976090014,4.61436925394765,0,0,0.631892946886574
15,delay_10,Delay 10 frames,10.4754797,0.0168783263733267,0.998635788415653,15.4949956223855,0.162985621184579,10,0.1,0.719160580247208,0.00140646976090014,0.922873850789535,10,0,4.63849313836976
15,delay_20,Delay 20 frames,10.4890859,0.0168783263733267,0.998635788415653,20.6085100953504,0.214084551223372,20,0.1,0.766150057784857,0.00140646976090014,0.922873850789535,20,0,5.51643392169301
15,gain_0p25,Moderate attenuation (gain 0.25),10.6976352,0.0168783263733267,0.998635788415653,22.1806666048793,0.229752765978556,45,0.1,0.7,0.00140646976090014,0.922873850789535,0,0,0.902785875303732
15,gain_0p10,Severe attenuation (gain 0.10),10.5512537,0.0168783263733267,0.998635788415653,22.1806666048793,0.229752765978556,45,0.1,0.7,0.00140646976090014,0.922873850789535,0,0,0.0901070900522462
15,random_noise_only,Random noise only,10.4270149,0.0168783263733267,0.998635788415653,22.1806666048793,0.229752765978556,45,0.1,0.7,0.00140646976090014,0.922873850789535,NaN,0,NaN
15,constant,Constant signal,10.5530572,0.0168764336156928,0.998635445685612,22.1672608228739,0.229677547589194,NaN,0.8,0,0,0.05,NaN,0,NaN
15,missing_random_0p30,Random missing 30% with causal hold,10.5356652,0.0168764336156928,0.997679198918377,12.7535492554406,0.135552769969856,0,0.1,0.789820810318479,0,0.922873850789535,0,0.30952380952381,4.89660157209654
15,missing_random_0p50,Random missing 50% with causal hold,10.5511712,0.0168764336156928,0.997679198918377,10.5335769999113,0.113315547221597,0,0.1,1.23484959643546,0,0.922873850789535,0,0.506802721088435,4.89660157209654
15,missing_burst_20,Event burst missing 20 frames,10.6560762,0.0168783263733267,0.998635788415653,22.1806666048793,0.229752765978556,45,0.1,0.7,0.00140646976090014,0.922873850789535,0,0.0136054421768707,0
15,smooth_beta_0p90,Causal EWMA beta 0.90,10.4517964,0.0168770595892898,0.997679098163239,8.90611085626303,0.0970600228425891,0,0.1,1.78820089656029,0.00140646976090014,0.0692121270912899,0,0,6.75730585772915
15,smooth_beta_0p99,Causal EWMA beta 0.99,10.5589741,0.0168764336156928,0.998635445685612,22.1672608228739,0.229677547589194,NaN,0.8,0,0,0.05,0,0,0.941579643020027
15,clock_lead_20,Clock lead 20 frames,10.4706149,0.017096043038975,0.998644196047059,22.1158192021412,0.229160982444291,45,0.786717220587618,0.0132827794123818,0.00421940928270042,0.922873850789535,-20,0,5.11130447815369
15,false_event_minus50,Additional false event at -50,10.4575874,0.0168022815258291,0.9981869763989,15.3626317984691,0.161676851993236,0,0.18219695382599,0.662456806908172,0.00421940928270042,0.922873850789535,0,0,4.9661604699958
15,compound_stress,Compound side-information stress,10.5670835,0.0168764336156928,0.998635445685612,22.1672608228739,0.229677547589194,NaN,0.8,0,0,2.30718462697383,10,0.30952380952381,0
16,fixed_huber,Huber fixed lambda 0.80,10.5437538,0.0150687035413461,0.9985228954562,21.2218543364697,0.220041982950081,NaN,0.8,0,0,NaN,NaN,NaN,NaN
16,noise_free_mutation_aligned,Noise-free mutation-aligned cue,10.5767836,0.0150687035413461,0.99838193209556,10.4768129760835,0.112571770554646,0,0.1,1.27892020650628,0,0.05,0,0,100
16,noisy_mutation_aligned,Noisy mutation-aligned cue,10.5219625,0.0150687035413461,0.99838193209556,12.5269494382652,0.133068687546488,0,0.1,0.732214537378963,0,0.80557971206882,0,0,6.30828810152857
16,delay_random_2_5,Random delay 2-5 frames,10.5156456,0.0150687035413461,0.9985228954562,13.159115913272,0.139370211818912,4,0.1,0.73647197050867,0,0.80557971206882,4,0,5.87248780830046
16,noise_0p50,Noise sigma 0.50,10.5685727,0.0150687035413461,0.99838193209556,12.689468188151,0.134691898619078,0,0.1,0.7,0,2.01394928017206,0,0,2.58426184434334
16,noise_1p00,Noise sigma 1.00,10.6135813,0.0150687035413461,0.99838193209556,12.689468188151,0.134691898619078,0,0.1,0.7,0,4.02789856034411,0,0,1.34291975861494
16,delay_10,Delay 10 frames,10.627862,0.0150687035413461,0.9985228954562,14.7828576418742,0.155673677596805,10,0.1,0.769117905573318,0,0.80557971206882,10,0,6.56317833645939
16,delay_20,Delay 20 frames,10.6446931,0.0150687035413461,0.9985228954562,20.2342402318619,0.210170651607359,20,0.1,0.746375173902321,0,0.80557971206882,20,0,5.95021300611622
16,gain_0p25,Moderate attenuation (gain 0.25),10.5889918,0.0150687035413461,0.99838193209556,12.689468188151,0.134691898619078,0,0.1,0.7,0,0.80557971206882,0,0,1.65325528004704
16,gain_0p10,Severe attenuation (gain 0.10),10.5046897,0.0150687035413461,0.9985228954562,21.2218543364697,0.220041982950081,NaN,0.8,0,0,0.80557971206882,0,0,0.722248715750738
16,random_noise_only,Random noise only,10.5024919,0.0150687035413461,0.9985228954562,21.2218543364697,0.220041982950081,NaN,0.8,0,0,0.80557971206882,NaN,0,NaN
16,constant,Constant signal,10.6369667,0.0150687035413461,0.9985228954562,21.2218543364697,0.220041982950081,NaN,0.8,0,0,0.05,NaN,0,NaN
16,missing_random_0p30,Random missing 30% with causal hold,10.4618694,0.0150697050851101,0.998525205747558,12.5228514053963,0.133027444529957,1,0.1,0.753694336651136,0.00169779286926995,0.80557971206882,0,0.307482993197279,0
16,missing_random_0p50,Random missing 50% with causal hold,10.5463978,0.0150697050851101,0.998525205747558,13.7803255779334,0.145590488409914,6,0.1,0.7,0.00169779286926995,0.80557971206882,0,0.512244897959184,0
16,missing_burst_20,Event burst missing 20 frames,10.4033583,0.0150687035413461,0.9985228954562,21.2218543364697,0.220041982950081,NaN,0.8,0,0,0.80557971206882,0,0.0136054421768707,0
16,smooth_beta_0p90,Causal EWMA beta 0.90,10.513209,0.0156212854546138,0.998366748108337,7.62427957876148,0.0840801014124725,0,0.1,1.98101467800218,0.00509337860780985,0.0541092526864686,0,0,8.99984138165861
16,smooth_beta_0p99,Causal EWMA beta 0.99,10.5271337,0.0150687035413461,0.9985228954562,21.2218543364697,0.220041982950081,NaN,0.8,0,0,0.05,0,0,0.97827912605073
16,clock_lead_20,Clock lead 20 frames,10.6824624,0.015643825607709,0.998518702920569,21.1688194163573,0.219513725456136,NaN,0.8,0,0.00509337860780985,0.80557971206882,-20,0,6.00643330892248
16,false_event_minus50,Additional false event at -50,10.5369908,0.0155897479739175,0.998382557722705,12.5286144048083,0.13308374496509,0,0.1,0.732218882968241,0.0067911714770798,0.80557971206882,0,0,6.30826595524573
16,compound_stress,Compound side-information stress,10.6799962,0.0150697050851101,0.998525205747558,14.8968769405257,0.156810895104135,10,0.1,0.7,0.00169779286926995,2.01394928017206,10,0.307482993197279,1.52590772328979
17,fixed_huber,Huber fixed lambda 0.80,10.3982109,0.0162402202562914,1.00017699060515,23.3832842577402,0.241941400025558,NaN,0.8,0,0,NaN,NaN,NaN,NaN
17,noise_free_mutation_aligned,Noise-free mutation-aligned cue,10.4914872,0.0162402202562914,1.00013125408038,12.5709810867653,0.134190365617278,0,0.1,1.27892020650628,0,0.05,0,0,100
17,noisy_mutation_aligned,Noisy mutation-aligned cue,10.5412365,0.0162413374818538,1.00013671448536,14.4078437404375,0.152420815009279,0,0.1,0.791716578907171,0.00337268128161889,0.849193355820667,0,0,6.40682281741415
17,delay_random_2_5,Random delay 2-5 frames,10.4420574,0.0162413374818538,1.00018233025936,14.5677824813635,0.1539663232855,2,0.1,0.761283860241251,0.00337268128161889,0.849193355820667,2,0,5.6995490366438
17,noise_0p50,Noise sigma 0.50,10.5514629,0.0162413374818538,1.0001357684043,14.8432694198256,0.156747046781873,0,0.1,0.7,0.00337268128161889,2.12298338955168,0,0,2.87405848354723
17,noise_1p00,Noise sigma 1.00,10.434332,0.0162413374818538,1.0001357684043,14.8432694198256,0.156747046781873,0,0.1,0.7,0.00337268128161889,4.24596677910336,0,0,1.69647037225827
17,delay_10,Delay 10 frames,10.5537151,0.0162413374818538,1.00018233025936,16.4469894815217,0.172612455339443,10,0.1,0.7,0.00337268128161889,0.849193355820667,10,0,5.67092389817619
17,delay_20,Delay 20 frames,10.5129464,0.0162413374818538,1.00018233025936,21.4384099945157,0.222582934377929,20,0.1,0.701542084404464,0.00337268128161889,0.849193355820667,20,0,5.50218663634651
17,gain_0p25,Moderate attenuation (gain 0.25),10.6162014,0.0162413374818538,1.0001357684043,14.8432694198256,0.156747046781873,0,0.1,0.7,0.00337268128161889,0.849193355820667,0,0,1.99086740008052
17,gain_0p10,Severe attenuation (gain 0.10),10.5736571,0.0162413374818538,1.0001357684043,14.8432694198256,0.156747046781873,0,0.1,0.7,0.00337268128161889,0.849193355820667,0,0,1.1076763166138
17,random_noise_only,Random noise only,10.4599306,0.0162413374818538,1.00018233025936,23.3874225905536,0.241982730331909,NaN,0.8,0,0.00337268128161889,0.849193355820667,NaN,0,NaN
17,constant,Constant signal,10.5292267,0.0162402202562914,1.00017699060515,23.3832842577402,0.241941400025558,NaN,0.8,0,0,0.05,NaN,0,NaN
17,missing_random_0p30,Random missing 30% with causal hold,10.5753004,0.0162415487812217,1.00013187204303,13.6811155103207,0.145187232774625,0,0.1,0.921497949202427,0.00168634064080944,0.849193355820667,0,0.28843537414966,6.40682281741415
17,missing_random_0p50,Random missing 50% with causal hold,10.6082152,0.0162402202562914,1.00012936637906,13.6810332233833,0.145185647364044,0,0.1,0.921497949202427,0,0.849193355820667,0,0.508843537414966,6.40682281741415
17,missing_burst_20,Event burst missing 20 frames,10.4729993,0.0162413374818538,1.00018233025936,23.3874225905536,0.241982730331909,NaN,0.8,0,0.00337268128161889,0.849193355820667,0,0.0136054421768707,0
17,smooth_beta_0p90,Causal EWMA beta 0.90,10.5134336,0.0162401981885138,1.00014102815759,10.7915751631323,0.116397073544292,0,0.1,1.69084946441823,0.00168634064080944,0.0629517053734572,0,0,8.32521216023048
17,smooth_beta_0p99,Causal EWMA beta 0.99,10.5507378,0.0162402202562914,1.00012936637906,14.8433260852565,0.156747595047455,0,0.1,0.7,0,0.05,0,0,1.05337723767793
17,clock_lead_20,Clock lead 20 frames,10.4904823,0.0166626231910085,1.00018365872369,23.3276716800992,0.241385329301359,NaN,0.8,0,0.00843170320404722,0.849193355820667,-20,0,5.27086404303918
17,false_event_minus50,Additional false event at -50,10.4562298,0.0163956749859042,1.00013901766584,14.4229479874174,0.152573244843627,0,0.1,0.791720856843997,0.00843170320404722,0.849193355820667,0,0,6.40680180854022
17,compound_stress,Compound side-information stress,10.5217488,0.0162415487812217,1.00017882229036,23.3851298492296,0.241960692214161,NaN,0.8,0,0.00168634064080944,2.12298338955168,10,0.28843537414966,0.960571453020307
18,fixed_huber,Huber fixed lambda 0.80,10.4640831,0.0162228246739161,1.00039236976509,24.8906873411102,0.257646974151161,NaN,0.8,0,0,NaN,NaN,NaN,NaN
18,noise_free_mutation_aligned,Noise-free mutation-aligned cue,10.4004079,0.0162228246739161,1.0004369290134,14.2411159535056,0.150167784914596,0,0.1,1.27892020650628,0,0.05,0,0,100
18,noisy_mutation_aligned,Noisy mutation-aligned cue,10.4503124,0.0172558614983466,1.00044902120146,15.2989061646168,0.160842154614565,0,0.1,0.833518562180132,0.0119363395225464,0.703354568615962,0,0,7.64333362857364
18,delay_random_2_5,Random delay 2-5 frames,10.5840431,0.0172558614983466,1.00039439877065,15.7198205437922,0.165944119611088,4,0.1,0.806420826121838,0.0119363395225464,0.703354568615962,4,0,7.65007232089447
18,noise_0p50,Noise sigma 0.50,10.3581215,0.0172558614983466,1.00044902120146,16.0430365872376,0.168371879669163,0,0.1,0.7,0.0119363395225464,1.7583864215399,0,0,3.37805956359771
18,noise_1p00,Noise sigma 1.00,10.5569435,0.0172558614983466,1.00044902120146,16.0430365872376,0.168371879669163,0,0.1,0.7,0.0119363395225464,3.51677284307981,0,0,1.95630154193906
18,delay_10,Delay 10 frames,10.5223369,0.0172558614983466,1.00039439877065,17.0630545164597,0.179445372290448,10,0.1,0.749093600545503,0.0119363395225464,0.703354568615962,10,0,7.04420988230997
18,delay_20,Delay 20 frames,10.3954805,0.0172558614983466,1.00039439877065,21.7421222339046,0.22613662745052,20,0.1,0.767191056158684,0.0119363395225464,0.703354568615962,20,0,6.7801985252203
18,gain_0p25,Moderate attenuation (gain 0.25),10.5292835,0.0172558614983466,1.00044902120146,16.0430365872376,0.168371879669163,0,0.1,0.7,0.0119363395225464,0.703354568615962,0,0,2.31174104735372
18,gain_0p10,Severe attenuation (gain 0.10),10.5305039,0.0172558614983466,1.00044902120146,16.0430365872376,0.168371879669163,0,0.1,0.7,0.0119363395225464,0.703354568615962,0,0,1.24542253110974
18,random_noise_only,Random noise only,10.5348116,0.0172558614983466,1.00039439877065,23.9394074029282,0.248133736114114,NaN,0.8,0,0.0119363395225464,0.703354568615962,NaN,0,NaN
18,constant,Constant signal,10.5111345,0.0162228246739161,1.00039236976509,24.8906873411102,0.257646974151161,NaN,0.8,0,0,0.05,NaN,0,NaN
18,missing_random_0p30,Random missing 30% with causal hold,10.5122316,0.0166308322523001,1.00045650109522,13.5708951649731,0.143594312496184,0,0.1,1.1508843351815,0.0106100795755968,0.703354568615962,0,0.305442176870748,6.80984429882669
18,missing_random_0p50,Random missing 50% with causal hold,10.5007838,0.016219978935289,1.00044604389389,14.2814265939432,0.150585117567317,0,0.1,1.14474091479354,0.00530503978779841,0.703354568615962,0,0.496598639455782,6.80984429882669
18,missing_burst_20,Event burst missing 20 frames,10.5447733,0.0172558614983466,1.00039439877065,23.9394074029282,0.248133736114114,NaN,0.8,0,0.0119363395225464,0.703354568615962,0,0.0136054421768707,0
18,smooth_beta_0p90,Causal EWMA beta 0.90,10.383018,0.0162298728322255,1.00043606569472,11.4182813624821,0.122073671982262,0,0.1,1.59727043948883,0.0013262599469496,0.0631832995629299,0,0,8.28308546594711
18,smooth_beta_0p99,Causal EWMA beta 0.99,10.5947052,0.0162228246739161,1.0004369290134,17.1662465333379,0.179597115418313,0,0.1,0.7,0,0.05,0,0,1.04355985555237
18,clock_lead_20,Clock lead 20 frames,10.5317683,0.0168681086893325,1.00039546489549,24.8275554283847,0.257018877757533,NaN,0.8,0,0.0145888594164456,0.703354568615962,-20,0,6.98371638985413
18,false_event_minus50,Additional false event at -50,10.5771397,0.0163557872027077,1.00044778876724,16.2625334260696,0.170590329944903,0,0.1,0.833524297328045,0.0159151193633952,0.703354568615962,0,0,7.64330826356294
18,compound_stress,Compound side-information stress,10.5196468,0.0166308322523001,1.00040147773098,17.2132202240791,0.180944581100006,10,0.1,0.7,0.0106100795755968,1.7583864215399,10,0.305442176870748,1.52476212812174
19,fixed_huber,Huber fixed lambda 0.80,10.6116919,0.0164841891400191,0.999462332895967,25.1968833039408,0.259934985452621,NaN,0.8,0,0,NaN,NaN,NaN,NaN
19,noise_free_mutation_aligned,Noise-free mutation-aligned cue,10.47931,0.0164841891400191,0.999291124857926,13.6415739249018,0.144674148711043,0,0.1,1.27892020650628,0,0.05,0,0,100
19,noisy_mutation_aligned,Noisy mutation-aligned cue,10.5492381,0.0164815366493036,0.999285237740267,15.429987054888,0.162333330723613,0,0.1,0.799202875441088,0.0108499095840868,0.755124452161335,0,0,6.31059362337889
19,delay_random_2_5,Random delay 2-5 frames,10.5707937,0.0164815366493036,0.999390802564303,15.7503050020172,0.16563748192905,4,0.1,0.808263078690964,0.0108499095840868,0.755124452161335,4,0,6.39271489304845
19,noise_0p50,Noise sigma 0.50,10.5659689,0.0164815366493036,0.999285237740267,16.0660798109493,0.168601914587968,0,0.1,0.7,0.0108499095840868,1.88781113040335,0,0,2.33773856430441
19,noise_1p00,Noise sigma 1.00,10.5420211,0.0164815366493036,0.999380021783473,23.4752780419772,0.242715663038221,0,0.578216563026994,0.221783436973006,0.0108499095840868,3.77562226080668,0,0,1.01345354461293
19,delay_10,Delay 10 frames,10.4439429,0.0164815366493036,0.999457073989,17.4436480396313,0.182427510693914,10,0.1,0.769724199267135,0.0108499095840868,0.755124452161335,10,0,5.94760308692466
19,delay_20,Delay 20 frames,10.4710687,0.0164815366493036,0.999457073989,22.777646364341,0.235990020484222,20,0.1,0.798089626070304,0.0108499095840868,0.755124452161335,20,0,6.62598136127272
19,gain_0p25,Moderate attenuation (gain 0.25),10.5138457,0.0164815366493036,0.999285237740267,16.0660798109493,0.168601914587968,0,0.1,0.7,0.0108499095840868,0.755124452161335,0,0,1.3445247995358
19,gain_0p10,Severe attenuation (gain 0.10),10.4711963,0.0164815366493036,0.999457073989,25.1631847737111,0.25959197429659,NaN,0.8,0,0.0108499095840868,0.755124452161335,0,0,0.351311034767181
19,random_noise_only,Random noise only,10.5687141,0.0164815366493036,0.999457073989,25.1631847737111,0.25959197429659,NaN,0.8,0,0.0108499095840868,0.755124452161335,NaN,0,NaN
19,constant,Constant signal,10.5755718,0.0164841891400191,0.999462332895967,25.1968833039408,0.259934985452621,NaN,0.8,0,0,0.05,NaN,0,NaN
19,missing_random_0p30,Random missing 30% with causal hold,10.5387423,0.0164873239632008,0.999289304382526,15.4567854832113,0.16259052155604,0,0.1,0.799202875441088,0.0108499095840868,0.755124452161335,0,0.302721088435374,6.31059362337889
19,missing_random_0p50,Random missing 50% with causal hold,10.5667369,0.0164841891400191,0.999291124857926,14.7576974821828,0.155745298744593,0,0.1,0.939222828341497,0,0.755124452161335,0,0.503401360544218,5.91796248467059
19,missing_burst_20,Event burst missing 20 frames,10.5508175,0.0164815366493036,0.999457073989,25.1631847737111,0.25959197429659,NaN,0.8,0,0.0108499095840868,0.755124452161335,0,0.0136054421768707,0
19,smooth_beta_0p90,Causal EWMA beta 0.90,10.5174161,0.0164841891400191,0.999291124857926,12.0826263582626,0.129142160423394,0,0.1,1.53179289825895,0,0.0850348179445803,0,0,5.65895106483741
19,smooth_beta_0p99,Causal EWMA beta 0.99,10.5607277,0.0164841891400191,0.999462332895967,25.1968833039408,0.259934985452621,NaN,0.8,0,0,0.05,0,0,0.965600518312257
19,clock_lead_20,Clock lead 20 frames,10.503547,0.0164986720793215,0.999458309426906,25.1647699085313,0.259608152809841,NaN,0.8,0,0.0180831826401447,0.755124452161335,-20,0,6.96827324995312
19,false_event_minus50,Additional false event at -50,10.4334352,0.016834530063263,0.999298522533025,16.9531581612242,0.177467361789151,0,0.133378581368842,0.761097368106269,0.0162748643761302,0.755124452161335,0,0,6.31056999734465
19,compound_stress,Compound side-information stress,10.5156722,0.0164873239632007,0.999462208405794,25.1939484041179,0.259903325523488,NaN,0.8,0,0.0108499095840868,1.88781113040335,10,0.302721088435374,0.650463008158698
20,fixed_huber,Huber fixed lambda 0.80,10.5644931,0.0159958418120257,0.999874890164365,25.1131854341575,0.25931414596279,NaN,0.8,0,0,NaN,NaN,NaN,NaN
20,noise_free_mutation_aligned,Noise-free mutation-aligned cue,10.5892675,0.0159958418120257,0.999474098090649,13.0654636101331,0.138701289335097,0,0.1,1.27892020650628,0,0.05,0,0,100
20,noisy_mutation_aligned,Noisy mutation-aligned cue,10.5297879,0.0170181757807377,0.999493590937457,14.5346346826081,0.153617576831898,0,0.1,0.895271317978781,0.0433526011560694,0.574039186326835,0,0,8.60314954703951
20,delay_random_2_5,Random delay 2-5 frames,10.4694726,0.0170181757807377,0.999863012164767,15.6005669419272,0.164351225878912,5,0.1,0.836781228538149,0.0433526011560694,0.574039186326835,5,0,8.41529563733451
20,noise_0p50,Noise sigma 0.50,10.6433567,0.0170181757807377,0.999493590937457,15.0883625808731,0.159241469317805,0,0.1,0.892910094929027,0.0433526011560694,1.4350979658171,0,0,3.37702549234488
20,noise_1p00,Noise sigma 1.00,10.6358479,0.0170181757807377,0.999493590937457,15.2944201332329,0.16133661836103,0,0.1,1.22602592392423,0.0433526011560694,2.87019593163418,0,0,1.63498414078002
20,delay_10,Delay 10 frames,10.6058985,0.0170181757807377,0.999863012164767,17.1695602157453,0.179786048346445,10,0.1,0.968820142872175,0.0433526011560694,0.574039186326835,10,0,8.96168605618706
20,delay_20,Delay 20 frames,10.5454378,0.0170181757807377,0.999863012164767,21.8403674871707,0.226463449314885,19,0.1,1.26765199734769,0.0433526011560694,0.574039186326835,20,0,9.48113815454138
20,gain_0p25,Moderate attenuation (gain 0.25),10.5201009,0.0170181757807377,0.999493590937457,15.181358903667,0.160188310772458,0,0.1,1.03992704144266,0.0433526011560694,0.574039186326835,0,0,2.07049447867124
20,gain_0p10,Severe attenuation (gain 0.10),10.6185485,0.0170181757807377,0.999863012164767,23.6069965983187,0.244162808515141,19,0.407688906384262,0.695020478116848,0.0433526011560694,0.574039186326835,0,0,0.763963464997584
20,random_noise_only,Random noise only,10.6084823,0.0170181757807377,0.999863012164767,23.6188743629617,0.244283065461113,19,0.41215115336793,0.692227412260596,0.0433526011560694,0.574039186326835,NaN,0,NaN
20,constant,Constant signal,10.5702455,0.0159958418120257,0.999874890164365,25.1131854341575,0.25931414596279,NaN,0.8,0,0,0.05,NaN,0,NaN
20,missing_random_0p30,Random missing 30% with causal hold,10.4991015,0.0164021274877361,0.999484506036511,14.5881490103297,0.154110689762923,0,0.1,1.00803048267568,0.0375722543352601,0.574039186326835,0,0.301360544217687,8.60314954703951
20,missing_random_0p50,Random missing 50% with causal hold,10.5695029,0.0162538314127444,0.999482756881686,13.2436620251394,0.140557071504487,0,0.1,1.1841668176053,0.0158959537572254,0.574039186326835,0,0.515646258503401,8.60314954703951
20,missing_burst_20,Event burst missing 20 frames,10.5449848,0.0170181757807377,0.999863012164767,24.6501363850518,0.25469790464821,25,0.502308681225219,0.297691318774781,0.0433526011560694,0.574039186326835,0,0.0136054421768707,0
20,smooth_beta_0p90,Causal EWMA beta 0.90,10.4494897,0.0159865362159405,0.999476071754638,10.2982825178955,0.110790903363974,0,0.1,1.93330697780158,0.00578034682080925,0.0554713696913407,0,0,8.72770175751531
20,smooth_beta_0p99,Causal EWMA beta 0.99,10.7001841,0.0159958418120257,0.999874890164365,25.1131854341575,0.25931414596279,NaN,0.8,0,0,0.05,0,0,0.966790518886924
20,clock_lead_20,Clock lead 20 frames,10.4710887,0.0169575079919691,0.999866384513343,25.1231344847497,0.259429627358348,19,0.777792374992714,0.0395336059937749,0.0476878612716763,0.574039186326835,-20,0,9.11442619199888
20,false_event_minus50,Additional false event at -50,10.5302094,0.0166889192714488,0.999486335354981,14.9230955067084,0.157499151418544,0,0.1,0.895278390246841,0.0491329479768786,0.574039186326835,0,0,8.60311846798327
20,compound_stress,Compound side-information stress,10.5556455,0.0164021274877361,0.999866560655664,22.4203045082064,0.232148914376712,19,0.1,0.843511713615273,0.0375722543352601,1.4350979658171,10,0.301360544217687,0
21,fixed_huber,Huber fixed lambda 0.80,10.4684279,0.0171765318755856,0.999851399175741,23.3075988059855,0.241367122661493,NaN,0.8,0,0,NaN,NaN,NaN,NaN
21,noise_free_mutation_aligned,Noise-free mutation-aligned cue,10.552949,0.0171765318755856,0.999843863815607,12.0472868270949,0.128851423111325,0,0.1,1.27892020650628,0,0.05,0,0,100
21,noisy_mutation_aligned,Noisy mutation-aligned cue,10.5264606,0.0171784717656431,0.999848203900484,14.6856643672885,0.154753218946215,0,0.1,0.750590712928848,0.00943396226415094,0.802229031208323,0,0,6.83964161995268
21,delay_random_2_5,Random delay 2-5 frames,10.6085783,0.0171784717656431,0.999856344671554,15.2086905300122,0.159841855179839,2,0.1,0.743549164121254,0.00943396226415094,0.802229031208323,2,0,6.25293390888643
21,noise_0p50,Noise sigma 0.50,10.4133541,0.0171784717656431,0.999848203900484,15.3405853077795,0.16097448414914,0,0.1,0.7,0.00943396226415094,2.00557257802082,0,0,3.10006117185871
21,noise_1p00,Noise sigma 1.00,10.5434937,0.0171784717656431,0.999848203900484,15.3405853077795,0.160974484149141,0,0.1,0.7,0.00943396226415094,4.01114515604164,0,0,1.85353435582739
21,delay_10,Delay 10 frames,10.4758229,0.0171784717656431,0.999856344671554,16.7118698473604,0.174762542084864,10,0.1,0.772897599749398,0.00943396226415094,0.802229031208323,10,0,6.2917481272077
21,delay_20,Delay 20 frames,10.5498072,0.0171784717656431,0.999856344671554,21.6456545249825,0.224738552174938,20,0.1,0.777171255854473,0.00943396226415094,0.802229031208323,20,0,6.14869948988147
21,gain_0p25,Moderate attenuation (gain 0.25),10.548276,0.0171784717656431,0.999848203900484,15.3405853077796,0.160974484149141,0,0.1,0.7,0.00943396226415094,0.802229031208323,0,0,2.16516605983523
21,gain_0p10,Severe attenuation (gain 0.10),10.544828,0.0171784717656431,0.999848203900484,15.3405853077796,0.160974484149141,0,0.1,0.7,0.00943396226415094,0.802229031208323,0,0,1.23027094781175
21,random_noise_only,Random noise only,10.5197113,0.0171784717656431,0.999856344671554,23.4112328983299,0.242314819909176,NaN,0.8,0,0.00943396226415094,0.802229031208323,NaN,0,NaN
21,constant,Constant signal,10.4372374,0.0171765318755856,0.999851399175741,23.3075988059855,0.241367122661493,NaN,0.8,0,0,0.05,NaN,0,NaN
21,missing_random_0p30,Random missing 30% with causal hold,10.5444689,0.0171768000085778,0.999846396064657,13.8542574845528,0.146747043567823,0,0.1,0.860271549306771,0.0117924528301887,0.802229031208323,0,0.297278911564626,6.83964161995268
21,missing_random_0p50,Random missing 50% with causal hold,10.6082812,0.0171777918168382,0.999846319503906,13.6429342254607,0.14469941029758,0,0.1,0.905586711099439,0.00707547169811321,0.802229031208323,0,0.524489795918367,6.12367797890108
21,missing_burst_20,Event burst missing 20 frames,10.5565247,0.0171784717656431,0.999856344671554,23.4112328983299,0.242314819909176,NaN,0.8,0,0.00943396226415094,0.802229031208323,0,0.0136054421768707,0
21,smooth_beta_0p90,Causal EWMA beta 0.90,10.553049,0.0171765318755856,0.999843863815607,9.48332500439155,0.102634831925258,0,0.1,1.75023624301837,0,0.069281011363297,0,0,7.60422750738317
21,smooth_beta_0p99,Causal EWMA beta 0.99,10.5104108,0.0171765318755856,0.999843863815607,14.8294086095549,0.156234194562093,0,0.1,0.7,0,0.05,0,0,1.06070854976988
21,clock_lead_20,Clock lead 20 frames,10.4404154,0.0173822364287293,0.999864381195896,23.3579092527944,0.241772546557695,NaN,0.8,0,0.0165094339622642,0.802229031208323,-20,0,6.10083941348242
21,false_event_minus50,Additional false event at -50,10.6514155,0.0174339841529646,0.999848567197143,14.7358050735695,0.155224931402752,0,0.1,0.750593040028535,0.0165094339622642,0.802229031208323,0,0,6.83961938117115
21,compound_stress,Compound side-information stress,10.4329119,0.0171768000085778,0.999854195875685,23.3659004449174,0.24189711087199,NaN,0.8,0,0.0117924528301887,2.00557257802082,10,0.297278911564626,0
22,fixed_huber,Huber fixed lambda 0.80,10.3769423,0.0171970372754405,1.00075458903648,26.0719706843448,0.268877302898587,NaN,0.8,0,0,NaN,NaN,NaN,NaN
22,noise_free_mutation_aligned,Noise-free mutation-aligned cue,10.5943447,0.0171970372754405,1.00000728740356,14.2743902356434,0.150955781580101,0,0.1,1.27892020650628,0,0.05,0,0,100
22,noisy_mutation_aligned,Noisy mutation-aligned cue,10.5670369,0.0171970372754405,1.00000728740356,18.1624543539701,0.189794935937785,0,0.1,0.7,0,1.04926965051036,0,0,4.56168830431966
22,delay_random_2_5,Random delay 2-5 frames,10.8652343,0.0171970372754405,1.00004634885649,17.8969673178219,0.187181683726999,2,0.1,0.708733707918604,0,1.04926965051036,2,0,4.5280066924107
22,noise_0p50,Noise sigma 0.50,10.9438905,0.0171970372754405,1.00000728740356,18.1624543539701,0.189794935937785,0,0.1,0.7,0,2.62317412627589,0,0,1.70255671832478
22,noise_1p00,Noise sigma 1.00,10.9626756,0.0171970372754405,1.00075458903648,26.0719706843448,0.268877302898587,NaN,0.8,0,0,5.24634825255178,0,0,0.749512856326481
22,delay_10,Delay 10 frames,10.8621882,0.0171970372754405,1.00075458903648,20.6038791124611,0.214092977121808,10,0.1,0.747181433569991,0,1.04926965051036,10,0,4.96399694261645
22,delay_20,Delay 20 frames,10.9565068,0.0171970372754405,1.00075458903648,23.6708614901131,0.244904869675703,20,0.1,0.7212832528412,0,1.04926965051036,20,0,4.5318378313435
22,gain_0p25,Moderate attenuation (gain 0.25),10.9528666,0.0171970372754405,1.00075458903648,26.0719706843448,0.268877302898587,NaN,0.8,0,0,1.04926965051036,0,0,0.987773821826049
22,gain_0p10,Severe attenuation (gain 0.10),10.9624502,0.0171970372754405,1.00075458903648,26.0719706843448,0.268877302898587,NaN,0.8,0,0,1.04926965051036,0,0,0.272990925327327
22,random_noise_only,Random noise only,10.8929597,0.0171970372754405,1.00075458903648,26.0719706843448,0.268877302898587,NaN,0.8,0,0,1.04926965051036,NaN,0,NaN
22,constant,Constant signal,10.9768272,0.0171970372754405,1.00075458903648,26.0719706843448,0.268877302898587,NaN,0.8,0,0,0.05,NaN,0,NaN
22,missing_random_0p30,Random missing 30% with causal hold,10.9871955,0.0171970372754405,1.00000728740356,15.9267192646348,0.167469459717683,0,0.1,0.974420465640781,0,1.04926965051036,0,0.308843537414966,4.30187436398458
22,missing_random_0p50,Random missing 50% with causal hold,10.806975,0.0171970372754405,1.00000728740356,15.8645681423131,0.166848150706645,0,0.1,0.988911895597396,0,1.04926965051036,0,0.494557823129252,4.30187436398458
22,missing_burst_20,Event burst missing 20 frames,10.8105223,0.0171970372754405,1.00075458903648,26.0719706843448,0.268877302898587,NaN,0.8,0,0,1.04926965051036,0,0.0136054421768707,0
22,smooth_beta_0p90,Causal EWMA beta 0.90,10.9858375,0.0171970372754405,1.00000728740356,9.95520200767288,0.107580536875547,0,0.1,1.86504594399225,0,0.0657482086906112,0,0,7.4084846873599
22,smooth_beta_0p99,Causal EWMA beta 0.99,10.8395388,0.0171970372754405,1.00075458903648,26.0719706843448,0.268877302898587,NaN,0.8,0,0,0.05,0,0,0.990806087356226
22,clock_lead_20,Clock lead 20 frames,10.9145989,0.017417502013471,1.00075290418869,26.0058210073843,0.268210629717022,NaN,0.8,0,0.00242130750605327,1.04926965051036,-20,0,4.49319853108664
22,false_event_minus50,Additional false event at -50,10.8545789,0.0173545306234082,1.00001534020648,18.2751287573702,0.190918557517371,0,0.1,0.7,0.00484261501210654,1.04926965051036,0,0,4.561671301449
22,compound_stress,Compound side-information stress,10.8750927,0.0171970372754405,1.00075458903648,26.0719706843448,0.268877302898587,NaN,0.8,0,0,2.62317412627589,10,0.308843537414966,0
23,fixed_huber,Huber fixed lambda 0.80,10.51216,0.0155989986962357,1.00050648352005,25.0407732125568,0.258537968411699,NaN,0.8,0,0,NaN,NaN,NaN,NaN
23,noise_free_mutation_aligned,Noise-free mutation-aligned cue,10.4412827,0.0155989986962357,1.00052785511724,13.7990132761549,0.146310273550624,0,0.1,1.27892020650628,0,0.05,0,0,100
23,noisy_mutation_aligned,Noisy mutation-aligned cue,10.4439334,0.0155989986962357,1.00052785511724,15.4746503733555,0.162883600228489,0,0.1,0.759186165270035,0,0.982662659013772,0,0,4.79980767694825
23,delay_random_2_5,Random delay 2-5 frames,10.574959,0.0155989986962357,1.00050648352005,15.7908917117538,0.165979606609489,5,0.1,0.754391431039738,0,0.982662659013772,5,0,4.78942863272273
23,noise_0p50,Noise sigma 0.50,10.5464398,0.0155989986962357,1.00052785511724,15.7257787376639,0.165353813158462,0,0.1,0.7,0,2.45665664753441,0,0,1.74687799402851
23,noise_1p00,Noise sigma 1.00,10.4970415,0.0155989986962357,1.00050648352005,25.0407732125568,0.258537968411699,NaN,0.8,0,0,4.91331329506883,0,0,0.729234766388583
23,delay_10,Delay 10 frames,10.629656,0.0155989986962357,1.00050648352005,17.5192944978056,0.183262601571797,10,0.1,0.720850660172944,0,0.982662659013772,10,0,4.69023245008209
23,delay_20,Delay 20 frames,10.5302641,0.0155989986962357,1.00050648352005,22.014943853518,0.228525832019136,20,0.1,0.724242187739614,0,0.982662659013772,20,0,5.18067581862911
23,gain_0p25,Moderate attenuation (gain 0.25),10.6400868,0.0155989986962357,1.00050648352005,25.0407732125568,0.258537968411699,NaN,0.8,0,0,0.982662659013772,0,0,0.983645573298558
23,gain_0p10,Severe attenuation (gain 0.10),10.7079456,0.0155989986962357,1.00050648352005,25.0407732125568,0.258537968411699,NaN,0.8,0,0,0.982662659013772,0,0,0.220413152568619
23,random_noise_only,Random noise only,10.5635404,0.0155989986962357,1.00050648352005,25.0407732125568,0.258537968411699,NaN,0.8,0,0,0.982662659013772,NaN,0,NaN
23,constant,Constant signal,10.5545052,0.0155989986962357,1.00050648352005,25.0407732125568,0.258537968411699,NaN,0.8,0,0,0.05,NaN,0,NaN
23,missing_random_0p30,Random missing 30% with causal hold,10.5626484,0.0155989986962357,1.00052785511724,15.4946805630516,0.163081004130946,0,0.1,0.75479091729607,0,0.982662659013772,0,0.285034013605442,5.10463788800516
23,missing_random_0p50,Random missing 50% with causal hold,10.3497144,0.0155989986962357,1.00052785511724,14.4009172925648,0.152296032331781,0,0.1,1.03787615856296,0,0.982662659013772,0,0.492517006802721,5.10463788800516
23,missing_burst_20,Event burst missing 20 frames,10.4466971,0.0155989986962357,1.00050648352005,25.0407732125568,0.258537968411699,NaN,0.8,0,0,0.982662659013772,0,0.0136054421768707,0
23,smooth_beta_0p90,Causal EWMA beta 0.90,10.5284267,0.0155544604418871,1.00052540057559,9.74426245358437,0.105529553973319,0,0.1,2.1079152884932,0.021671826625387,0.05,0,0,10.1231026284329
23,smooth_beta_0p99,Causal EWMA beta 0.99,10.6138535,0.0155989986962357,1.00051162989745,21.0044854796712,0.217650524930905,0,0.302905725777462,0.497094274222538,0,0.05,0,0,1.01420269354922
23,clock_lead_20,Clock lead 20 frames,10.6742585,0.0160823045603194,1.00050855134596,24.8493833834661,0.256637694646835,NaN,0.8,0,0.00464396284829721,0.982662659013772,-20,0,4.72606853898198
23,false_event_minus50,Additional false event at -50,10.4917191,0.0158819964524143,1.00051886637059,18.4193296076991,0.192283675349384,0,0.200209887783115,0.650505805097387,0.00309597523219814,0.982662659013772,0,0,4.7997895215864
23,compound_stress,Compound side-information stress,10.5653187,0.0155989986962357,1.00050648352005,25.0407732125568,0.258537968411699,NaN,0.8,0,0,2.45665664753441,10,0.285034013605442,0
24,fixed_huber,Huber fixed lambda 0.80,10.5728115,0.014719203222547,0.999760392580291,23.699015612241,0.244622863369195,NaN,0.8,0,0,NaN,NaN,NaN,NaN
24,noise_free_mutation_aligned,Noise-free mutation-aligned cue,10.6562494,0.014719203222547,0.999752909023737,12.8342284466477,0.136183027357095,0,0.1,1.27892020650628,0,0.05,0,0,100
24,noisy_mutation_aligned,Noisy mutation-aligned cue,10.5875025,0.014719203222547,0.999752909023737,15.2230045688849,0.160056253660051,0,0.1,0.7,0,1.12551238115901,0,0,4.65383547731956
24,delay_random_2_5,Random delay 2-5 frames,10.7235835,0.014719203222547,0.999760392580291,15.1780260200703,0.159575936367314,3,0.1,0.732404188640316,0,1.12551238115901,3,0,4.69215917901023
24,noise_0p50,Noise sigma 0.50,10.5425531,0.014719203222547,0.999752909023737,15.2230045688849,0.160056253660051,0,0.1,0.7,0,2.81378095289753,0,0,1.98838279086335
24,noise_1p00,Noise sigma 1.00,10.6045037,0.014719203222547,0.999752909023737,15.2230045688849,0.160056253660051,0,0.1,0.7,0,5.62756190579505,0,0,1.09989856204462
24,delay_10,Delay 10 frames,10.4985956,0.014719203222547,0.999760392580291,17.1048388923262,0.178897822362824,10,0.1,0.734700160318668,0,1.12551238115901,10,0,4.91715411055841
24,delay_20,Delay 20 frames,10.6475813,0.014719203222547,0.999760392580291,21.185663180064,0.219384760891722,20,0.1,0.7,0,1.12551238115901,20,0,4.17072671167879
24,gain_0p25,Moderate attenuation (gain 0.25),10.8413984,0.014719203222547,0.999752909023737,15.2230045688849,0.160056253660051,0,0.1,0.7,0,1.12551238115901,0,0,1.32201961924931
24,gain_0p10,Severe attenuation (gain 0.10),10.8385638,0.014719203222547,0.999760392580291,23.699015612241,0.244622863369195,NaN,0.8,0,0,1.12551238115901,0,0,0.655656447635254
24,random_noise_only,Random noise only,10.4838262,0.014719203222547,0.999760392580291,23.699015612241,0.244622863369195,NaN,0.8,0,0,1.12551238115901,NaN,0,NaN
24,constant,Constant signal,10.5346606,0.014719203222547,0.999760392580291,23.699015612241,0.244622863369195,NaN,0.8,0,0,0.05,NaN,0,NaN
24,missing_random_0p30,Random missing 30% with causal hold,10.561369,0.014719203222547,0.999760392580291,15.1902922605263,0.159728016461571,1,0.1,0.7,0,1.12551238115901,0,0.286394557823129,0
24,missing_random_0p50,Random missing 50% with causal hold,10.4437759,0.014719203222547,0.999760392580291,14.8396222069924,0.156211950584566,1,0.1,0.76796405540509,0,1.12551238115901,0,0.516326530612245,0
24,missing_burst_20,Event burst missing 20 frames,10.5077597,0.014719203222547,0.999760392580291,23.699015612241,0.244622863369195,NaN,0.8,0,0,1.12551238115901,0,0.0136054421768707,0
24,smooth_beta_0p90,Causal EWMA beta 0.90,10.4256049,0.0147193497144296,0.999757410132289,10.8533515808922,0.116493925105553,0,0.1,1.83163925015221,0.00229885057471264,0.0615039308093357,0,0,7.97874501172861
24,smooth_beta_0p99,Causal EWMA beta 0.99,10.4109524,0.014719203222547,0.999760392580291,23.699015612241,0.244622863369195,NaN,0.8,0,0,0.05,0,0,0.998253119823822
24,clock_lead_20,Clock lead 20 frames,10.5497886,0.0153400492692408,0.999758654412606,23.6353842847778,0.243993676283658,NaN,0.8,0,0.00229885057471264,1.12551238115901,-20,0,4.27724229725117
24,false_event_minus50,Additional false event at -50,10.5241836,0.0153225377883297,0.999759523357649,15.4314041521864,0.162140730132729,0,0.104533014749546,0.695466985250454,0.00459770114942529,1.12551238115901,0,0,4.65381962623124
24,compound_stress,Compound side-information stress,10.521559,0.014719203222547,0.999760392580291,17.1801677188846,0.179650719015694,10,0.1,0.7,0,2.81378095289753,10,0.286394557823129,1.36321719528347
25,fixed_huber,Huber fixed lambda 0.80,10.6321511,0.0158634377627283,0.997834904482755,23.6544107075897,0.244526303746033,NaN,0.8,0,0,NaN,NaN,NaN,NaN
25,noise_free_mutation_aligned,Noise-free mutation-aligned cue,10.5145057,0.0158634377627283,0.997601311839241,11.9321845269726,0.127218290220387,0,0.1,1.27892020650628,0,0.05,0,0,100
25,noisy_mutation_aligned,Noisy mutation-aligned cue,10.4629169,0.0158627061014064,0.997604476663223,14.3673380236606,0.151575205497003,0,0.1,0.740177993875438,0.00289017341040462,0.822530570201405,0,0,6.12044631428575
25,delay_random_2_5,Random delay 2-5 frames,10.515088,0.0158627061014064,0.99783785391375,14.3219456012118,0.151129284425663,3,0.1,0.810616141545402,0.00289017341040462,0.822530570201405,3,0,6.13352890331693
25,noise_0p50,Noise sigma 0.50,10.5118931,0.0158627061014064,0.997604476663223,14.4343995221645,0.152254527533853,0,0.1,0.796917984535987,0.00289017341040462,2.05632642550352,0,0,2.47316546092437
25,noise_1p00,Noise sigma 1.00,10.6058131,0.0158627061014064,0.997604476663223,14.4401518733782,0.15248435350061,0,0.1,1.32650315585693,0.00289017341040462,4.11265285100703,0,0,1.25740517647058
25,delay_10,Delay 10 frames,10.5362425,0.0158627061014064,0.99783785391375,15.982535462643,0.167594794512053,10,0.1,0.883668804663281,0.00289017341040462,0.822530570201405,10,0,6.13845200825136
25,delay_20,Delay 20 frames,10.5425096,0.0158627061014064,0.99783785391375,21.6807575123754,0.224806219891643,20,0.1,0.779190768585979,0.00289017341040462,0.822530570201405,20,0,5.70526095172222
25,gain_0p25,Moderate attenuation (gain 0.25),10.5365448,0.0158627061014064,0.997604476663223,14.4348098472428,0.152286549162947,0,0.1,0.964805391956364,0.00289017341040462,0.822530570201405,0,0,1.56134524758403
25,gain_0p10,Severe attenuation (gain 0.10),10.8233564,0.0158627061014064,0.99783785391375,23.6554395615,0.244785837461313,49,0.1,0.7,0.00289017341040462,0.822530570201405,0,0,0.649525034243683
25,random_noise_only,Random noise only,10.9520055,0.0158627061014064,0.99783785391375,23.6554395615,0.244785837461313,49,0.1,0.7,0.00289017341040462,0.822530570201405,NaN,0,NaN
25,constant,Constant signal,10.5553866,0.0158634377627283,0.997834904482755,23.6544107075897,0.244526303746033,NaN,0.8,0,0,0.05,NaN,0,NaN
25,missing_random_0p30,Random missing 30% with causal hold,10.5269966,0.0158592043440568,0.997836847174655,15.0220056785392,0.158151593477972,5,0.1,0.81870440005651,0.00433526011560694,0.822530570201405,0,0.283673469387755,0
25,missing_random_0p50,Random missing 50% with causal hold,10.4618933,0.0158619517078948,0.997839072378073,15.0229351973259,0.158150186433768,5,0.1,0.7,0.00144508670520231,0.822530570201405,0,0.493877551020408,0
25,missing_burst_20,Event burst missing 20 frames,10.5855932,0.0158627061014064,0.99783785391375,23.6554395615,0.244785837461313,49,0.1,0.7,0.00289017341040462,0.822530570201405,0,0.0136054421768707,0
25,smooth_beta_0p90,Causal EWMA beta 0.90,10.4735204,0.0158673487380825,0.997599055637138,8.60495666373805,0.0939959493908271,0,0.1,1.98354377880973,0.00433526011560694,0.0581146527556023,0,0,8.44730517385044
25,smooth_beta_0p99,Causal EWMA beta 0.99,10.5426869,0.0158634377627283,0.997834904482755,23.6544107075897,0.244526303746033,NaN,0.8,0,0,0.05,0,0,0.972989624503597
25,clock_lead_20,Clock lead 20 frames,10.5546579,0.0163662775309105,0.997842327219052,23.6072770374965,0.244059095651651,49,0.773172376151464,0.0268276238485358,0.00722543352601156,0.822530570201405,-20,0,6.35025984790775
25,false_event_minus50,Additional false event at -50,10.6280524,0.0162185528756645,0.997607252852857,14.3609280751889,0.15150914751998,0,0.1,0.740180538770962,0.00867052023121387,0.822530570201405,0,0,6.12042462439749
25,compound_stress,Compound side-information stress,10.5161734,0.0158592043440568,0.997836847174655,16.3416271106759,0.171279320349638,10,0.1,1.12830321861789,0.00433526011560694,2.05632642550352,10,0.283673469387755,1.35380687305628
26,fixed_huber,Huber fixed lambda 0.80,10.5021082,0.0152118593147107,0.997251574593386,23.9516025876501,0.248066256530748,NaN,0.8,0,0,NaN,NaN,NaN,NaN
26,noise_free_mutation_aligned,Noise-free mutation-aligned cue,10.4652286,0.0152118593147107,0.996630790869083,12.4514844375113,0.133189267698768,0,0.1,1.27892020650628,0,0.05,0,0,100
26,noisy_mutation_aligned,Noisy mutation-aligned cue,10.6074871,0.0154163311288653,0.995908099554459,11.4019043213274,0.122696815158842,0,0.1,0.820655871963388,0.00823045267489712,0.659341926173764,0,0,7.35763103090175
26,delay_random_2_5,Random delay 2-5 frames,10.4975402,0.0154163311288653,0.996996076012765,11.4925223279679,0.12324513569954,4,0.1,0.811614083555093,0.00823045267489712,0.659341926173764,4,0,7.14011440520718
26,noise_0p50,Noise sigma 0.50,10.5694259,0.0154163311288653,0.995908099554459,11.9521240442672,0.1281817701247,0,0.1,0.744186633187979,0.00823045267489712,1.64835481543441,0,0,2.80763977308907
26,noise_1p00,Noise sigma 1.00,10.5381831,0.0154163311288653,0.995908099554459,11.9503611048093,0.128077847558238,0,0.1,0.999896080592122,0.00823045267489712,3.2967096308688,0,0,1.29097602048485
26,delay_10,Delay 10 frames,10.5106648,0.0154163311288653,0.996996076012765,14.0110140667115,0.148343452314928,10,0.1,0.797395464832162,0.00823045267489712,0.659341926173764,10,0,7.26188766420242
26,delay_20,Delay 20 frames,10.5612487,0.0154163311288653,0.996996076012765,19.5722121727771,0.203780891783553,20,0.1,0.842211001241927,0.00823045267489712,0.659341926173764,20,0,7.22170440522896
26,gain_0p25,Moderate attenuation (gain 0.25),10.6046087,0.0154163311288653,0.995908099554459,11.9515423111081,0.12814726585098,0,0.1,0.822825861275983,0.00823045267489712,0.659341926173764,0,0,1.6701419586359
26,gain_0p10,Severe attenuation (gain 0.10),10.5735632,0.0154163311288653,0.996996076012765,20.1848722841903,0.209979821679338,22,0.1,2.50815976369284,0.00823045267489712,0.659341926173764,0,0,0.532644144182731
26,random_noise_only,Random noise only,10.4028283,0.0154163311288653,0.996996076012765,20.1900997898066,0.210032115211723,22,0.1,2.43604205934482,0.00823045267489712,0.659341926173764,NaN,0,NaN
26,constant,Constant signal,10.5941993,0.0152118593147107,0.997251574593386,23.9516025876501,0.248066256530748,NaN,0.8,0,0,0.05,NaN,0,NaN
26,missing_random_0p30,Random missing 30% with causal hold,10.5326028,0.0154565153411112,0.997070625813539,14.3165722171845,0.151298143825087,2,0.1,0.862946537615954,0.00617283950617284,0.659341926173764,0,0.297278911564626,0
26,missing_random_0p50,Random missing 50% with causal hold,10.6463731,0.0155325371837189,0.997247886953652,13.8027899574681,0.146188024097392,3,0.1,0.930800449321058,0.00617283950617284,0.659341926173764,0,0.512244897959184,0
26,missing_burst_20,Event burst missing 20 frames,10.5125728,0.0154163311288653,0.996996076012765,20.2212500026504,0.210345748430194,22,0.1,2.58622597541538,0.00823045267489712,0.659341926173764,0,0.0136054421768707,0
26,smooth_beta_0p90,Causal EWMA beta 0.90,10.4571128,0.0155235236151292,0.996627265072841,8.70568405165291,0.0957561029721196,0,0.1,1.9812616378352,0.00411522633744856,0.0519157898017776,0,0,9.22592653546648
26,smooth_beta_0p99,Causal EWMA beta 0.99,10.4497396,0.0152118593147107,0.997251574593386,23.9516025876501,0.248066256530748,NaN,0.8,0,0,0.05,0,0,0.960516452242146
26,clock_lead_20,Clock lead 20 frames,10.4939234,0.0155528726393264,0.997250160718505,23.9192364628769,0.247741634906891,22,0.794936171129857,0.0134796018269994,0.0164609053497942,0.659341926173764,-20,0,7.05172968654051
26,false_event_minus50,Additional false event at -50,10.435209,0.015527727714985,0.996812926812078,15.726308138032,0.165449203000255,0,0.151248921453467,0.760575605736369,0.0164609053497942,0.659341926173764,0,0,7.35760397271623
26,compound_stress,Compound side-information stress,10.5779478,0.0154565153411112,0.997233042552966,15.8686915717541,0.167052722171091,10,0.1,0.73066454996199,0.00617283950617284,1.64835481543441,10,0.297278911564626,1.60871661329929
27,fixed_huber,Huber fixed lambda 0.80,10.464762,0.0150329095804211,0.999275443034217,22.1918444179042,0.230025880050406,NaN,0.8,0,0,NaN,NaN,NaN,NaN
27,noise_free_mutation_aligned,Noise-free mutation-aligned cue,10.5820487,0.0150329095804211,0.999015441970996,11.0601774834464,0.118789044691714,0,0.1,1.27892020650628,0,0.05,0,0,100
27,noisy_mutation_aligned,Noisy mutation-aligned cue,10.4856551,0.0150329095804211,0.999034810043091,13.236986439944,0.140550564420864,0,0.1,0.725817742054267,0,1.04139872310137,0,0,5.01142649610571
27,delay_random_2_5,Random delay 2-5 frames,10.4769319,0.0150329095804211,0.999275443034217,13.7132891981472,0.145284787181909,4,0.1,0.730682670126946,0,1.04139872310137,4,0,4.48428806692639
27,noise_0p50,Noise sigma 0.50,10.5100755,0.0150329095804211,0.999038647792109,13.366698977606,0.141846700287248,0,0.1,0.7,0,2.60349680775341,0,0,2.13068549513181
27,noise_1p00,Noise sigma 1.00,10.5756412,0.0150329095804211,0.999038647792109,13.366698977606,0.141846700287248,0,0.1,0.7,0,5.20699361550685,0,0,1.17043849480716
27,delay_10,Delay 10 frames,10.4456493,0.0150329095804211,0.999275443034217,15.4608413084774,0.162744407976037,10,0.1,0.724361259445135,0,1.04139872310137,10,0,5.1379215532262
27,delay_20,Delay 20 frames,10.4410772,0.0150329095804211,0.999275443034217,20.9758240110987,0.217881541958265,20,0.1,0.7,0,1.04139872310137,20,0,4.9074932044033
27,gain_0p25,Moderate attenuation (gain 0.25),10.5962168,0.0150329095804211,0.999038647792109,13.366698977606,0.141846700287248,0,0.1,0.7,0,1.04139872310137,0,0,1.41050024488832
27,gain_0p10,Severe attenuation (gain 0.10),10.5115722,0.0150329095804211,0.999275443034217,22.1918444179042,0.230025880050406,NaN,0.8,0,0,1.04139872310137,0,0,0.690314994644839
27,random_noise_only,Random noise only,10.5826523,0.0150329095804211,0.999275443034217,22.1918444179042,0.230025880050406,NaN,0.8,0,0,1.04139872310137,NaN,0,NaN
27,constant,Constant signal,10.5931877,0.0150329095804211,0.999275443034217,22.1918444179042,0.230025880050406,NaN,0.8,0,0,0.05,NaN,0,NaN
27,missing_random_0p30,Random missing 30% with causal hold,10.5043827,0.0150329095804211,0.999034810043091,13.236986439944,0.140550564420864,0,0.1,0.725817742054267,0,1.04139872310137,0,0.295918367346939,5.01142649610571
27,missing_random_0p50,Random missing 50% with causal hold,10.5564167,0.0150329095804211,0.999034810043091,13.0682516913834,0.138862336041527,0,0.1,0.770219181882666,0,1.04139872310137,0,0.486394557823129,5.01142649610571
27,missing_burst_20,Event burst missing 20 frames,10.4759072,0.0150329095804211,0.999275443034217,22.1918444179042,0.230025880050406,NaN,0.8,0,0,1.04139872310137,0,0.0136054421768707,0
27,smooth_beta_0p90,Causal EWMA beta 0.90,10.4465451,0.0150341951451226,0.99889879389088,8.32641787270637,0.0915472025209806,0,0.1,2.00761344641665,0.00801603206412826,0.05,0,0,9.8345231338023
27,smooth_beta_0p99,Causal EWMA beta 0.99,10.6222443,0.0150329095804211,0.999275443034217,22.1918444179042,0.230025880050406,NaN,0.8,0,0,0.05,0,0,0.971171321410615
27,clock_lead_20,Clock lead 20 frames,10.5700225,0.0154276868793384,0.999275332031313,22.1481933412232,0.229591321556116,NaN,0.8,0,0.00200400801603206,1.04139872310137,-20,0,4.5921597133712
27,false_event_minus50,Additional false event at -50,10.6141881,0.0153341701291022,0.999033766209907,13.238483674506,0.140564878192742,0,0.1,0.725820246097928,0.00601202404809619,1.04139872310137,0,0,5.01140936472676
27,compound_stress,Compound side-information stress,10.4720586,0.0150329095804211,0.999275443034217,22.1918444179042,0.230025880050406,NaN,0.8,0,0,2.60349680775341,10,0.295918367346939,0
28,fixed_huber,Huber fixed lambda 0.80,10.6172033,0.0171134107964081,0.999425575291558,24.9194559419735,0.257733471462459,NaN,0.8,0,0,NaN,NaN,NaN,NaN
28,noise_free_mutation_aligned,Noise-free mutation-aligned cue,10.5335463,0.0171134107964081,0.99936286241592,12.3731632094544,0.132355528418404,0,0.1,1.27892020650628,0,0.05,0,0,100
28,noisy_mutation_aligned,Noisy mutation-aligned cue,10.5763869,0.0171134107964081,0.99936286241592,14.9740295884347,0.15831898907393,0,0.1,0.7,0,1.20875228186172,0,0,3.97913534241196
28,delay_random_2_5,Random delay 2-5 frames,10.526504,0.0171134107964081,0.999425575291558,14.7144241323841,0.15574443402117,4,0.1,0.7,0,1.20875228186172,4,0,4.14012510203599
28,noise_0p50,Noise sigma 0.50,10.578081,0.0171134107964081,0.99936286241592,14.9740295884347,0.15831898907393,0,0.1,0.7,0,3.02188070465429,0,0,1.49723723556461
28,noise_1p00,Noise sigma 1.00,10.4986425,0.0171134107964081,0.999425575291558,24.9194559419735,0.257733471462459,NaN,0.8,0,0,6.04376140930859,0,0,0.669937866615496
28,delay_10,Delay 10 frames,10.5750257,0.0171134107964081,0.999425575291558,16.3343916877675,0.172002218334588,10,0.1,0.728647684409016,0,1.20875228186172,10,0,4.5641810758066
28,delay_20,Delay 20 frames,10.6201142,0.0171134107964081,0.999425575291558,22.0085110751803,0.228731624878971,20,0.1,0.7,0,1.20875228186172,20,0,3.97896786848576
28,gain_0p25,Moderate attenuation (gain 0.25),10.5674129,0.0171134107964081,0.999425575291558,24.9194559419735,0.257733471462459,NaN,0.8,0,0,1.20875228186172,0,0,0.876762708852776
28,gain_0p10,Severe attenuation (gain 0.10),10.412459,0.0171134107964081,0.999425575291558,24.9194559419735,0.257733471462459,NaN,0.8,0,0,1.20875228186172,0,0,0.25628818214094
28,random_noise_only,Random noise only,10.5577157,0.0171134107964081,0.999425575291558,24.9194559419735,0.257733471462459,NaN,0.8,0,0,1.20875228186172,NaN,0,NaN
28,constant,Constant signal,10.594291,0.0171134107964081,0.999425575291558,24.9194559419735,0.257733471462459,NaN,0.8,0,0,0.05,NaN,0,NaN
28,missing_random_0p30,Random missing 30% with causal hold,10.48726,0.0171134107964081,0.99936286241592,13.372656317875,0.142334939461381,0,0.1,1.06947300913804,0,1.20875228186172,0,0.3,3.97913534241196
28,missing_random_0p50,Random missing 50% with causal hold,10.6203253,0.0171134107964081,0.99936286241592,13.372656317875,0.142334939461381,0,0.1,1.06947300913804,0,1.20875228186172,0,0.497278911564626,3.97913534241196
28,missing_burst_20,Event burst missing 20 frames,10.4958248,0.0171134107964081,0.999425575291558,24.9194559419735,0.257733471462459,NaN,0.8,0,0,1.20875228186172,0,0.0136054421768707,0
28,smooth_beta_0p90,Causal EWMA beta 0.90,10.5251747,0.0171127383380811,0.999363347712823,9.89583188776875,0.107529430571928,0,0.1,1.84259428481162,0.0022883295194508,0.0563052168309757,0,0,8.8785954279164
28,smooth_beta_0p99,Causal EWMA beta 0.99,10.5779541,0.0171134107964081,0.999425575291558,24.9194559419735,0.257733471462459,NaN,0.8,0,0,0.05,0,0,0.996787071021537
28,clock_lead_20,Clock lead 20 frames,10.5667338,0.0172769325756481,0.999434619511163,24.8370225117172,0.256880406221453,NaN,0.8,0,0.0022883295194508,1.20875228186172,-20,0,3.81867027563103
28,false_event_minus50,Additional false event at -50,10.5340922,0.0173338233827403,0.999359815394734,14.9234739824292,0.157806138221492,0,0.1,0.7,0.0022883295194508,1.20875228186172,0,0,3.97912058289801
28,compound_stress,Compound side-information stress,10.4864904,0.0171134107964081,0.999425575291558,16.4059922725733,0.172717132327347,10,0.1,0.7,0,3.02188070465429,10,0.3,1.25498360001014
29,fixed_huber,Huber fixed lambda 0.80,10.5465251,0.0166950648233866,0.999771264064812,23.932763954141,0.247106592924857,NaN,0.8,0,0,NaN,NaN,NaN,NaN
29,noise_free_mutation_aligned,Noise-free mutation-aligned cue,10.4219662,0.0166950648233866,0.999760525730293,11.4092391863596,0.121594106304274,0,0.1,1.27892020650628,0,0.05,0,0,100
29,noisy_mutation_aligned,Noisy mutation-aligned cue,10.5293208,0.0170396670957102,0.999759991381876,13.5989324910665,0.143532746566434,0,0.1,0.726481779374105,0.00424328147100424,0.829866420724673,0,0,5.5841963075897
29,delay_random_2_5,Random delay 2-5 frames,10.4905779,0.0170396670957102,0.999771428533421,13.6323433796136,0.143860090183623,2,0.1,0.764925118620487,0.00424328147100424,0.829866420724673,2,0,6.46183458349983
29,noise_0p50,Noise sigma 0.50,10.4237799,0.0170396670957102,0.999759991381876,13.7362273996624,0.144845659817562,0,0.1,0.7,0.00424328147100424,2.07466605181168,0,0,1.96915667581345
29,noise_1p00,Noise sigma 1.00,10.5036978,0.0170396670957102,0.999771428533421,23.8204165341677,0.245916837457638,NaN,0.8,0,0.00424328147100424,4.14933210362335,0,0,0.764143465221364
29,delay_10,Delay 10 frames,10.4144472,0.0170396670957102,0.999771428533421,15.882413059176,0.166391561346289,10,0.1,0.806033464754921,0.00424328147100424,0.829866420724673,10,0,5.84130566934252
29,delay_20,Delay 20 frames,10.5549553,0.0170396670957102,0.999771428533421,21.6711870460188,0.224554875629811,20,0.1,0.712829405661959,0.00424328147100424,0.829866420724673,20,0,6.0009507549659
29,gain_0p25,Moderate attenuation (gain 0.25),10.4648056,0.0170396670957102,0.999759991381876,13.7362273996624,0.144921790147762,0,0.1,0.7,0.00424328147100424,0.829866420724673,0,0,1.06539676786938
29,gain_0p10,Severe attenuation (gain 0.10),10.5837985,0.0170396670957102,0.999771428533421,23.8204165341677,0.245916837424879,NaN,0.8,0,0.00424328147100424,0.829866420724673,0,0,0.16163685992532
29,random_noise_only,Random noise only,10.6240578,0.0170396670957102,0.999771428533421,23.8204165341677,0.24591683739212,NaN,0.8,0,0.00424328147100424,0.829866420724673,NaN,0,NaN
29,constant,Constant signal,10.489987,0.0166950648233866,0.999771264064812,23.932763954141,0.247106592924857,NaN,0.8,0,0,0.05,NaN,0,NaN
29,missing_random_0p30,Random missing 30% with causal hold,10.5310225,0.0166948565236863,0.999774223921932,13.2061852957033,0.139586157185353,1,0.1,0.843696204026362,0.00141442715700141,0.829866420724673,0,0.285714285714286,0
29,missing_random_0p50,Random missing 50% with causal hold,10.5607934,0.016695664831634,0.999771721829927,14.3487893522225,0.150952240302997,4,0.1,0.7,0.00141442715700141,0.829866420724673,0,0.485034013605442,0
29,missing_burst_20,Event burst missing 20 frames,10.5141904,0.0170396670957102,0.999771428533421,23.8204165341677,0.245916837719712,NaN,0.8,0,0.00424328147100424,0.829866420724673,0,0.0136054421768707,0
29,smooth_beta_0p90,Causal EWMA beta 0.90,10.5481145,0.0170087186719514,0.999771239613845,8.18329909887882,0.0893583432746217,0,0.1,2.21229669195274,0.0183875530410184,0.0509025133144622,0,0,9.55694333840608
29,smooth_beta_0p99,Causal EWMA beta 0.99,10.5414111,0.0166950648233866,0.999771264064812,23.932763954141,0.247106592924857,NaN,0.8,0,0,0.05,0,0,0.979203223363854
29,clock_lead_20,Clock lead 20 frames,10.6008162,0.0171337069803107,0.999771639391828,23.881161107009,0.246563798075234,NaN,0.8,0,0.00707213578500707,0.829866420724673,-20,0,6.50909394847611
29,false_event_minus50,Additional false event at -50,10.5153858,0.0166235127125764,0.999774879384339,14.7616189220669,0.155156299323837,0,0.128787795107919,0.696609150873438,0.00848656294200849,0.829866420724673,0,0,5.58417480943564
29,compound_stress,Compound side-information stress,10.6298531,0.0166948565236863,0.999774223921932,16.2532526133041,0.170119159923694,10,0.1,0.7,0.00141442715700141,2.07466605181168,10,0.285714285714286,1.02125282697419
30,fixed_huber,Huber fixed lambda 0.80,10.556617,0.0169558611808464,0.999220122741991,22.4986728228507,0.233307209150205,NaN,0.8,0,0,NaN,NaN,NaN,NaN
30,noise_free_mutation_aligned,Noise-free mutation-aligned cue,10.6953125,0.0169558611808464,0.998977050918374,12.4789273821665,0.133133920104752,0,0.1,1.27892020650628,0,0.05,0,0,100
30,noisy_mutation_aligned,Noisy mutation-aligned cue,10.4732249,0.016956131472325,0.998998338532,14.6159035542257,0.154497174113248,0,0.1,0.731627380997113,0.00184162062615101,1.0132871381584,0,0,5.12927169307108
30,delay_random_2_5,Random delay 2-5 frames,10.6003846,0.016956131472325,0.999217214939337,16.2448773063088,0.170747318301188,5,0.1,0.762384779826887,0.00184162062615101,1.0132871381584,5,0,4.95926532991288
30,noise_0p50,Noise sigma 0.50,10.5958236,0.016956131472325,0.999004558624217,14.834557297224,0.156682436444778,0,0.1,0.7,0.00184162062615101,2.53321784539601,0,0,2.16861040859807
30,noise_1p00,Noise sigma 1.00,10.4490816,0.016956131472325,0.999004558624217,14.834557297224,0.156682436444778,0,0.1,0.7,0.00184162062615101,5.06643569079202,0,0,1.18172331377375
30,delay_10,Delay 10 frames,10.4426013,0.016956131472325,0.999217214939337,16.4418984420474,0.172800280990118,10,0.1,0.78659702402759,0.00184162062615101,1.0132871381584,10,0,4.89497031109603
30,delay_20,Delay 20 frames,10.6077121,0.016956131472325,0.999217214939337,20.9250965443448,0.217591263249086,20,0.1,0.742696995784103,0.00184162062615101,1.0132871381584,20,0,4.81051766189558
30,gain_0p25,Moderate attenuation (gain 0.25),10.4991989,0.016956131472325,0.999004558624217,14.834557297224,0.156682436444778,0,0.1,0.7,0.00184162062615101,1.0132871381584,0,0,1.42844508747984
30,gain_0p10,Severe attenuation (gain 0.10),10.5809554,0.016956131472325,0.999217214939337,22.516121741973,0.233479393702459,NaN,0.8,0,0.00184162062615101,1.0132871381584,0,0,0.688279766361592
30,random_noise_only,Random noise only,10.4235736,0.016956131472325,0.999217214939337,22.516121741973,0.233479393702459,NaN,0.8,0,0.00184162062615101,1.0132871381584,NaN,0,NaN
30,constant,Constant signal,10.474595,0.0169558611808464,0.999220122741991,22.4986728228507,0.233307209150205,NaN,0.8,0,0,0.05,NaN,0,NaN
30,missing_random_0p30,Random missing 30% with causal hold,10.5432217,0.016956131472325,0.999110221042988,14.8486767476753,0.1568286312405,1,0.1,0.7,0.00184162062615101,1.0132871381584,0,0.319047619047619,0
30,missing_random_0p50,Random missing 50% with causal hold,10.5600982,0.0169558611808464,0.999113584066579,13.866300012987,0.147002442004646,1,0.1,0.973783440036934,0,1.0132871381584,0,0.501360544217687,0
30,missing_burst_20,Event burst missing 20 frames,10.5588143,0.016956131472325,0.999217214939337,22.516121741973,0.233479393702459,NaN,0.8,0,0.00184162062615101,1.0132871381584,0,0.0136054421768707,0
30,smooth_beta_0p90,Causal EWMA beta 0.90,10.5098834,0.0169558611808464,0.998821498518373,8.75845820575902,0.0961078359161387,0,0.1,1.67830503641378,0,0.0724423140847383,0,0,7.11449748972233
30,smooth_beta_0p99,Causal EWMA beta 0.99,10.5178565,0.0169558611808464,0.999007986212641,14.7795268614866,0.156137159923431,0,0.1,0.7,0,0.05,0,0,1.0265850803523
30,clock_lead_20,Clock lead 20 frames,10.458198,0.0171747598029357,0.999203566173114,22.4682882990345,0.233000129715225,NaN,0.8,0,0.00368324125230203,1.0132871381584,-20,0,5.35355164439986
30,false_event_minus50,Additional false event at -50,10.5896058,0.0172902128081674,0.99900441832746,14.6168794911077,0.154508609342938,0,0.1,0.731629905794814,0.00368324125230203,1.0132871381584,0,0,5.12925408641697
30,compound_stress,Compound side-information stress,10.5318536,0.016956131472325,0.999217214939337,22.516121741973,0.233479393702459,NaN,0.8,0,0.00184162062615101,2.53321784539601,10,0.319047619047619,0.947421931798699
31,fixed_huber,Huber fixed lambda 0.80,10.5830005,0.0169326944784562,1.00026657759442,23.8915377365651,0.247806575234275,NaN,0.8,0,0,NaN,NaN,NaN,NaN
31,noise_free_mutation_aligned,Noise-free mutation-aligned cue,10.4908766,0.0169326944784562,0.999686535512806,12.8778286246306,0.137835045987007,0,0.1,1.27892020650628,0,0.05,0,0,100
31,noisy_mutation_aligned,Noisy mutation-aligned cue,10.6675593,0.0170585507891106,0.999619503210215,14.0206248807645,0.149268487386121,0,0.1,0.937856000872614,0.0418604651162791,0.579272370073001,0,0,8.59812438352826
31,delay_random_2_5,Random delay 2-5 frames,10.5354141,0.0170585507891106,0.999709845622276,13.171407780947,0.140689421756748,2,0.1,0.945560376732234,0.0418604651162791,0.579272370073001,2,0,8.83210599170383
31,noise_0p50,Noise sigma 0.50,10.5471105,0.0170585507891106,0.999617313878273,13.6979293488274,0.146014947234616,0,0.1,0.912709642582446,0.0418604651162791,1.44818092518252,0,0,3.41921346875089
31,noise_1p00,Noise sigma 1.00,10.5974489,0.0170585507891106,0.999617313878273,12.2944020572602,0.131982433922758,0,0.1,1.25228270064649,0.0418604651162791,2.89636185036504,0,0,1.6929098304918
31,delay_10,Delay 10 frames,10.6339727,0.0170585507891106,1.00021668807193,14.041646375763,0.149549286733003,5,0.1,1.32746911004603,0.0418604651162791,0.579272370073001,10,0,7.47817739249905
31,delay_20,Delay 20 frames,10.6004624,0.0170585507891106,1.00021668807193,16.6454600335706,0.17537428639246,5,0.1,1.72835548680386,0.0418604651162791,0.579272370073001,20,0,8.22585867546589
31,gain_0p25,Moderate attenuation (gain 0.25),10.5241823,0.0170585507891106,0.999617313878273,12.9440292565447,0.138492551816815,0,0.1,1.06927328852774,0.0418604651162791,0.579272370073001,0,0,2.12448574005659
31,gain_0p10,Severe attenuation (gain 0.10),10.5930442,0.0170585507891106,1.00021668807193,14.3999442560103,0.153051812600028,5,0.189123790304597,1.17268462052516,0.0418604651162791,0.579272370073001,0,0,0.829758011362259
31,random_noise_only,Random noise only,10.614921,0.0170585507891106,1.00021668807193,16.7496002220678,0.176414135608325,5,0.372306327536261,0.927559470646986,0.0418604651162791,0.579272370073001,NaN,0,NaN
31,constant,Constant signal,10.4554849,0.0169326944784562,1.00026657759442,23.8915377365651,0.247806575234275,NaN,0.8,0,0,0.05,NaN,0,NaN
31,missing_random_0p30,Random missing 30% with causal hold,10.4912992,0.0177622379706922,0.99951576292013,12.1130410685705,0.129908269163646,0,0.1,1.12313150490493,0.0348837209302326,0.579272370073001,0,0.27891156462585,8.59812438352826
31,missing_random_0p50,Random missing 50% with causal hold,10.5993774,0.0175848993015295,0.999696334255072,11.6138729348499,0.125138154834206,2,0.1,1.05974043581314,0.0255813953488372,0.579272370073001,0,0.473469387755102,0
31,missing_burst_20,Event burst missing 20 frames,10.5838614,0.0170585507891106,1.00021668807193,22.5297150343503,0.23413643055209,25,0.680294301018912,0.119705698981088,0.0418604651162791,0.579272370073001,0,0.0136054421768707,0
31,smooth_beta_0p90,Causal EWMA beta 0.90,10.5157137,0.0169314932540492,0.999708707129356,10.5808669738261,0.114619101229404,0,0.1,1.95136849334737,0.00930232558139535,0.0549743917299692,0,0,8.97004417929163
31,smooth_beta_0p99,Causal EWMA beta 0.99,10.6148954,0.0169326944784562,1.00026657759442,23.8915377365651,0.247806575234275,NaN,0.8,0,0,0.05,0,0,0.984885161834477
31,clock_lead_20,Clock lead 20 frames,10.6420444,0.017296680669915,1.0002504473475,23.6278657231968,0.245157913325818,5,0.783624926238736,0.0346234860354845,0.0465116279069767,0.579272370073001,-20,0,8.52057412588193
31,false_event_minus50,Additional false event at -50,10.5212533,0.01725046945417,0.999665605330024,14.1277801246098,0.15029361787817,0,0.1,0.937863922317947,0.0465116279069767,0.579272370073001,0,0,8.5980935852422
31,compound_stress,Compound side-information stress,10.4984401,0.0177622379706922,1.00014888565481,16.4496998627239,0.173417164197635,13,0.1,0.7,0.0348837209302326,1.44818092518252,10,0.27891156462585,0
32,fixed_huber,Huber fixed lambda 0.80,10.5834549,0.0172279016970851,1.00009713081419,25.4582376243976,0.262659082263609,NaN,0.8,0,0,NaN,NaN,NaN,NaN
32,noise_free_mutation_aligned,Noise-free mutation-aligned cue,10.6368716,0.0172279016970851,0.999833466498507,14.2361806397564,0.150203206829466,0,0.1,1.27892020650628,0,0.05,0,0,100
32,noisy_mutation_aligned,Noisy mutation-aligned cue,10.6430903,0.01690460416971,0.999841104131888,15.4323100579369,0.162032597656863,0,0.1,1.0301859646798,0.0931952662721894,0.468036248167686,0,0,11.158140539202
32,delay_random_2_5,Random delay 2-5 frames,10.5293834,0.01690460416971,1.00010874713233,15.4380932135293,0.162212374681997,4,0.1,1.0914879662779,0.0931952662721894,0.468036248167686,4,0,10.7440348713086
32,noise_0p50,Noise sigma 0.50,10.5846347,0.0169046041697099,0.999845497255783,15.6125637930314,0.163818557029351,0,0.1,1.15476474479817,0.0931952662721894,1.17009062041919,0,0,4.74838058632522
32,noise_1p00,Noise sigma 1.00,10.4513093,0.0169046041697099,0.999851904735846,15.4476071880352,0.16217002936695,0,0.1,1.5896759038321,0.0931952662721894,2.34018124083838,0,0,2.61179393536619
32,delay_10,Delay 10 frames,10.6089052,0.01690460416971,1.00010874713233,16.2543977683615,0.171178245349111,10,0.1,1.05990688662573,0.0931952662721894,0.468036248167686,10,0,10.5279716955376
32,delay_20,Delay 20 frames,10.4994978,0.01690460416971,1.00010874713233,21.2136117060281,0.220344714274578,13,0.1,1.30151874761395,0.0931952662721894,0.468036248167686,20,0,10.1975233374015
32,gain_0p25,Moderate attenuation (gain 0.25),10.5788574,0.01690460416971,0.999849154632679,15.5355109183803,0.163044583613727,0,0.1,1.39908690518204,0.0931952662721894,0.468036248167686,0,0,3.14594059810587
32,gain_0p10,Severe attenuation (gain 0.10),10.5415048,0.01690460416971,1.00006928122085,20.3493341072167,0.211380432228511,0,0.1,1.98786237542732,0.0931952662721894,0.468036248167686,0,0,1.54350060988664
32,random_noise_only,Random noise only,10.5682482,0.01690460416971,1.00010874713233,23.2248692169273,0.240331395233977,13,0.1,1.47879167094966,0.0931952662721894,0.468036248167686,NaN,0,NaN
32,constant,Constant signal,10.5433768,0.0172279016970851,1.00009713081419,25.4582376243976,0.262659082263609,NaN,0.8,0,0,0.05,NaN,0,NaN
32,missing_random_0p30,Random missing 30% with causal hold,10.5932885,0.0169525649192087,0.99987299121583,14.4087643248728,0.151903852827623,0,0.1,1.13938752362675,0.0695266272189349,0.468036248167686,0,0.296598639455782,10.9179040048029
32,missing_random_0p50,Random missing 50% with causal hold,10.5419131,0.0170883917154634,0.999881405553338,14.0672041786095,0.148512790518762,0,0.1,1.14916448679999,0.0414201183431953,0.468036248167686,0,0.502721088435374,10.9179040048029
32,missing_burst_20,Event burst missing 20 frames,10.4552564,0.01690460416971,1.00010874713233,25.4885074843058,0.262923704786272,35,0.1,1.1478943099082,0.0931952662721894,0.468036248167686,0,0.0136054421768707,0
32,smooth_beta_0p90,Causal EWMA beta 0.90,10.4876913,0.0172242123646248,0.999608562531283,10.6647310171307,0.114863752087271,0,0.1,1.85544741790921,0.00887573964497041,0.0575772736611415,0,0,8.9903861631561
32,smooth_beta_0p99,Causal EWMA beta 0.99,10.5247552,0.0172279016970851,0.999879931252325,16.1281575982814,0.169090285183556,0,0.1,0.7,0,0.05,0,0,1.03051112557331
32,clock_lead_20,Clock lead 20 frames,10.5644095,0.017048231538835,1.00010378941987,25.3291949737814,0.261350662260535,13,0.738047186147596,0.120879423479647,0.0961538461538462,0.468036248167686,-20,0,11.6708826652073
32,false_event_minus50,Additional false event at -50,10.5402572,0.0176323094101497,0.999871987559463,15.8964792579939,0.166662849599167,0,0.104745196534485,1.02320953832947,0.100591715976331,0.468036248167686,0,0,11.1581024212224
32,compound_stress,Compound side-information stress,10.5876168,0.0169525649192087,1.00010614591497,16.1802729725448,0.170437733124116,10,0.1,1.11088172813185,0.0695266272189349,1.17009062041919,10,0.296598639455782,1.98162509170177
33,fixed_huber,Huber fixed lambda 0.80,10.3948716,0.014950914805369,0.998641507503469,21.6588426240482,0.224280527264283,NaN,0.8,0,0,NaN,NaN,NaN,NaN
33,noise_free_mutation_aligned,Noise-free mutation-aligned cue,10.567891,0.014950914805369,0.998364652254941,10.6351129319809,0.113769064112921,0,0.1,1.27892020650628,0,0.05,0,0,100
33,noisy_mutation_aligned,Noisy mutation-aligned cue,10.5670138,0.014950914805369,0.998364652254941,12.5898474920348,0.133397961166233,0,0.1,0.731421625478251,0,1.06952390433415,0,0,4.42364007461319
33,delay_random_2_5,Random delay 2-5 frames,10.5877307,0.014950914805369,0.998641507503469,13.2655573269933,0.140148897412221,4,0.1,0.7,0,1.06952390433415,4,0,4.73869151444258
33,noise_0p50,Noise sigma 0.50,10.6649248,0.014950914805369,0.998364652254941,12.7261957761251,0.134770717258745,0,0.1,0.7,0,2.67380976083538,0,0,1.61865368034677
33,noise_1p00,Noise sigma 1.00,10.5340537,0.014950914805369,0.998641507503469,21.6588426240482,0.224280527264283,NaN,0.8,0,0,5.34761952167078,0,0,0.6836582155913
33,delay_10,Delay 10 frames,10.4964157,0.014950914805369,0.998641507503469,15.1343673333671,0.158970389968841,10,0.1,0.748514165753444,0,1.06952390433415,10,0,4.74147394394501
33,delay_20,Delay 20 frames,10.5105485,0.014950914805369,0.998641507503469,20.6759806687212,0.214449405548786,20,0.1,0.7,0,1.06952390433415,20,0,4.58771466150216
33,gain_0p25,Moderate attenuation (gain 0.25),10.6403129,0.014950914805369,0.998641507503469,21.6588426240482,0.224280527264283,NaN,0.8,0,0,1.06952390433415,0,0,0.91740708178017
33,gain_0p10,Severe attenuation (gain 0.10),10.6261827,0.014950914805369,0.998641507503469,21.6588426240482,0.224280527264283,NaN,0.8,0,0,1.06952390433415,0,0,0.216160483213565
33,random_noise_only,Random noise only,10.5068323,0.014950914805369,0.998641507503469,21.6588426240482,0.224280527264283,NaN,0.8,0,0,1.06952390433415,NaN,0,NaN
33,constant,Constant signal,10.4438621,0.014950914805369,0.998641507503469,21.6588426240482,0.224280527264283,NaN,0.8,0,0,0.05,NaN,0,NaN
33,missing_random_0p30,Random missing 30% with causal hold,10.6861381,0.014950914805369,0.99850499359811,11.497233667926,0.122364615255829,1,0.1,0.989691688530785,0,1.06952390433415,0,0.280272108843537,0
33,missing_random_0p50,Random missing 50% with causal hold,10.5863596,0.014950914805369,0.998641507503469,13.2655573269933,0.140148897412221,4,0.1,0.7,0,1.06952390433415,0,0.487755102040816,0
33,missing_burst_20,Event burst missing 20 frames,10.5450369,0.014950914805369,0.998641507503469,21.6588426240482,0.224280527264283,NaN,0.8,0,0,1.06952390433415,0,0.0136054421768707,0
33,smooth_beta_0p90,Causal EWMA beta 0.90,10.464139,0.014950914805369,0.998364652254941,9.17147751469943,0.0991209730673092,0,0.1,1.34772550143521,0,0.0963642375905105,0,0,5.09519018638415
33,smooth_beta_0p99,Causal EWMA beta 0.99,10.5419925,0.014950914805369,0.998641507503469,21.6588426240482,0.224280527264283,NaN,0.8,0,0,0.05,0,0,0.988608936835682
33,clock_lead_20,Clock lead 20 frames,10.5603546,0.0156094646116224,0.998635953841926,21.6188737598213,0.223878375113742,NaN,0.8,0,0.00173913043478261,1.06952390433415,-20,0,4.65784473731057
33,false_event_minus50,Additional false event at -50,10.5652881,0.0153455624880947,0.998384385717819,13.1802045974083,0.139325163467461,0,0.116501556480349,0.714181641060682,0.00173913043478261,1.06952390433415,0,0,4.4236233937367
33,compound_stress,Compound side-information stress,10.5302036,0.014950914805369,0.998641507503469,21.6588426240482,0.224280527264283,NaN,0.8,0,0,2.67380976083538,10,0.280272108843537,0
34,fixed_huber,Huber fixed lambda 0.80,10.5476464,0.0160861065248697,1.00031768224821,26.0063877450944,0.268332254419496,NaN,0.8,0,0,NaN,NaN,NaN,NaN
34,noise_free_mutation_aligned,Noise-free mutation-aligned cue,10.5375878,0.0160861065248697,1.00030162691091,13.6871004715827,0.145449907386919,0,0.1,1.27892020650628,0,0.05,0,0,100
34,noisy_mutation_aligned,Noisy mutation-aligned cue,10.5193757,0.0158948356023936,1.00029916120287,15.8283816188168,0.166778342741031,0,0.1,0.856129725926369,0.0242165242165242,0.670543083250758,0,0,7.63503384963805
34,delay_random_2_5,Random delay 2-5 frames,10.4316097,0.0158948356023936,1.00032415098142,15.6408946489347,0.1649045082672,3,0.1,0.890811257174777,0.0242165242165242,0.670543083250758,3,0,7.77562150950932
34,noise_0p50,Noise sigma 0.50,10.5074259,0.0158948356023935,1.00029916120287,16.4128176881499,0.17259945965117,0,0.1,0.75153076129067,0.0242165242165242,1.67635770812688,0,0,3.16104839674793
34,noise_1p00,Noise sigma 1.00,10.4036385,0.0158948356023936,1.00029916120287,16.6515889854949,0.174974082755899,0,0.1,0.7,0.0242165242165242,3.35271541625377,0,0,1.6697199124512
34,delay_10,Delay 10 frames,10.498454,0.0158948356023936,1.00032074720159,19.1005800162604,0.199385113443281,10,0.1,0.83177257794053,0.0242165242165242,0.670543083250758,10,0,8.03554271097178
34,delay_20,Delay 20 frames,10.5068013,0.0158948356023936,1.00032074720159,22.0972575436848,0.229315732773064,20,0.1,0.844350058741832,0.0242165242165242,0.670543083250758,20,0,7.49558824385676
34,gain_0p25,Moderate attenuation (gain 0.25),10.4224979,0.0158948356023936,1.00029916120287,16.6090432000878,0.174551092079182,0,0.1,0.708606558572182,0.0242165242165242,0.670543083250758,0,0,2.04255203352537
34,gain_0p10,Severe attenuation (gain 0.10),10.6416921,0.0158948356023936,1.00032074720159,25.9518754973305,0.267786328213879,NaN,0.8,0,0.0242165242165242,0.670543083250758,0,0,0.924055670302834
34,random_noise_only,Random noise only,10.6007468,0.0158948356023936,1.00032074720159,25.9518754973305,0.267786328816212,NaN,0.8,0,0.0242165242165242,0.670543083250758,NaN,0,NaN
34,constant,Constant signal,10.6126791,0.0160861065248697,1.00031768224821,26.0063877450944,0.268332254419496,NaN,0.8,0,0,0.05,NaN,0,NaN
34,missing_random_0p30,Random missing 30% with causal hold,10.5434278,0.0159074410840903,1.00029529088604,15.131532285127,0.159845378258399,0,0.1,0.972139875009161,0.0142450142450142,0.670543083250758,0,0.297959183673469,7.63503384963805
34,missing_random_0p50,Random missing 50% with causal hold,10.5224461,0.0158870344929551,1.00028356079032,15.5262999464762,0.163728663132897,4,0.1,0.92055175510348,0.00997150997150997,0.670543083250758,0,0.5,0
34,missing_burst_20,Event burst missing 20 frames,10.5302066,0.0158948356023936,1.00032074720159,25.9518754973305,0.26778633451313,NaN,0.8,0,0.0242165242165242,0.670543083250758,0,0.0136054421768707,0
34,smooth_beta_0p90,Causal EWMA beta 0.90,10.4794841,0.0160861065248697,1.00030162691091,10.9531025914135,0.117960368136083,0,0.1,1.65944919069158,0,0.0746589501228586,0,0,6.58381085130953
34,smooth_beta_0p99,Causal EWMA beta 0.99,10.5053438,0.0160861065248697,1.00031768224821,26.0063877450944,0.268332254419496,NaN,0.8,0,0,0.05,0,0,0.996941068079629
34,clock_lead_20,Clock lead 20 frames,10.7097968,0.016514965798115,1.00031739434578,25.877172843076,0.267036907004723,NaN,0.8,0,0.0327635327635328,0.670543083250758,-20,0,8.43109969233963
34,false_event_minus50,Additional false event at -50,10.5940671,0.0160837779422268,1.00029428504063,15.8113972234887,0.166605716588364,0,0.1,0.856134493070442,0.0284900284900285,0.670543083250758,0,0,7.63500724344883
34,compound_stress,Compound side-information stress,10.5591827,0.0159074410840903,1.00032077735076,19.2597512398055,0.200978274059834,10,0.1,0.910598900211332,0.0142450142450142,1.67635770812688,10,0.297959183673469,1.58390800863373
35,fixed_huber,Huber fixed lambda 0.80,10.5191216,0.0167977026811183,0.999981071260822,24.3631423757318,0.251788136094174,NaN,0.8,0,0,NaN,NaN,NaN,NaN
35,noise_free_mutation_aligned,Noise-free mutation-aligned cue,10.5989076,0.0167977026811183,0.999422748841291,12.684438694795,0.135283251424406,0,0.1,1.27892020650628,0,0.05,0,0,100
35,noisy_mutation_aligned,Noisy mutation-aligned cue,10.601068,0.0167965021747186,0.99949182863172,14.9304414918072,0.157629453822,0,0.1,0.815447335554419,0.00920810313075507,0.780499834009063,0,0,6.50072077057595
35,delay_random_2_5,Random delay 2-5 frames,10.7270478,0.0167965021747186,0.999859619555085,15.7819826232488,0.166036004690168,5,0.1,0.787151357518637,0.00920810313075507,0.780499834009063,5,0,6.19789693648114
35,noise_0p50,Noise sigma 0.50,10.3852458,0.0167965021747186,0.999534595097954,15.5510559098006,0.163851793145892,0,0.1,0.7,0.00920810313075507,1.95124958502264,0,0,2.65703001078374
35,noise_1p00,Noise sigma 1.00,10.4654347,0.0167965021747186,0.999534595097954,15.5510559098006,0.163851793145892,0,0.1,0.7,0.00920810313075507,3.9024991700453,0,0,1.37579975751965
35,delay_10,Delay 10 frames,10.5856757,0.0167965021747186,0.999980334756441,17.0221888504846,0.178334720940339,10,0.1,0.793548781185836,0.00920810313075507,0.780499834009063,10,0,6.82284065610231
35,delay_20,Delay 20 frames,10.5593174,0.0167965021747186,0.999980334756441,21.8091512825362,0.226217412004301,20,0.1,0.85053488880637,0.00920810313075507,0.780499834009063,20,0,6.96776345133092
35,gain_0p25,Moderate attenuation (gain 0.25),10.6263148,0.0167965021747186,0.999534595097954,15.5510559098006,0.163851793145892,0,0.1,0.7,0.00920810313075507,0.780499834009063,0,0,1.69610732083566
35,gain_0p10,Severe attenuation (gain 0.10),10.480938,0.0167965021747186,0.999980334756441,24.3296660069689,0.251443177064353,NaN,0.8,0,0.00920810313075507,0.780499834009063,0,0,0.735184630887608
35,random_noise_only,Random noise only,10.5132018,0.0167965021747186,0.999980334756441,24.3296660069689,0.251443177064353,NaN,0.8,0,0.00920810313075507,0.780499834009063,NaN,0,NaN
35,constant,Constant signal,10.5735103,0.0167977026811183,0.999981071260822,24.3631423757318,0.251788136094174,NaN,0.8,0,0,0.05,NaN,0,NaN
35,missing_random_0p30,Random missing 30% with causal hold,10.5889102,0.01679633716264,0.999843202678431,15.4445676446995,0.162789462600293,2,0.1,0.746260287952853,0.00184162062615101,0.780499834009063,0,0.289795918367347,0
35,missing_random_0p50,Random missing 50% with causal hold,10.5249984,0.0167977026811183,0.999845656799105,15.5165039150847,0.163531046431183,2,0.1,0.726857507646639,0,0.780499834009063,0,0.500680272108844,0
35,missing_burst_20,Event burst missing 20 frames,10.6125883,0.0167965021747186,0.999980334756441,24.3296660069689,0.251443177064353,NaN,0.8,0,0.00920810313075507,0.780499834009063,0,0.0136054421768707,0
35,smooth_beta_0p90,Causal EWMA beta 0.90,10.5483617,0.0167977026811183,0.999239002819402,10.3205302679327,0.111648649350272,0,0.1,1.69168231927251,0,0.0668048470169246,0,0,7.70591341416119
35,smooth_beta_0p99,Causal EWMA beta 0.99,10.5723641,0.0167977026811183,0.99952636839053,15.5756468569277,0.164121165613133,0,0.1,0.7,0,0.05,0,0,1.03394087412457
35,clock_lead_20,Clock lead 20 frames,10.6533206,0.0171658161215678,0.999973510820974,24.3192150301346,0.251325894949715,NaN,0.8,0,0.0147329650092081,0.780499834009063,-20,0,6.26005243981821
35,false_event_minus50,Additional false event at -50,10.5948426,0.0169167789217818,0.999502038572727,14.9065975956056,0.157371934024658,0,0.1,0.815452129658547,0.0110497237569061,0.780499834009063,0,0,6.50069791266441
35,compound_stress,Compound side-information stress,10.547186,0.01679633716264,0.999979037124044,17.3873824131093,0.18200899693266,10,0.1,0.7,0.00184162062615101,1.95124958502264,10,0.289795918367347,1.99125139372965
36,fixed_huber,Huber fixed lambda 0.80,10.7225976,0.0164830746376464,0.999009785806681,21.9191612656586,0.227631159751289,NaN,0.8,0,0,NaN,NaN,NaN,NaN
36,noise_free_mutation_aligned,Noise-free mutation-aligned cue,10.5122646,0.0164830746376464,0.998611996827041,11.5347130106833,0.123675015444918,0,0.1,1.27892020650628,0,0.05,0,0,100
36,noisy_mutation_aligned,Noisy mutation-aligned cue,10.5116338,0.016481492821601,0.998597499863038,12.9915489752484,0.138255478293484,0,0.1,0.858439557561637,0.0145137880986938,0.66470451500126,0,0,7.45134854198495
36,delay_random_2_5,Random delay 2-5 frames,10.5689909,0.016481492821601,0.998824708040974,13.4778296750877,0.143121453787346,3,0.1,0.84383962127798,0.0145137880986938,0.66470451500126,3,0,7.9742057541596
36,noise_0p50,Noise sigma 0.50,10.5828818,0.016481492821601,0.998597499863038,13.2470347573902,0.140797380205419,0,0.1,0.835768351900735,0.0145137880986938,1.66176128750313,0,0,2.93806492152648
36,noise_1p00,Noise sigma 1.00,10.6052965,0.016481492821601,0.998597499863038,13.6492102197406,0.144748960718249,0,0.1,0.92653756358085,0.0145137880986938,3.32352257500627,0,0,1.43363704804029
36,delay_10,Delay 10 frames,10.5290153,0.016481492821601,0.999003312255603,15.1814546467369,0.160192732425924,10,0.1,0.821881098432331,0.0145137880986938,0.66470451500126,10,0,7.83135166985617
36,delay_20,Delay 20 frames,10.6567565,0.016481492821601,0.999003312255603,20.7134226745596,0.215540923381231,20,0.1,0.779501953661286,0.0145137880986938,0.66470451500126,20,0,7.52620706502946
36,gain_0p25,Moderate attenuation (gain 0.25),10.4969294,0.016481492821601,0.998597499863038,13.5783556033989,0.144078203083093,0,0.1,0.832530972603627,0.0145137880986938,0.66470451500126,0,0,1.80974401641182
36,gain_0p10,Severe attenuation (gain 0.10),10.5517985,0.016481492821601,0.999003312255603,21.9161805394709,0.227939680002015,49,0.1,0.7,0.0145137880986938,0.66470451500126,0,0,0.681423111297194
36,random_noise_only,Random noise only,10.5972644,0.016481492821601,0.999003312255603,21.9161805394709,0.227939680002015,49,0.1,0.7,0.0145137880986938,0.66470451500126,NaN,0,NaN
36,constant,Constant signal,10.6016285,0.0164830746376464,0.999009785806681,21.9191612656586,0.227631159751289,NaN,0.8,0,0,0.05,NaN,0,NaN
36,missing_random_0p30,Random missing 30% with causal hold,10.4729733,0.0164907190633865,0.998627448348704,12.3373338868683,0.131709267694363,0,0.1,1.05774115902218,0.00870827285921625,0.66470451500126,0,0.297959183673469,7.42737479480383
36,missing_random_0p50,Random missing 50% with causal hold,10.5107588,0.0171110640167238,0.998594947027417,11.44842508607,0.1228247404016,0,0.1,1.10421289624414,0.00870827285921625,0.66470451500126,0,0.500680272108844,7.57638627027021
36,missing_burst_20,Event burst missing 20 frames,10.558658,0.016481492821601,0.999003312255603,21.9161805394709,0.227939680002015,49,0.1,0.7,0.0145137880986938,0.66470451500126,0,0.0136054421768707,0
36,smooth_beta_0p90,Causal EWMA beta 0.90,10.5998511,0.016385888177296,0.998627001683165,8.96895618255727,0.0980525448488632,0,0.1,1.89323403910252,0.00725689404934688,0.05,0,0,10.2576087103389
36,smooth_beta_0p99,Causal EWMA beta 0.99,10.5972502,0.0164830746376464,0.998611996827041,13.6666964519781,0.145033478133513,0,0.1,0.7,0,0.05,0,0,1.02596406732619
36,clock_lead_20,Clock lead 20 frames,10.6052736,0.0168078925746082,0.999015022689086,21.863676236623,0.227070218497714,49,0.785245077982999,0.0147549220170015,0.0203193033381713,0.66470451500126,-20,0,7.31761113212002
36,false_event_minus50,Additional false event at -50,10.4944436,0.0167998545411153,0.998608528069736,12.9967991530829,0.138309358048082,0,0.1,0.858445612667907,0.0217706821480406,0.66470451500126,0,0,7.45132170209481
36,compound_stress,Compound side-information stress,10.4487453,0.0164907190633865,0.999017736469787,14.6100076311134,0.154526191292351,7,0.1,0.7,0.00870827285921625,1.66176128750313,10,0.297959183673469,0
37,fixed_huber,Huber fixed lambda 0.80,10.5464964,0.0170583927518431,0.999142620964421,24.2012539168818,0.250513044931923,NaN,0.8,0,0,NaN,NaN,NaN,NaN
37,noise_free_mutation_aligned,Noise-free mutation-aligned cue,10.4225413,0.0170583927518431,0.998849318271853,12.4091275770086,0.132549605831042,0,0.1,1.27892020650628,0,0.05,0,0,100
37,noisy_mutation_aligned,Noisy mutation-aligned cue,10.6384101,0.0170583927518431,0.998879793958405,15.7088915489781,0.165605176800882,0,0.1,0.700690802020771,0,1.07484992780735,0,0,4.93945494734563
37,delay_random_2_5,Random delay 2-5 frames,10.588388,0.0170583927518431,0.999142620964421,16.9052082839723,0.177626555295884,4,0.1,0.7,0,1.07484992780735,4,0,4.12428636416844
37,noise_0p50,Noise sigma 0.50,10.5355882,0.0170583927518431,0.998879793958405,15.7133352860561,0.165649869853704,0,0.1,0.7,0,2.68712481951836,0,0,2.14836763144482
37,noise_1p00,Noise sigma 1.00,10.5179679,0.0170583927518431,0.998879793958405,15.7133352860561,0.165649869853704,0,0.1,0.7,0,5.37424963903673,0,0,1.21800519281121
37,delay_10,Delay 10 frames,10.4394401,0.0170583927518431,0.999142620964421,17.5689379143513,0.184356844767592,10,0.1,0.7,0,1.07484992780735,10,0,4.34346182898484
37,delay_20,Delay 20 frames,10.6143563,0.0170583927518431,0.999142620964421,21.8052626041564,0.22651965193987,20,0.1,0.747920738460749,0,1.07484992780735,20,0,4.63053142741519
37,gain_0p25,Moderate attenuation (gain 0.25),10.6596746,0.0170583927518431,0.998879793958405,15.7133352860561,0.165649869853704,0,0.1,0.7,0,1.07484992780735,0,0,1.45059580246961
37,gain_0p10,Severe attenuation (gain 0.10),10.5118325,0.0170583927518431,0.999142620964421,24.2012539168818,0.250513044931923,NaN,0.8,0,0,1.07484992780735,0,0,0.752823973494403
37,random_noise_only,Random noise only,10.525564,0.0170583927518431,0.999142620964421,24.2012539168818,0.250513044931923,NaN,0.8,0,0,1.07484992780735,NaN,0,NaN
37,constant,Constant signal,10.439238,0.0170583927518431,0.999142620964421,24.2012539168818,0.250513044931923,NaN,0.8,0,0,0.05,NaN,0,NaN
37,missing_random_0p30,Random missing 30% with causal hold,10.4261931,0.017058466516716,0.998879792121944,15.2299421918523,0.160792475146163,0,0.1,0.765729098367141,0.00127551020408163,1.07484992780735,0,0.293197278911565,4.85636064007001
37,missing_random_0p50,Random missing 50% with causal hold,10.5912526,0.0170583927518431,0.998879793958405,13.9827895452242,0.148292243714967,0,0.1,0.948076989508071,0,1.07484992780735,0,0.494557823129252,4.85636064007001
37,missing_burst_20,Event burst missing 20 frames,10.5763875,0.0170583927518431,0.999142620964421,24.2012539168818,0.250513044931923,NaN,0.8,0,0,1.07484992780735,0,0.0136054421768707,0
37,smooth_beta_0p90,Causal EWMA beta 0.90,10.4061602,0.0170583927518431,0.998761319382496,9.8033867748626,0.10650751176865,0,0.1,1.5893092547845,0,0.0797853374350716,0,0,6.46831858277833
37,smooth_beta_0p99,Causal EWMA beta 0.99,10.4958001,0.0170583927518431,0.998879793958405,15.7133352860561,0.165649869853704,0,0.1,0.7,0,0.05,0,0,1.02159191884908
37,clock_lead_20,Clock lead 20 frames,10.6020523,0.0169906018773485,0.999140810234619,24.1853245050979,0.250355246033737,NaN,0.8,0,0.00127551020408163,1.07484992780735,-20,0,4.41551763290062
37,false_event_minus50,Additional false event at -50,10.4966647,0.0176292027794211,0.998878658193379,15.6794156173926,0.165308649336062,0,0.1,0.700692018060037,0.00255102040816327,1.07484992780735,0,0,4.93943834912508
37,compound_stress,Compound side-information stress,10.5161748,0.017058466516716,0.99914329544985,24.1971979472095,0.250474251109537,NaN,0.8,0,0.00127551020408163,2.68712481951836,10,0.293197278911565,0
38,fixed_huber,Huber fixed lambda 0.80,10.4624909,0.0172328988369646,0.998278753104334,23.2163643272596,0.240101865723296,NaN,0.8,0,0,NaN,NaN,NaN,NaN
38,noise_free_mutation_aligned,Noise-free mutation-aligned cue,10.5467644,0.0172328988369646,0.99807976682711,11.7018258152945,0.125394130526301,0,0.1,1.27892020650628,0,0.05,0,0,100
38,noisy_mutation_aligned,Noisy mutation-aligned cue,10.6036855,0.0172328988369646,0.99807976682711,14.0988022545773,0.149146033836432,0,0.1,0.7,0,1.11158683461731,0,0,4.10355150796083
38,delay_random_2_5,Random delay 2-5 frames,10.4942559,0.0172328988369646,0.998278753104334,14.6479145961798,0.154407406314542,5,0.1,0.7,0,1.11158683461731,5,0,4.11337381279918
38,noise_0p50,Noise sigma 0.50,10.491981,0.0172328988369646,0.99807976682711,14.0988022545773,0.149146033836432,0,0.1,0.7,0,2.7789670865433,0,0,1.4047070213465
38,noise_1p00,Noise sigma 1.00,10.6387306,0.0172328988369646,0.998278753104334,23.2163643272596,0.240101865723296,NaN,0.8,0,0,5.5579341730866,0,0,0.505092192475071
38,delay_10,Delay 10 frames,10.4557165,0.0172328988369646,0.998278753104334,16.2675451124675,0.170626321439896,10,0.1,0.723921664042134,0,1.11158683461731,10,0,4.35370006849819
38,delay_20,Delay 20 frames,10.5136834,0.0172328988369646,0.998278753104334,21.128735563539,0.219105401026737,20,0.1,0.702705339822934,0,1.11158683461731,20,0,4.39254336755502
38,gain_0p25,Moderate attenuation (gain 0.25),10.7242687,0.0172328988369646,0.998278753104334,23.2163643272596,0.240101865723296,NaN,0.8,0,0,1.11158683461731,0,0,0.729995899692934
38,gain_0p10,Severe attenuation (gain 0.10),10.6725703,0.0172328988369646,0.998278753104334,23.2163643272596,0.240101865723296,NaN,0.8,0,0,1.11158683461731,0,0,0.0552847780393537
38,random_noise_only,Random noise only,10.6545705,0.0172328988369646,0.998278753104334,23.2163643272596,0.240101865723296,NaN,0.8,0,0,1.11158683461731,NaN,0,NaN
38,constant,Constant signal,10.4962661,0.0172328988369646,0.998278753104334,23.2163643272596,0.240101865723296,NaN,0.8,0,0,0.05,NaN,0,NaN
38,missing_random_0p30,Random missing 30% with causal hold,10.5466937,0.0172328988369646,0.99807976682711,13.9218476198984,0.147402341910091,0,0.1,0.737029560404136,0,1.11158683461731,0,0.281632653061224,4.10355150796083
38,missing_random_0p50,Random missing 50% with causal hold,10.539139,0.0172328988369646,0.998278753104334,14.1621060295256,0.14976785099338,2,0.1,0.713630259260424,0,1.11158683461731,0,0.472108843537415,0
38,missing_burst_20,Event burst missing 20 frames,10.5487855,0.0172328988369646,0.998278753104334,23.2163643272596,0.240101865723296,NaN,0.8,0,0,1.11158683461731,0,0.0136054421768707,0
38,smooth_beta_0p90,Causal EWMA beta 0.90,10.5044175,0.0172324330125498,0.998074920036784,7.68221338734513,0.0849642778136537,0,0.1,1.93952638426894,0.00143884892086331,0.0685441678613083,0,0,6.50928264157572
38,smooth_beta_0p99,Causal EWMA beta 0.99,10.5074283,0.0172328988369646,0.998278753104334,23.2163643272596,0.240101865723296,NaN,0.8,0,0,0.05,0,0,0.897024499438608
38,clock_lead_20,Clock lead 20 frames,10.5369105,0.0176087026255103,0.998280426059029,23.1681452848383,0.239618748282911,NaN,0.8,0,0.00143884892086331,1.11158683461731,-20,0,4.48401420849785
38,false_event_minus50,Additional false event at -50,10.5392038,0.0170464355232702,0.998093868893402,14.0592144384089,0.148727444874848,0,0.1,0.7,0.00287769784172662,1.11158683461731,0,0,4.10353545829597
38,compound_stress,Compound side-information stress,10.6631893,0.0172328988369646,0.998278753104334,23.2163643272596,0.240101865723296,NaN,0.8,0,0,2.7789670865433,10,0.281632653061224,0.755240753012429
39,fixed_huber,Huber fixed lambda 0.80,10.5994534,0.0161451352048116,0.999895277969686,23.737108709929,0.245715565230029,NaN,0.8,0,0,NaN,NaN,NaN,NaN
39,noise_free_mutation_aligned,Noise-free mutation-aligned cue,10.5741437,0.0161451352048116,0.999134853794626,12.9098574950433,0.137366875520548,0,0.1,1.27892020650628,0,0.05,0,0,100
39,noisy_mutation_aligned,Noisy mutation-aligned cue,10.6794825,0.0161423381170975,0.999142043020127,14.630038100938,0.154581476543838,0,0.1,0.820239370136906,0.00854700854700855,0.741608163278031,0,0,7.10775980985387
39,delay_random_2_5,Random delay 2-5 frames,10.5198117,0.0161423381170975,0.999398277312392,15.4298086654361,0.162592215284248,2,0.1,0.776421875322558,0.00854700854700855,0.741608163278031,2,0,6.46665632077466
39,noise_0p50,Noise sigma 0.50,10.4805054,0.0161423381170975,0.999156661425011,15.693649070951,0.165237271210233,0,0.1,0.7,0.00854700854700855,1.85402040819508,0,0,3.06249689535263
39,noise_1p00,Noise sigma 1.00,10.5645817,0.0161423381170975,0.999156661425011,15.693649070951,0.165237271210233,0,0.1,0.7,0.00854700854700855,3.70804081639016,0,0,1.71407592385221
39,delay_10,Delay 10 frames,10.6605737,0.0161423381170975,0.999886920414439,16.2260087453801,0.17065574730339,10,0.1,0.744838190648638,0.00854700854700855,0.741608163278031,10,0,7.08077735535416
39,delay_20,Delay 20 frames,10.6883157,0.0161423381170975,0.999886920414439,21.4696071123032,0.223032179030549,20,0.1,0.749742190135273,0.00854700854700855,0.741608163278031,20,0,6.48161216899615
39,gain_0p25,Moderate attenuation (gain 0.25),10.5066007,0.0161423381170975,0.999156661425011,15.693649070951,0.165237271210233,0,0.1,0.7,0.00854700854700855,0.741608163278031,0,0,2.05118116672732
39,gain_0p10,Severe attenuation (gain 0.10),10.6018995,0.0161423381170975,0.999156661425011,15.693649070951,0.165237271210233,0,0.1,0.7,0.00854700854700855,0.741608163278031,0,0,1.03986543810201
39,random_noise_only,Random noise only,10.5369527,0.0161423381170975,0.999886920414439,23.7389869444004,0.24573202664733,NaN,0.8,0,0.00854700854700855,0.741608163278031,NaN,0,NaN
39,constant,Constant signal,10.5278499,0.0161451352048116,0.999895277969686,23.737108709929,0.245715565230029,NaN,0.8,0,0,0.05,NaN,0,NaN
39,missing_random_0p30,Random missing 30% with causal hold,10.5114178,0.0161461755498229,0.999147702571586,14.1937296499028,0.150220728615986,0,0.1,0.901650722173887,0.00213675213675214,0.741608163278031,0,0.318367346938775,6.59506383663995
39,missing_random_0p50,Random missing 50% with causal hold,10.6125743,0.0161461755498229,0.999306966291894,12.8787839260023,0.137055412400243,1,0.1,1.19929639181513,0.00213675213675214,0.741608163278031,0,0.506122448979592,0
39,missing_burst_20,Event burst missing 20 frames,10.5827595,0.0161423381170975,0.999886920414439,23.7389869444004,0.24573202664733,NaN,0.8,0,0.00854700854700855,0.741608163278031,0,0.0136054421768707,0
39,smooth_beta_0p90,Causal EWMA beta 0.90,10.4781069,0.0161412107844968,0.99905964221172,10.6582272846109,0.114842840589061,0,0.1,1.85897247526765,0.00854700854700855,0.0506783755345622,0,0,10.2789292569771
39,smooth_beta_0p99,Causal EWMA beta 0.99,10.5011381,0.0161451352048116,0.999162736205183,15.7144810623268,0.165450791945653,0,0.1,0.7,0,0.05,0,0,1.05002464918382
39,clock_lead_20,Clock lead 20 frames,10.5661048,0.016432083275053,0.999884194257682,23.6792870680234,0.245136839396307,NaN,0.8,0,0.0170940170940171,0.741608163278031,-20,0,7.09672512731297
39,false_event_minus50,Additional false event at -50,10.553619,0.0165732570791771,0.999137937732489,14.6113558077715,0.154394025945825,0,0.1,0.82024532581633,0.0170940170940171,0.741608163278031,0,0,7.10773575321987
39,compound_stress,Compound side-information stress,10.6034978,0.0161461755498229,0.999896847518216,16.3287860501933,0.171688296302879,10,0.1,0.7,0.00213675213675214,1.85402040819508,10,0.318367346938775,1.6870934693525
40,fixed_huber,Huber fixed lambda 0.80,10.4564428,0.0151207363373524,1.00012363430602,24.9675532235438,0.257661793650259,NaN,0.8,0,0,NaN,NaN,NaN,NaN
40,noise_free_mutation_aligned,Noise-free mutation-aligned cue,10.5222684,0.0151207363373524,0.999718348243154,12.860914695406,0.136709206795234,0,0.1,1.27892020650628,0,0.05,0,0,100
40,noisy_mutation_aligned,Noisy mutation-aligned cue,10.5427024,0.0155811910496529,0.999728542977045,15.3581285632909,0.161649132691413,0,0.1,0.744501290634783,0.00737463126843658,0.73061336348823,0,0,6.28903965107759
40,delay_random_2_5,Random delay 2-5 frames,10.5977646,0.0155811910496529,0.999933327874516,15.5922245752563,0.163957605606081,4,0.1,0.75166744305845,0.00737463126843658,0.73061336348823,4,0,6.82364887374188
40,noise_0p50,Noise sigma 0.50,10.6492796,0.0155811910496529,0.999728542977045,15.5372256934357,0.163443051490282,0,0.1,0.735456300384632,0.00737463126843658,1.82653340872057,0,0,2.18290068630854
40,noise_1p00,Noise sigma 1.00,10.5650589,0.0155811910496529,1.00012557581595,24.9040856528741,0.257025297141273,28,0.1,0.7,0.00737463126843658,3.65306681744113,0,0,0.814187698052181
40,delay_10,Delay 10 frames,10.4450211,0.0155811910496529,1.00012557581595,16.7663394973173,0.175805734900318,10,0.1,0.826109094840487,0.00737463126843658,0.73061336348823,10,0,6.65912587916664
40,delay_20,Delay 20 frames,10.5218142,0.0155811910496529,1.00012557581595,22.3842161093731,0.231767414773143,20,0.1,0.766978233261993,0.00737463126843658,0.73061336348823,20,0,6.31015663332987
40,gain_0p25,Moderate attenuation (gain 0.25),10.5689127,0.0155811910496529,0.999728542977045,15.5292604629062,0.163363414402092,0,0.1,1.00383038836693,0.00737463126843658,0.73061336348823,0,0,1.15636594511627
40,gain_0p10,Severe attenuation (gain 0.10),10.5372234,0.0155811910496529,1.00012557581595,24.9040856528741,0.257025297141273,28,0.1,0.7,0.00737463126843658,0.73061336348823,0,0,0.129831203924001
40,random_noise_only,Random noise only,10.6474794,0.0155811910496529,1.00012557581595,24.9040856528741,0.257025297141273,28,0.1,0.7,0.00737463126843658,0.73061336348823,NaN,0,NaN
40,constant,Constant signal,10.5008422,0.0151207363373524,1.00012363430602,24.9675532235438,0.257661793650259,NaN,0.8,0,0,0.05,NaN,0,NaN
40,missing_random_0p30,Random missing 30% with causal hold,10.4771391,0.0151257229233993,0.999730157001762,14.2332889264478,0.150363742941972,0,0.1,0.963321546638498,0.00294985250737463,0.73061336348823,0,0.315646258503401,7.09325288121096
40,missing_random_0p50,Random missing 50% with causal hold,10.5218529,0.0151209952784829,0.999827480413476,14.0727282914729,0.148769183879629,1,0.1,0.996625229265082,0.00147492625368732,0.73061336348823,0,0.514965986394558,0
40,missing_burst_20,Event burst missing 20 frames,10.4863474,0.0155811910496529,1.00012557581595,24.9040856528741,0.257025297141273,28,0.1,0.7,0.00737463126843658,0.73061336348823,0,0.0136054421768707,0
40,smooth_beta_0p90,Causal EWMA beta 0.90,10.6068829,0.0151208123313629,0.999660817074266,9.98324573545145,0.108021820537003,0,0.1,1.95565942516158,0.00147492625368732,0.0601061654918575,0,0,7.99156413628224
40,smooth_beta_0p99,Causal EWMA beta 0.99,10.4284229,0.0151207363373524,1.00012363430602,24.9675532235438,0.257661793650259,NaN,0.8,0,0,0.05,0,0,0.956016034470366
40,clock_lead_20,Clock lead 20 frames,10.4362437,0.0158845178538921,1.00012328105322,25.0338277990617,0.258309051662716,28,0.792698862068356,0.00730113793164411,0.0117994100294985,0.73061336348823,-20,0,6.92628142366642
40,false_event_minus50,Additional false event at -50,10.4776448,0.015776205784383,0.999745903061189,15.7518180323697,0.165595992426188,0,0.110215590751602,0.733639818485925,0.0132743362831858,0.73061336348823,0,0,6.28901523242191
40,compound_stress,Compound side-information stress,10.5489946,0.0151257229233993,1.00012624798888,17.9531183575017,0.187665613736334,11,0.1,0.79935560304853,0.00294985250737463,1.82653340872057,10,0.315646258503401,0
41,fixed_huber,Huber fixed lambda 0.80,10.5125016,0.0169730142085405,0.998486473940901,24.9609932412267,0.25797424855965,NaN,0.8,0,0,NaN,NaN,NaN,NaN
41,noise_free_mutation_aligned,Noise-free mutation-aligned cue,10.6419159,0.0169730142085405,0.998338227669732,14.8846989864719,0.157465459300518,0,0.1,1.27892020650628,0,0.05,0,0,100
41,noisy_mutation_aligned,Noisy mutation-aligned cue,10.5370896,0.0174682050986613,0.998315271351864,16.7838820571158,0.176354603749964,0,0.1,0.988308636054803,0.0443686006825939,0.534155422596379,0,0,9.55818192230738
41,delay_random_2_5,Random delay 2-5 frames,10.489485,0.0174682050986613,0.998466289370676,16.7308132859712,0.175815790075914,4,0.1,0.936720405983584,0.0443686006825939,0.534155422596379,4,0,8.56109690252691
41,noise_0p50,Noise sigma 0.50,10.479063,0.0174682050986612,0.998315271351864,18.3333638402726,0.191772931194706,0,0.1,0.945532701280453,0.0443686006825939,1.33538855649093,0,0,3.94183905075547
41,noise_1p00,Noise sigma 1.00,10.5857914,0.0174682050986612,0.998315271351864,18.3069605985246,0.191484068211865,0,0.1,1.29870082850835,0.0443686006825939,2.67077711298186,0,0,2.06972476023813
41,delay_10,Delay 10 frames,10.4288924,0.0174682050986613,0.998466289370676,16.0097827527568,0.168630387250032,8,0.1,1.30931364029642,0.0443686006825939,0.534155422596379,10,0,9.29770656319767
41,delay_20,Delay 20 frames,10.5761532,0.0174682050986613,0.998466289370676,21.3774434803931,0.222190985557789,8,0.1,1.28813435968847,0.0443686006825939,0.534155422596379,20,0,9.88914416435428
41,gain_0p25,Moderate attenuation (gain 0.25),10.6415544,0.0174682050986613,0.998315271351864,18.344698808581,0.191870854982932,0,0.1,1.12568546715335,0.0443686006825939,0.534155422596379,0,0,2.53775333286743
41,gain_0p10,Severe attenuation (gain 0.10),10.4625186,0.0174682050986613,0.998454763907823,23.512807936275,0.243414659686586,0,0.1,1.63672679748498,0.0443686006825939,0.534155422596379,0,0,1.13366761497944
41,random_noise_only,Random noise only,10.4831975,0.0174682050986613,0.998466289370676,23.8789405311253,0.247043034168981,8,0.1,1.44176174615994,0.0443686006825939,0.534155422596379,NaN,0,NaN
41,constant,Constant signal,10.4707768,0.0169730142085405,0.998486473940901,24.9609932412267,0.25797424855965,NaN,0.8,0,0,0.05,NaN,0,NaN
41,missing_random_0p30,Random missing 30% with causal hold,10.5453746,0.0174941563855166,0.998333374556665,15.8298098942888,0.166879889988457,0,0.1,1.17801417822509,0.037542662116041,0.534155422596379,0,0.282993197278912,9.55818192230738
41,missing_random_0p50,Random missing 50% with causal hold,10.6159608,0.0173113365261205,0.998288679954422,14.6538820261277,0.155097117330393,0,0.1,1.25551180761146,0.0290102389078498,0.534155422596379,0,0.477551020408163,9.55818192230738
41,missing_burst_20,Event burst missing 20 frames,10.5019142,0.0174682050986613,0.998466289370676,24.9682831710933,0.257972910358247,35,0.1,1.09945242486736,0.0443686006825939,0.534155422596379,0,0.0136054421768707,0
41,smooth_beta_0p90,Causal EWMA beta 0.90,10.6454912,0.0169736785383174,0.998338382917672,11.203660175683,0.12068534839594,0,0.1,1.75559400680435,0.00170648464163823,0.0635401070103237,0,0,7.81249270561768
41,smooth_beta_0p99,Causal EWMA beta 0.99,10.5032954,0.0169730142085405,0.998486473940901,24.9609932412267,0.25797424855965,NaN,0.8,0,0,0.05,0,0,0.999204792751058
41,clock_lead_20,Clock lead 20 frames,10.4668255,0.0180170221691696,0.998457719240647,24.8809915102362,0.257190962589852,8,0.757741262796859,0.078998941689017,0.052901023890785,0.534155422596379,-20,0,9.81313624862247
41,false_event_minus50,Additional false event at -50,10.5750477,0.016832419768432,0.998318447795027,16.7649881415264,0.176168247158119,0,0.1,0.988317292683135,0.052901023890785,0.534155422596379,0,0,9.55814852267236
41,compound_stress,Compound side-information stress,10.5226041,0.0174941563855166,0.998482295307052,16.7377219889883,0.175903192716777,8,0.1,2.0479380408101,0.037542662116041,1.33538855649093,10,0.282993197278912,1.80924940112841
42,fixed_huber,Huber fixed lambda 0.80,10.4949653,0.017019271645367,0.998881791042148,22.9641691463768,0.237699383073996,NaN,0.8,0,0,NaN,NaN,NaN,NaN
42,noise_free_mutation_aligned,Noise-free mutation-aligned cue,10.4664351,0.017019271645367,0.998536836359118,11.8875535736159,0.126737657138233,0,0.1,1.27892020650628,0,0.05,0,0,100
42,noisy_mutation_aligned,Noisy mutation-aligned cue,10.5744716,0.017019271645367,0.998536836359118,14.3389653093896,0.151285422962422,0,0.1,0.704482589594158,0,0.875415719396129,0,0,5.3016563807568
42,delay_random_2_5,Random delay 2-5 frames,10.4890067,0.017019271645367,0.998881791042148,14.088386640442,0.148790584558108,3,0.1,0.756916543363187,0,0.875415719396129,3,0,5.4420350711543
42,noise_0p50,Noise sigma 0.50,10.6095845,0.017019271645367,0.998536836359118,14.3523036875106,0.151418756936452,0,0.1,0.7,0,2.18853929849031,0,0,1.87471311993734
42,noise_1p00,Noise sigma 1.00,10.6057302,0.017019271645367,0.998881791042148,22.9641691463768,0.237699383073996,NaN,0.8,0,0,4.37707859698065,0,0,0.732398699664165
42,delay_10,Delay 10 frames,10.5745057,0.017019271645367,0.998881791042148,16.9561149359258,0.177538495375287,10,0.1,0.7,0,0.875415719396129,10,0,4.838262340937
42,delay_20,Delay 20 frames,10.6369852,0.017019271645367,0.998881791042148,21.2371831973026,0.220424443344309,20,0.1,0.723516748219766,0,0.875415719396129,20,0,6.01239331752781
42,gain_0p25,Moderate attenuation (gain 0.25),10.5825559,0.017019271645367,0.998536836359118,14.3523036875106,0.151418756936452,0,0.1,0.7,0,0.875415719396129,0,0,1.01797730473245
42,gain_0p10,Severe attenuation (gain 0.10),10.6528666,0.017019271645367,0.998881791042148,22.9641691463768,0.237699383073996,NaN,0.8,0,0,0.875415719396129,0,0,0.161241489527585
42,random_noise_only,Random noise only,10.4872541,0.017019271645367,0.998881791042148,22.9641691463768,0.237699383073996,NaN,0.8,0,0,0.875415719396129,NaN,0,NaN
42,constant,Constant signal,10.5326519,0.017019271645367,0.998881791042148,22.9641691463768,0.237699383073996,NaN,0.8,0,0,0.05,NaN,0,NaN
42,missing_random_0p30,Random missing 30% with causal hold,10.5895046,0.017019271645367,0.998536836359118,14.3295120823105,0.151190585092548,0,0.1,0.703477365213471,0,0.875415719396129,0,0.293197278911565,5.27973107488507
42,missing_random_0p50,Random missing 50% with causal hold,10.666601,0.017019271645367,0.998536836359118,13.7404263688559,0.145288486494649,0,0.1,0.795371552212434,0,0.875415719396129,0,0.491156462585034,5.27973107488507
42,missing_burst_20,Event burst missing 20 frames,10.461152,0.017019271645367,0.998881791042148,22.9641691463768,0.237699383073996,NaN,0.8,0,0,0.875415719396129,0,0.0136054421768707,0
42,smooth_beta_0p90,Causal EWMA beta 0.90,10.6007063,0.0170186222512363,0.998535501473804,7.80451140968878,0.0857806004019005,0,0.1,2.05519098039212,0.00134952766531714,0.0609694355103236,0,0,7.57495416932285
42,smooth_beta_0p99,Causal EWMA beta 0.99,10.6192476,0.017019271645367,0.998881791042148,22.9641691463768,0.237699383073996,NaN,0.8,0,0,0.05,0,0,0.921626372710733
42,clock_lead_20,Clock lead 20 frames,10.6259213,0.0171876897377553,0.998882942073316,22.8878997178645,0.236930357128167,NaN,0.8,0,0.00269905533063428,0.875415719396129,-20,0,5.49681720280635
42,false_event_minus50,Additional false event at -50,10.543931,0.0173398518083473,0.998539700285661,14.3474191473236,0.151366827517371,0,0.1,0.704484674102206,0.00134952766531714,0.875415719396129,0,0,5.30163600118654
42,compound_stress,Compound side-information stress,10.5981839,0.017019271645367,0.998881791042148,22.9641691463768,0.237699383073996,NaN,0.8,0,0,2.18853929849031,10,0.293197278911565,0
43,fixed_huber,Huber fixed lambda 0.80,10.5526582,0.0165326258592563,0.999076822863531,24.0143769434648,0.248012307132302,NaN,0.8,0,0,NaN,NaN,NaN,NaN
43,noise_free_mutation_aligned,Noise-free mutation-aligned cue,10.5759064,0.0165326258592563,0.998874606432994,11.6958781091156,0.124884050829926,0,0.1,1.27892020650628,0,0.05,0,0,100
43,noisy_mutation_aligned,Noisy mutation-aligned cue,10.4920611,0.0165269828291291,0.99887245753251,13.6696895072827,0.144632480041422,0,0.1,0.796038433907062,0.00495867768595041,0.752304145177738,0,0,6.80811348189287
43,delay_random_2_5,Random delay 2-5 frames,10.5435922,0.0165269828291291,0.999077298883623,14.6262377699752,0.154164002400365,3,0.1,0.73573704425089,0.00495867768595041,0.752304145177738,3,0,6.06671535906881
43,noise_0p50,Noise sigma 0.50,10.47283,0.0165269828291291,0.99887245753251,14.184638041326,0.149775488084702,0,0.1,0.7,0.00495867768595041,1.88076036294435,0,0,2.8203646183116
43,noise_1p00,Noise sigma 1.00,10.5368309,0.0165269828291291,0.99887245753251,14.184638041326,0.149797945608164,0,0.1,0.7,0.00495867768595041,3.76152072588871,0,0,1.49111499711784
43,delay_10,Delay 10 frames,10.7452118,0.0165269828291291,0.999077298883623,15.941915002047,0.167347638310575,10,0.1,0.803637037563303,0.00495867768595041,0.752304145177738,10,0,6.58486059405248
43,delay_20,Delay 20 frames,10.5760537,0.0165269828291291,0.999077298883623,21.4621601944037,0.222510787533941,20,0.1,0.759243972558205,0.00495867768595041,0.752304145177738,20,0,6.70924234440442
43,gain_0p25,Moderate attenuation (gain 0.25),10.4446064,0.0165269828291291,0.99887245753251,14.184638041326,0.149778114212743,0,0.1,0.7,0.00495867768595041,0.752304145177738,0,0,1.82342740241628
43,gain_0p10,Severe attenuation (gain 0.10),10.6022552,0.0165269828291291,0.999077298883623,24.0243702349239,0.24836145434476,NaN,0.8,0,0.00495867768595041,0.752304145177738,0,0,0.826490186520968
43,random_noise_only,Random noise only,10.5381551,0.0165269828291291,0.999077298883623,24.0243702349239,0.24836145434476,NaN,0.8,0,0.00495867768595041,0.752304145177738,NaN,0,NaN
43,constant,Constant signal,10.5849695,0.0165326258592563,0.999076822863531,24.0143769434648,0.248012307132302,NaN,0.8,0,0,0.05,NaN,0,NaN
43,missing_random_0p30,Random missing 30% with causal hold,10.6514884,0.016533739043235,0.998880969981934,13.088160155773,0.138813344936355,0,0.1,0.9003586053203,0.00165289256198347,0.752304145177738,0,0.313605442176871,6.80811348189287
43,missing_random_0p50,Random missing 50% with causal hold,10.4149686,0.0165344788228479,0.998883842014222,12.1528510898938,0.129450124546619,0,0.1,1.08103401596429,0.00330578512396694,0.752304145177738,0,0.506802721088435,6.80811348189287
43,missing_burst_20,Event burst missing 20 frames,10.5449352,0.0165269828291291,0.999077298883623,24.0243702349239,0.24836145434476,NaN,0.8,0,0.00495867768595041,0.752304145177738,0,0.0136054421768707,0
43,smooth_beta_0p90,Causal EWMA beta 0.90,10.5417642,0.016698463136994,0.998910856752209,8.46536533265391,0.0924641232348706,0,0.1,1.78481449763674,0.00495867768595041,0.0564859290132461,0,0,8.89477601014029
43,smooth_beta_0p99,Causal EWMA beta 0.99,10.5201477,0.0165326258592563,0.999074754847257,23.9329768260262,0.247197709044328,0,0.774857816967992,0.0251421830320078,0,0.05,0,0,1.00071834808663
43,clock_lead_20,Clock lead 20 frames,10.6440008,0.0166348985930211,0.999079997479316,23.8468048515123,0.24633599475364,NaN,0.8,0,0.00826446280991736,0.752304145177738,-20,0,7.13831926831092
43,false_event_minus50,Additional false event at -50,10.545145,0.0169708590300799,0.998877206829775,13.665401378675,0.144587733794198,0,0.1,0.796042581672138,0.0115702479338843,0.752304145177738,0,0,6.80808976728718
43,compound_stress,Compound side-information stress,10.5070386,0.016533739043235,0.999078677131216,23.933032315101,0.247198783065285,NaN,0.8,0,0.00165289256198347,1.88076036294435,10,0.313605442176871,0
44,fixed_huber,Huber fixed lambda 0.80,10.4452575,0.0156251084054687,1.00005469861834,24.3007928272083,0.251016949425264,NaN,0.8,0,0,NaN,NaN,NaN,NaN
44,noise_free_mutation_aligned,Noise-free mutation-aligned cue,10.5419057,0.0156251084054687,0.999850475533582,12.800958874394,0.135796231564188,0,0.1,1.27892020650628,0,0.05,0,0,100
44,noisy_mutation_aligned,Noisy mutation-aligned cue,10.565946,0.0155640336596208,0.999847693814651,14.2070532613956,0.149898113827486,0,0.1,0.912790459229768,0.016359918200409,0.667988576197977,0,0,7.66120072961499
44,delay_random_2_5,Random delay 2-5 frames,10.6559667,0.0155640336596208,1.00006280123222,14.626693268168,0.154071571383214,3,0.1,0.868117184901856,0.016359918200409,0.667988576197977,3,0,7.29493422619766
44,noise_0p50,Noise sigma 0.50,10.378187,0.0155640336596208,0.999847693814651,14.3276544099698,0.151107616918407,0,0.1,0.896104813908412,0.016359918200409,1.66997144049492,0,0,3.17010596108583
44,noise_1p00,Noise sigma 1.00,10.4340622,0.0155640336596208,0.999847693814651,14.3155710837533,0.150989236321612,0,0.1,0.917642854634456,0.016359918200409,3.33994288098985,0,0,1.67307437157609
44,delay_10,Delay 10 frames,10.5495821,0.0155640336596208,1.00005120927217,16.2512591161084,0.170517284727471,5,0.1,0.93981270877067,0.016359918200409,0.667988576197977,10,0,7.60374542766739
44,delay_20,Delay 20 frames,10.5528456,0.0155640336596208,1.00005120927217,21.3765355849701,0.221792524272388,5,0.1,1.00278054978586,0.016359918200409,0.667988576197977,20,0,7.82246255542384
44,gain_0p25,Moderate attenuation (gain 0.25),10.4482051,0.0155640336596208,0.999847693814651,14.3867042800286,0.151697454170504,0,0.1,0.89471911656833,0.016359918200409,0.667988576197977,0,0,2.0473322689535
44,gain_0p10,Severe attenuation (gain 0.10),10.5969734,0.0155640336596208,1.00005120927217,22.0768148093301,0.228924035411013,5,0.497341184024643,0.394282161995407,0.016359918200409,0.667988576197977,0,0,0.924558576821198
44,random_noise_only,Random noise only,10.4063021,0.0155640336596208,1.00005120927217,23.3661787741831,0.241792064308158,5,0.6594649229158,0.232482836996821,0.016359918200409,0.667988576197977,NaN,0,NaN
44,constant,Constant signal,10.4388775,0.0156251084054687,1.00005469861834,24.3007928272083,0.251016949425264,NaN,0.8,0,0,0.05,NaN,0,NaN
44,missing_random_0p30,Random missing 30% with causal hold,10.6049749,0.015631244718278,0.999888788404688,14.4382624924543,0.152199763685052,1,0.1,0.945601115350813,0.0102249488752556,0.667988576197977,0,0.310884353741497,0
44,missing_random_0p50,Random missing 50% with causal hold,10.4859403,0.0156295903546856,0.999891311378103,14.4294874292083,0.152129942455155,1,0.1,0.878767049509779,0.00613496932515337,0.667988576197977,0,0.508163265306122,0
44,missing_burst_20,Event burst missing 20 frames,10.4501166,0.0155640336596208,1.00005120927217,24.294198629723,0.251038709307399,48,0.704871197986211,0.0951288020137895,0.016359918200409,0.667988576197977,0,0.0136054421768707,0
44,smooth_beta_0p90,Causal EWMA beta 0.90,10.485749,0.0156284588407979,0.999852865393496,10.026061216441,0.107950124849124,0,0.1,1.97254769298635,0.0143149284253579,0.05,0,0,10.1166153748269
44,smooth_beta_0p99,Causal EWMA beta 0.99,10.5052361,0.0156251084054687,1.00005083558305,23.4864494164645,0.242902930647407,0,0.678596158364667,0.121403841635333,0,0.05,0,0,1.00346868118958
44,clock_lead_20,Clock lead 20 frames,10.6030321,0.0158393891114143,1.00004876630273,24.185648887401,0.249871719929973,5,0.793861945951918,0.00932429770442511,0.0204498977505112,0.667988576197977,-20,0,8.01552086465402
44,false_event_minus50,Additional false event at -50,10.6137336,0.0160347062148843,0.999849491712964,14.2067018414083,0.149893706333662,0,0.1,0.912795923656157,0.0224948875255624,0.667988576197977,0,0,7.66117402167896
44,compound_stress,Compound side-information stress,10.5237388,0.015631244718278,1.00005045306545,16.8885672328603,0.176916194486361,5,0.1,1.34826599661844,0.0102249488752556,1.66997144049492,10,0.310884353741497,0
45,fixed_huber,Huber fixed lambda 0.80,10.6669537,0.0161620950634323,1.0010658523585,24.5555273197342,0.253637387000148,NaN,0.8,0,0,NaN,NaN,NaN,NaN
45,noise_free_mutation_aligned,Noise-free mutation-aligned cue,10.4552904,0.0161620950634323,1.00121259186667,12.9578118540836,0.137676839841828,0,0.1,1.27892020650628,0,0.05,0,0,100
45,noisy_mutation_aligned,Noisy mutation-aligned cue,10.4546264,0.0161613516606289,1.00119745497354,14.974871430874,0.15778823611363,0,0.1,0.908313392370897,0.0290055248618785,0.620573355580643,0,0,8.25682862737314
45,delay_random_2_5,Random delay 2-5 frames,10.4805188,0.0161613516606289,1.00106424657839,15.0396962389512,0.158485071641017,2,0.1,0.903385820412034,0.0290055248618785,0.620573355580643,2,0,8.89333177020464
45,noise_0p50,Noise sigma 0.50,10.5351231,0.0161613516606289,1.00117475949121,15.5867005523127,0.163874803359975,0,0.1,0.819837393832697,0.0290055248618785,1.55143338895162,0,0,3.4225894950903
45,noise_1p00,Noise sigma 1.00,10.4651625,0.0161613516606289,1.00117475949121,15.1188457353903,0.159233634691991,0,0.1,0.944969848676691,0.0290055248618785,3.10286677790323,0,0,1.81117645099605
45,delay_10,Delay 10 frames,10.6485029,0.0161613516606289,1.00106424657839,16.1641912354326,0.169378761389294,5,0.1,0.994998739990744,0.0290055248618785,0.620573355580643,10,0,8.85982234001989
45,delay_20,Delay 20 frames,10.5682204,0.0161613516606289,1.00106424657839,21.6568631005649,0.224635611086288,5,0.1,0.969608832742751,0.0290055248618785,0.620573355580643,20,0,8.17779015480402
45,gain_0p25,Moderate attenuation (gain 0.25),10.6618638,0.0161613516606289,1.00117475949121,15.3598963151537,0.161621110418408,0,0.1,0.88232443761463,0.0290055248618785,0.620573355580643,0,0,2.21402971201962
45,gain_0p10,Severe attenuation (gain 0.10),10.5532133,0.0161613516606289,1.00106447862637,22.6929908788561,0.235129712483872,0,0.522283065074554,0.438957869113699,0.0290055248618785,0.620573355580643,0,0,1.00546992894892
45,random_noise_only,Random noise only,10.4632307,0.0161613516606289,1.00106424657839,23.6489123400693,0.244689506690302,5,0.648693829953499,0.299865369837051,0.0290055248618785,0.620573355580643,NaN,0,NaN
45,constant,Constant signal,10.5257483,0.0161620950634323,1.0010658523585,24.5555273197342,0.253637387000148,NaN,0.8,0,0,0.05,NaN,0,NaN
45,missing_random_0p30,Random missing 30% with causal hold,10.5898723,0.0161639779010885,1.0010542310042,15.1407864057644,0.159488431013697,2,0.1,0.885410004694857,0.0193370165745856,0.620573355580643,0,0.32312925170068,0
45,missing_random_0p50,Random missing 50% with causal hold,10.4587745,0.0161634287341907,1.00105883293863,15.112118430468,0.159197211032266,2,0.1,0.923735759507906,0.0138121546961326,0.620573355580643,0,0.529251700680272,0
45,missing_burst_20,Event burst missing 20 frames,10.524324,0.0161613516606289,1.00106424657839,24.5840585003007,0.254050437504708,33,0.648183153122022,0.151816846877978,0.0290055248618785,0.620573355580643,0,0.0136054421768707,0
45,smooth_beta_0p90,Causal EWMA beta 0.90,10.4523397,0.0165364379832145,1.00135320518624,9.87509619894944,0.106942111665658,0,0.1,1.99231645789554,0.0110497237569061,0.0533320187597535,0,0,9.2469161591489
45,smooth_beta_0p99,Causal EWMA beta 0.99,10.5285949,0.0161620950634323,1.0010658523585,24.5555273197342,0.253637387000148,NaN,0.8,0,0,0.05,0,0,0.981297837082025
45,clock_lead_20,Clock lead 20 frames,10.545285,0.0164489585610396,1.00107132498802,24.4928064301233,0.2530121151471,5,0.790664652580996,0.0175412317041223,0.0359116022099447,0.620573355580643,-20,0,7.40152857056032
45,false_event_minus50,Additional false event at -50,10.6151142,0.0166116250526893,1.00117106215215,14.9854832067554,0.157892275247788,0,0.1,0.908319012741824,0.0359116022099447,0.620573355580643,0,0,8.25679987880378
45,compound_stress,Compound side-information stress,10.4059333,0.0161639779010885,1.0010542310042,16.2870628037576,0.170611579862904,5,0.1,1.09190856760043,0.0193370165745856,1.55143338895162,10,0.32312925170068,2.41417016364279
46,fixed_huber,Huber fixed lambda 0.80,10.522592,0.0159012442109963,1.00061158225541,25.2880420003825,0.261278491325047,NaN,0.8,0,0,NaN,NaN,NaN,NaN
46,noise_free_mutation_aligned,Noise-free mutation-aligned cue,10.4526283,0.0159012442109963,1.00025755898188,15.0526072248876,0.158534126153759,0,0.1,1.27892020650628,0,0.05,0,0,100
46,noisy_mutation_aligned,Noisy mutation-aligned cue,10.5416341,0.0162025415616849,1.00051654838051,18.6030204292763,0.19380012859025,0,0.1,0.739609895221087,0.00583657587548638,0.81000139327886,0,0,6.33259411881824
46,delay_random_2_5,Random delay 2-5 frames,10.6501289,0.0162025415616849,1.00064828266453,18.2688698517627,0.190488501095961,2,0.1,0.78660456896542,0.00583657587548638,0.81000139327886,2,0,6.62914595732743
46,noise_0p50,Noise sigma 0.50,10.5414984,0.0162025415616849,1.00053000164132,18.3378711721516,0.191135547532879,0,0.1,0.7,0.00583657587548638,2.02500348319716,0,0,2.62889678583452
46,noise_1p00,Noise sigma 1.00,10.4942722,0.0162025415616849,1.00053000164132,18.3378711721516,0.19111981158574,0,0.1,0.7,0.00583657587548638,4.05000696639431,0,0,1.39433100817329
46,delay_10,Delay 10 frames,10.5476204,0.0162025415616849,1.0006037543119,17.7018839125836,0.185045828016749,10,0.1,0.707848687004434,0.00583657587548638,0.81000139327886,10,0,5.78771900423629
46,delay_20,Delay 20 frames,10.5212812,0.0162025415616849,1.0006037543119,22.390129919171,0.232245685525669,20,0.1,0.745491632743148,0.00583657587548638,0.81000139327886,20,0,6.21154058783923
46,gain_0p25,Moderate attenuation (gain 0.25),10.669844,0.0162025415616849,1.00053000164132,18.3378711721516,0.19112921197502,0,0.1,0.7,0.00583657587548638,0.81000139327886,0,0,1.7029724525886
46,gain_0p10,Severe attenuation (gain 0.10),10.574124,0.0162025415616849,1.0006037543119,25.2516915927877,0.260798070867695,NaN,0.8,0,0.00583657587548638,0.81000139327886,0,0,0.777048119342678
46,random_noise_only,Random noise only,10.4440465,0.0162025415616849,1.0006037543119,25.2516915927877,0.260802732133383,NaN,0.8,0,0.00583657587548638,0.81000139327886,NaN,0,NaN
46,constant,Constant signal,10.610321,0.0159012442109963,1.00061158225541,25.2880420003825,0.261278491325047,NaN,0.8,0,0,0.05,NaN,0,NaN
46,missing_random_0p30,Random missing 30% with causal hold,10.548676,0.015905385111045,1.00051317279508,18.3066905582512,0.190841349612308,0,0.1,0.739609895221087,0.00583657587548638,0.81000139327886,0,0.304761904761905,6.33259411881824
46,missing_random_0p50,Random missing 50% with causal hold,10.4964583,0.0159040394619934,1.00051753933603,18.4734353501861,0.192506259951977,0,0.1,0.739609895221087,0.00389105058365759,0.81000139327886,0,0.497959183673469,6.33259411881824
46,missing_burst_20,Event burst missing 20 frames,10.5117082,0.0162025415616849,1.0006037543119,25.2516915927877,0.260829294404917,NaN,0.8,0,0.00583657587548638,0.81000139327886,0,0.0136054421768707,0
46,smooth_beta_0p90,Causal EWMA beta 0.90,10.5701337,0.0159012442109963,0.999930718284699,12.0252360488372,0.128078310516899,0,0.1,1.60351648279446,0,0.0817657749050238,0,0,6.20229748992111
46,smooth_beta_0p99,Causal EWMA beta 0.99,10.4097249,0.0159012442109963,1.00061158225541,25.2880420003825,0.261278491325047,NaN,0.8,0,0,0.05,0,0,0.999598443894953
46,clock_lead_20,Clock lead 20 frames,10.6124046,0.0164047270240615,1.00060763096687,25.2741355301159,0.261129700017812,NaN,0.8,0,0.0136186770428016,0.81000139327886,-20,0,6.0143491057282
46,false_event_minus50,Additional false event at -50,10.5844405,0.0163056388321948,1.0005215271961,18.3338916157217,0.191112101966401,0,0.101948362339961,0.737555240593277,0.0116731517509728,0.81000139327886,0,0,6.33257209342877
46,compound_stress,Compound side-information stress,10.5634366,0.015905385111045,1.00060008456162,25.2137936797367,0.260505443249489,NaN,0.8,0,0.00583657587548638,2.02500348319716,10,0.304761904761905,0.849455893591344
47,fixed_huber,Huber fixed lambda 0.80,10.5984719,0.017189581220023,0.997218273094183,21.4178338357865,0.222516815955278,NaN,0.8,0,0,NaN,NaN,NaN,NaN
47,noise_free_mutation_aligned,Noise-free mutation-aligned cue,10.4878499,0.017189581220023,0.996884055269918,10.7930282268383,0.116101486113554,0,0.1,1.27892020650628,0,0.05,0,0,100
47,noisy_mutation_aligned,Noisy mutation-aligned cue,10.5327155,0.017189581220023,0.996884055269918,12.6939240911637,0.135140553377918,0,0.1,0.752695073925946,0,0.961628414352569,0,0,5.36756501714077
47,delay_random_2_5,Random delay 2-5 frames,10.5452915,0.017189581220023,0.997218273094183,13.0996503708013,0.139204182853807,3,0.1,0.745957779569813,0,0.961628414352569,3,0,5.31960696528136
47,noise_0p50,Noise sigma 0.50,10.357251,0.017189581220023,0.996884055269918,12.9495719416428,0.137704029369668,0,0.1,0.7,0,2.40407103588142,0,0,2.247856868729
47,noise_1p00,Noise sigma 1.00,10.6051386,0.017189581220023,0.996884055269918,12.9495719416428,0.137704029369668,0,0.1,0.7,0,4.80814207176283,0,0,1.20795415259174
47,delay_10,Delay 10 frames,10.5060507,0.017189581220023,0.997218273094183,14.8608766699537,0.15686992555686,10,0.1,0.762322330361668,0,0.961628414352569,10,0,5.90550669510908
47,delay_20,Delay 20 frames,10.5942858,0.017189581220023,0.997218273094183,20.2776069214618,0.211123603074142,20,0.1,0.70424157714847,0,0.961628414352569,20,0,5.96837599119922
47,gain_0p25,Moderate attenuation (gain 0.25),10.5801763,0.017189581220023,0.996884055269918,12.9495719416428,0.137704029369668,0,0.1,0.7,0,0.961628414352569,0,0,1.46792983162605
47,gain_0p10,Severe attenuation (gain 0.10),10.4473244,0.017189581220023,0.997218273094183,21.4178338357865,0.222516815955278,NaN,0.8,0,0,0.961628414352569,0,0,0.688002794523109
47,random_noise_only,Random noise only,10.46495,0.017189581220023,0.997218273094183,21.4178338357865,0.222516815955278,NaN,0.8,0,0,0.961628414352569,NaN,0,NaN
47,constant,Constant signal,10.5783134,0.017189581220023,0.997218273094183,21.4178338357865,0.222516815955278,NaN,0.8,0,0,0.05,NaN,0,NaN
47,missing_random_0p30,Random missing 30% with causal hold,10.5501084,0.017189581220023,0.996884055269918,12.2190008412278,0.130383722271438,0,0.1,0.849384447140338,0,0.961628414352569,0,0.316326530612245,5.36756501714077
47,missing_random_0p50,Random missing 50% with causal hold,10.493444,0.017189581220023,0.996884055269918,12.2073732488038,0.13026753546167,0,0.1,0.85594817672724,0,0.961628414352569,0,0.521768707482993,5.36756501714077
47,missing_burst_20,Event burst missing 20 frames,10.5635296,0.017189581220023,0.997218273094183,21.4178338357865,0.222516815955278,NaN,0.8,0,0,0.961628414352569,0,0.0136054421768707,0
47,smooth_beta_0p90,Causal EWMA beta 0.90,10.6532478,0.0172586496707252,0.996851347118877,8.07839648912567,0.0889159225494857,0,0.1,1.94707121132862,0.00505902192242833,0.0586250838871204,0,0,8.64574164902414
47,smooth_beta_0p99,Causal EWMA beta 0.99,10.5352921,0.017189581220023,0.996884055269918,12.9495719416428,0.137704029369668,0,0.1,0.7,0,0.05,0,0,1.02323080376717
47,clock_lead_20,Clock lead 20 frames,10.5973342,0.0174993423401205,0.997208074705311,21.3592411562486,0.221926784381764,NaN,0.8,0,0.00505902192242833,0.961628414352569,-20,0,5.01973124190776
47,false_event_minus50,Additional false event at -50,10.516583,0.0170803275565005,0.99687469199329,12.6871634442175,0.135072967378128,0,0.1,0.752697678540766,0.00505902192242833,0.961628414352569,0,0,5.36754646465636
47,compound_stress,Compound side-information stress,10.6187109,0.017189581220023,0.997218273094183,14.9970380508584,0.158233426788522,10,0.1,0.7,0,2.40407103588142,10,0.316326530612245,1.74589583056005
48,fixed_huber,Huber fixed lambda 0.80,10.5486281,0.0169232672420381,0.999897697129787,24.2012861404122,0.249577998401029,NaN,0.8,0,0,NaN,NaN,NaN,NaN
48,noise_free_mutation_aligned,Noise-free mutation-aligned cue,10.4603266,0.0169232672420381,0.999503435292155,13.4504770610971,0.14256048847255,0,0.1,1.27892020650628,0,0.05,0,0,100
48,noisy_mutation_aligned,Noisy mutation-aligned cue,10.5479618,0.0169220510388569,0.999544488784435,15.3116270316553,0.160936654457634,0,0.1,0.713021366603312,0.00125470514429109,0.969994257363405,0,0,5.34315551585413
48,delay_random_2_5,Random delay 2-5 frames,10.5565148,0.0169220510388569,0.999899669375815,14.9662574596618,0.156998998496875,4,0.1,0.768088749461443,0.00125470514429109,0.969994257363405,4,0,5.24432881624308
48,noise_0p50,Noise sigma 0.50,10.5549153,0.0169220510388569,0.999550691276115,15.3510236456557,0.161312344844831,0,0.1,0.7,0.00125470514429109,2.42498564340854,0,0,2.25035370055835
48,noise_1p00,Noise sigma 1.00,10.5658046,0.0169220510388569,0.999550691276115,15.3510236456557,0.161312344844831,0,0.1,0.7,0.00125470514429109,4.84997128681707,0,0,1.21941976212644
48,delay_10,Delay 10 frames,10.5184966,0.0169220510388569,0.999899669375815,16.0777803051519,0.168237160244671,10,0.1,0.731438769411067,0.00125470514429109,0.969994257363405,10,0,4.91964067932102
48,delay_20,Delay 20 frames,10.5372243,0.0169220510388569,0.999899669375815,21.825745864361,0.225770272252481,20,0.1,0.702780704906795,0.00125470514429109,0.969994257363405,20,0,5.20511375555571
48,gain_0p25,Moderate attenuation (gain 0.25),10.5538487,0.0169220510388569,0.999550691276115,15.3510236456557,0.161312344844831,0,0.1,0.7,0.00125470514429109,0.969994257363405,0,0,1.47715324673444
48,gain_0p10,Severe attenuation (gain 0.10),10.5200025,0.0169220510388569,0.999899669375815,24.174592607784,0.249319275678217,NaN,0.8,0,0.00125470514429109,0.969994257363405,0,0,0.703952792910497
48,random_noise_only,Random noise only,10.5179579,0.0169220510388569,0.999899669375815,24.174592607784,0.249319275678217,NaN,0.8,0,0.00125470514429109,0.969994257363405,NaN,0,NaN
48,constant,Constant signal,10.6520181,0.0169232672420381,0.999897697129787,24.2012861404122,0.249577998401029,NaN,0.8,0,0,0.05,NaN,0,NaN
48,missing_random_0p30,Random missing 30% with causal hold,10.5462676,0.0169220510388569,0.999544488784435,15.2068178540301,0.159901264175577,0,0.1,0.740412684582317,0.00125470514429109,0.969994257363405,0,0.298639455782313,5.34315551585413
48,missing_random_0p50,Random missing 50% with causal hold,10.6206462,0.0169232672420381,0.999897697129787,15.2825248856942,0.160159077941456,4,0.1,0.7,0,0.969994257363405,0,0.503401360544218,0
48,missing_burst_20,Event burst missing 20 frames,10.5497583,0.0169220510388569,0.999899669375815,24.174592607784,0.249319275678217,NaN,0.8,0,0.00125470514429109,0.969994257363405,0,0.0136054421768707,0
48,smooth_beta_0p90,Causal EWMA beta 0.90,10.6097403,0.0169234184284968,0.999503638688751,10.0554160738446,0.108575751304466,0,0.1,1.99558060098837,0.0125470514429109,0.0522442838178602,0,0,9.95047170386906
48,smooth_beta_0p99,Causal EWMA beta 0.99,10.6094813,0.0169232672420381,0.999548408832469,15.360325851302,0.161414316455827,0,0.1,0.7,0,0.05,0,0,1.03654016284253
48,clock_lead_20,Clock lead 20 frames,10.5602052,0.0168580823396323,0.999903779788797,24.1100479470869,0.248673065184085,NaN,0.8,0,0.00250941028858218,0.969994257363405,-20,0,5.24189988940998
48,false_event_minus50,Additional false event at -50,10.5717232,0.0172801728129103,0.999550670144775,15.3007290884145,0.160819521740571,0,0.1,0.713023795539701,0.00376411543287327,0.969994257363405,0,0,5.34313712337807
48,compound_stress,Compound side-information stress,10.6483303,0.0169220510388569,0.999899669375815,24.174592607784,0.249319275678217,NaN,0.8,0,0.00125470514429109,2.42498564340854,10,0.298639455782313,0.795904925593336
49,fixed_huber,Huber fixed lambda 0.80,10.588873,0.0155411492498162,1.00002977043011,25.2807309059674,0.261312670875818,NaN,0.8,0,0,NaN,NaN,NaN,NaN
49,noise_free_mutation_aligned,Noise-free mutation-aligned cue,10.5658277,0.0155411492498162,0.999866640855341,14.3702098356313,0.15227111344073,0,0.1,1.27892020650628,0,0.05,0,0,100
49,noisy_mutation_aligned,Noisy mutation-aligned cue,10.5325878,0.0155376263726218,0.999872626338659,16.8769132406398,0.177306336662038,0,0.1,0.775224361081351,0.0091324200913242,0.74263721544765,0,0,6.25646009194407
49,delay_random_2_5,Random delay 2-5 frames,10.4700447,0.0155376263726218,0.999891091396396,16.8355384207994,0.176897857903126,3,0.1,0.793342931105392,0.0091324200913242,0.74263721544765,3,0,6.9782917081907
49,noise_0p50,Noise sigma 0.50,10.4975598,0.0155376263726218,0.999870464260101,17.1556202940964,0.180080564695553,0,0.1,0.739729947727028,0.0091324200913242,1.85659303861913,0,0,2.21680258812284
49,noise_1p00,Noise sigma 1.00,10.5423824,0.0155376263726218,1.00003459465252,25.2198928971773,0.260897729577994,35,0.1,0.7,0.0091324200913242,3.71318607723826,0,0,0.870250086849096
49,delay_10,Delay 10 frames,10.5479094,0.0155376263726218,1.00003459465252,16.9149850903097,0.177708367084768,10,0.1,0.791144141741543,0.0091324200913242,0.74263721544765,10,0,6.98725370660556
49,delay_20,Delay 20 frames,10.508081,0.0155376263726218,1.00003459465252,22.0710695816606,0.229231771461347,20,0.1,0.758612540622554,0.0091324200913242,0.74263721544765,20,0,6.54656201961375
49,gain_0p25,Moderate attenuation (gain 0.25),10.6195742,0.0155376263726218,0.999870464260101,17.1540777066202,0.180271346222014,0,0.1,0.96119835675461,0.0091324200913242,0.74263721544765,0,0,1.20688821216754
49,gain_0p10,Severe attenuation (gain 0.10),10.6928554,0.0155376263726218,1.00003459465252,25.2198928971773,0.260897729577994,35,0.1,0.7,0.0091324200913242,0.74263721544765,0,0,0.196973836212229
49,random_noise_only,Random noise only,10.6425431,0.0155376263726218,1.00003459465252,25.2198928971773,0.260897729577994,35,0.1,0.7,0.0091324200913242,0.74263721544765,NaN,0,NaN
49,constant,Constant signal,10.5696739,0.0155411492498162,1.00002977043011,25.2807309059674,0.261312670875818,NaN,0.8,0,0,0.05,NaN,0,NaN
49,missing_random_0p30,Random missing 30% with causal hold,10.5360099,0.0155411173030107,0.999868718810911,16.2197579073582,0.170730903486794,0,0.1,0.908706013184638,0.0076103500761035,0.74263721544765,0,0.28843537414966,6.25646009194407
49,missing_random_0p50,Random missing 50% with causal hold,10.6510496,0.0155434223989068,0.999865207064699,16.335118021351,0.171881862186037,0,0.1,0.877334885939756,0.0030441400304414,0.74263721544765,0,0.495238095238095,6.94531557882592
49,missing_burst_20,Event burst missing 20 frames,10.6049117,0.0155376263726218,1.00003459465252,25.2198928971773,0.260897729577994,35,0.1,0.7,0.0091324200913242,0.74263721544765,0,0.0136054421768707,0
49,smooth_beta_0p90,Causal EWMA beta 0.90,10.5406283,0.0154303855506647,0.999896135576791,12.5754697190562,0.133892349235852,0,0.1,1.97841133565523,0.0167427701674277,0.05,0,0,9.66860013841707
49,smooth_beta_0p99,Causal EWMA beta 0.99,10.6984639,0.0155411492498162,1.00002977043011,25.2807309059674,0.261312670875818,NaN,0.8,0,0,0.05,0,0,0.976066244591216
49,clock_lead_20,Clock lead 20 frames,10.5131055,0.0159209105607705,1.00003511391848,25.2283097339894,0.260775360979096,35,0.791706643762631,0.00829335623736893,0.0167427701674277,0.74263721544765,-20,0,6.88598707801027
49,false_event_minus50,Additional false event at -50,10.5214497,0.0155991687741057,0.99986855434925,16.8581070411222,0.177124647576218,0,0.1,0.775230631969585,0.0121765601217656,0.74263721544765,0,0,6.25643606864469
49,compound_stress,Compound side-information stress,10.520077,0.0155411173030107,1.00003406892909,17.2116851365353,0.180646307194619,10,0.1,0.779259272766541,0.0076103500761035,1.85659303861913,10,0.28843537414966,1.60104370151058
50,fixed_huber,Huber fixed lambda 0.80,10.5162191,0.0158549883962499,0.998923338170903,22.744347789286,0.235242182894221,NaN,0.8,0,0,NaN,NaN,NaN,NaN
50,noise_free_mutation_aligned,Noise-free mutation-aligned cue,10.5802805,0.0158549883962499,0.998085167791769,11.8287186564462,0.12594529500679,0,0.1,1.27892020650628,0,0.05,0,0,100
50,noisy_mutation_aligned,Noisy mutation-aligned cue,10.5486548,0.0158549883962499,0.998085167791769,14.1090230157168,0.148774323174249,0,0.1,0.768448874703032,0,0.895080356229704,0,0,5.46217610867484
50,delay_random_2_5,Random delay 2-5 frames,10.4823135,0.0158549883962499,0.998923338170903,14.5887272605455,0.153544907970511,4,0.1,0.789745876654727,0,0.895080356229704,4,0,5.84117533333804
50,noise_0p50,Noise sigma 0.50,10.5615601,0.0158549883962499,0.998085167791769,14.4604086049531,0.152297182094633,0,0.1,0.7,0,2.23770089057429,0,0,2.11052172466316
50,noise_1p00,Noise sigma 1.00,10.5728028,0.0158549883962499,0.998923338170903,22.744347789286,0.235242182894221,NaN,0.8,0,0,4.47540178114855,0,0,0.993303596659296
50,delay_10,Delay 10 frames,10.4002157,0.0158549883962499,0.998923338170903,15.9619725433811,0.167324391045721,10,0.1,0.743202093668766,0,0.895080356229704,10,0,5.21330263536504
50,delay_20,Delay 20 frames,10.6389718,0.0158549883962499,0.998923338170903,20.9856017608877,0.217628035009774,20,0.1,0.712705159535146,0,0.895080356229704,20,0,5.31529751781069
50,gain_0p25,Moderate attenuation (gain 0.25),10.5238863,0.0158549883962499,0.998085167791769,14.4604086049531,0.152297182094633,0,0.1,0.7,0,0.895080356229704,0,0,1.27260812866027
50,gain_0p10,Severe attenuation (gain 0.10),10.6486445,0.0158549883962499,0.998923338170903,22.744347789286,0.235242182894221,NaN,0.8,0,0,0.895080356229704,0,0,0.434694532657361
50,random_noise_only,Random noise only,10.6511836,0.0158549883962499,0.998923338170903,22.744347789286,0.235242182894221,NaN,0.8,0,0,0.895080356229704,NaN,0,NaN
50,constant,Constant signal,10.4911326,0.0158549883962499,0.998923338170903,22.744347789286,0.235242182894221,NaN,0.8,0,0,0.05,NaN,0,NaN
50,missing_random_0p30,Random missing 30% with causal hold,10.4338484,0.0158549883962499,0.998286765694113,14.5110397711166,0.152785108307145,1,0.1,0.719629505566504,0,0.895080356229704,0,0.3,0
50,missing_random_0p50,Random missing 50% with causal hold,10.5495851,0.0158549883962499,0.998731222296106,14.6011750888676,0.153695832914058,2,0.1,0.725729030659432,0,0.895080356229704,0,0.510884353741497,0
50,missing_burst_20,Event burst missing 20 frames,10.5225785,0.0158549883962499,0.998923338170903,22.744347789286,0.235242182894221,NaN,0.8,0,0,0.895080356229704,0,0.0136054421768707,0
50,smooth_beta_0p90,Causal EWMA beta 0.90,10.5785188,0.0158481331873192,0.998077755325148,9.15800590569528,0.0992455699918812,0,0.1,1.99306085203299,0.0112044817927171,0.050775345860882,0,0,9.67968214592253
50,smooth_beta_0p99,Causal EWMA beta 0.99,10.554877,0.0158549883962499,0.998923338170903,22.744347789286,0.235242182894221,NaN,0.8,0,0,0.05,0,0,0.993054548794383
50,clock_lead_20,Clock lead 20 frames,10.6310045,0.0162304506515494,0.998929509553599,22.7094699980574,0.234895582509687,NaN,0.8,0,0.00140056022408964,0.895080356229704,-20,0,5.42401040199837
50,false_event_minus50,Additional false event at -50,10.5551386,0.0160876072131556,0.998084778603105,14.0920329386132,0.148606119255533,0,0.1,0.768452508690321,0.00420168067226891,0.895080356229704,0,0,5.4621561768374
50,compound_stress,Compound side-information stress,10.6410955,0.0158549883962499,0.998923338170903,22.744347789286,0.235242182894221,NaN,0.8,0,0,2.23770089057429,10,0.3,0.744430123349495
